Terminals unused in grammar

    rwENDDEF
    rwGLOBAL
    rwNIL
    rwENDIF
    rwENDWHILE
    rwENDFOR
    ILLEGAL_TOKEN
    CHRCONST
    opCAT


State 364 conflicts: 1 shift/reduce


Grammar

    0 $accept: start $end

    1 start: decl_list

    2 decl_list: ε
    3          | decl_list decl

    4 decl: stmt
    5     | fn_decl_stmt
    6     | package_decl

    7 package_decl: rwPACKAGE IDENT '{' fn_decl_list '}' ';'

    8 fn_decl_list: fn_decl_stmt
    9             | fn_decl_list fn_decl_stmt

   10 statement_list: ε
   11               | statement_list stmt

   12 stmt: if_stmt
   13     | while_stmt
   14     | for_stmt
   15     | foreach_stmt
   16     | datablock_decl
   17     | switch_stmt
   18     | rwBREAK ';'
   19     | rwCONTINUE ';'
   20     | rwRETURN ';'
   21     | rwRETURN expr ';'
   22     | rwRETURN '{' expr_list '}' ';'
   23     | expression_stmt ';'
   24     | TTAG '=' expr ';'
   25     | TTAG '=' expr ',' expr ';'
   26     | DOCBLOCK
   27     | '[' unpack_var_list ']' '=' expr ';'
   28     | '[' unpack_var_list ']' '=' '{' expr_list '}' ';'
   29     | '[' unpack_var_list ']' '=' '[' expr_list ']' ';'

   30 fn_decl_stmt: rwDEFINE IDENT '(' func_var_list_decl ')' '{' statement_list '}'
   31             | rwDEFINE IDENT opCOLONCOLON IDENT '(' func_var_list_decl ')' '{' statement_list '}'

   32 func_var_list_decl: ε
   33                   | func_var_list

   34 func_var_list: param
   35              | func_var_list ',' param

   36 param: VAR
   37      | VAR '?'
   38      | VAR '=' expr
   39      | VAR '?' '=' expr

   40 unpack_var_list: unpack_param
   41                | unpack_var_list ',' unpack_param

   42 unpack_param: VAR
   43             | VAR '?'

   44 datablock_decl: rwDATABLOCK class_name_expr '(' expr parent_block ')' '{' slot_assign_list_opt '}' ';'

   45 object_decl: rwDECLARE class_name_expr '(' object_name parent_block object_args ')' '{' object_declare_block '}'
   46            | rwDECLARE class_name_expr '(' object_name parent_block object_args ')'
   47            | rwDECLARE class_name_expr '(' '[' object_name ']' parent_block object_args ')' '{' object_declare_block '}'
   48            | rwDECLARE class_name_expr '(' '[' object_name ']' parent_block object_args ')'
   49            | rwDECLARESINGLETON class_name_expr '(' object_name parent_block object_args ')' '{' object_declare_block '}'
   50            | rwDECLARESINGLETON class_name_expr '(' object_name parent_block object_args ')'

   51 parent_block: ε
   52             | ':' IDENT

   53 object_name: ε
   54            | expr

   55 object_args: ε
   56            | ',' expr_list

   57 object_declare_block: ε
   58                     | slot_assign_list
   59                     | object_decl_list
   60                     | slot_assign_list object_decl_list

   61 object_decl_list: object_decl ';'
   62                 | object_decl_list object_decl ';'

   63 stmt_block: '{' statement_list '}'
   64           | stmt

   65 switch_stmt: rwSWITCH '(' expr ')' '{' case_block '}'
   66            | rwSWITCHSTR '(' expr ')' '{' case_block '}'

   67 case_block: rwCASE case_expr ':' statement_list
   68           | rwCASE case_expr ':' statement_list rwDEFAULT ':' statement_list
   69           | rwCASE case_expr ':' statement_list case_block

   70 case_expr: expr
   71          | case_expr rwCASEOR expr

   72 if_stmt: rwIF '(' expr ')' stmt_block
   73        | rwIF '(' expr ')' stmt_block rwELSE stmt_block

   74 while_stmt: rwWHILE '(' expr ')' stmt_block
   75           | rwDO stmt_block rwWHILE '(' expr ')'

   76 for_stmt: rwFOR '(' expr ';' expr ';' expr ')' stmt_block
   77         | rwFOR '(' expr ';' expr ';' ')' stmt_block
   78         | rwFOR '(' expr ';' ';' expr ')' stmt_block
   79         | rwFOR '(' expr ';' ';' ')' stmt_block
   80         | rwFOR '(' ';' expr ';' expr ')' stmt_block
   81         | rwFOR '(' ';' expr ';' ')' stmt_block
   82         | rwFOR '(' ';' ';' expr ')' stmt_block
   83         | rwFOR '(' ';' ';' ')' stmt_block
   84         | rwFOR '(' VAR rwIN expr opDOTDOT expr ')' stmt_block
   85         | rwFOR '(' VAR rwIN rwRANGE expr opDOTDOT expr ')' stmt_block
   86         | rwFOR '(' VAR rwIN expr opDOTDOT expr rwSTEP expr ')' stmt_block
   87         | rwFOR '(' VAR rwIN rwRANGE expr opDOTDOT expr rwSTEP expr ')' stmt_block
   88         | rwFOR '(' VAR rwIN rwRANGE expr ')' stmt_block

   89 foreach_stmt: rwFOREACH '(' VAR rwIN expr ')' stmt_block
   90             | rwFOREACHSTR '(' VAR rwIN expr ')' stmt_block
   91             | rwFOREACH '(' VAR rwIN expr opDOTDOT expr ')' stmt_block
   92             | rwFOREACH '(' VAR rwIN rwRANGE expr opDOTDOT expr ')' stmt_block
   93             | rwFOREACH '(' VAR rwIN expr opDOTDOT expr rwSTEP expr ')' stmt_block
   94             | rwFOREACH '(' VAR rwIN rwRANGE expr opDOTDOT expr rwSTEP expr ')' stmt_block
   95             | rwFOREACH '(' VAR rwIN rwRANGE expr ')' stmt_block

   96 expression_stmt: stmt_expr

   97 expr: stmt_expr
   98     | '(' expr ')'
   99     | expr '^' expr
  100     | expr '%' expr
  101     | expr '&' expr
  102     | expr '|' expr
  103     | expr '+' expr
  104     | expr '-' expr
  105     | expr '*' expr
  106     | expr '/' expr
  107     | '-' expr
  108     | '*' expr
  109     | TTAG
  110     | expr '?' expr ':' expr
  111     | expr '?' '{' expr_list '}' ':' '{' expr_list '}'
  112     | expr '?' expr ':' '{' expr_list '}'
  113     | expr '?' '{' expr_list '}' ':' expr
  114     | expr '<' expr
  115     | expr '>' expr
  116     | expr opGE expr
  117     | expr opLE expr
  118     | expr opEQ expr
  119     | expr opNE expr
  120     | expr opOR expr
  121     | expr opSHL expr
  122     | expr opSHR expr
  123     | expr opAND expr
  124     | expr opSTREQ expr
  125     | expr opSTRNE expr
  126     | expr '@' expr
  127     | '!' expr
  128     | '~' expr
  129     | TAGATOM
  130     | FLTCONST
  131     | INTCONST
  132     | rwBREAK
  133     | slot_acc
  134     | intslot_acc
  135     | IDENT
  136     | STRATOM
  137     | VAR
  138     | VAR '[' aidx_expr ']'
  139     | rwFN '(' func_var_list_decl ')' '{' statement_list '}'

  140 slot_acc: expr '.' IDENT
  141         | expr '.' IDENT '[' aidx_expr ']'

  142 intslot_acc: expr opINTNAME class_name_expr
  143            | expr opINTNAMER class_name_expr

  144 class_name_expr: IDENT
  145                | '(' expr ')'

  146 assign_op_struct: opPLUSPLUS
  147                 | opMINUSMINUS
  148                 | opPLASN expr
  149                 | opMIASN expr
  150                 | opMLASN expr
  151                 | opDVASN expr
  152                 | opMODASN expr
  153                 | opANDASN expr
  154                 | opXORASN expr
  155                 | opORASN expr
  156                 | opSLASN expr
  157                 | opSRASN expr

  158 stmt_expr: funcall_expr
  159          | assert_expr
  160          | inline_command_expr
  161          | object_decl
  162          | VAR '=' expr
  163          | VAR '=' '{' expr_list '}'
  164          | VAR '=' '[' expr_list ']'
  165          | VAR '[' aidx_expr ']' '=' expr
  166          | VAR '[' aidx_expr ']' '=' '{' expr_list '}'
  167          | VAR assign_op_struct
  168          | VAR '[' aidx_expr ']' assign_op_struct
  169          | slot_acc assign_op_struct
  170          | slot_acc '=' expr
  171          | slot_acc '=' '{' expr_list '}'
  172          | slot_acc '=' '[' expr_list ']'

  173 funcall_expr: IDENT '(' func_arg_list_decl ')'
  174             | IDENT opCOLONCOLON IDENT '(' func_arg_list_decl ')'
  175             | expr '.' IDENT '(' func_arg_list_decl ')'
  176             | VAR '(' func_arg_list_decl ')'

  177 func_arg_item: expr
  178              | '{' expr_list '}'

  179 func_arg_list: func_arg_item
  180              | func_arg_list ',' func_arg_item

  181 func_arg_list_decl: ε
  182                   | func_arg_list

  183 assert_expr: rwASSERT '(' expr ')'
  184            | rwASSERT '(' expr ',' STRATOM ')'

  185 inline_command_expr: rwPRINT '(' expr_list ')'
  186                    | rwPRINTF '(' expr_list ')'
  187                    | rwSPRINTF '(' expr_list ')'
  188                    | rwRANDOMF '(' ')'
  189                    | rwRANDOMF '(' expr_list ')'
  190                    | rwFLOOR '(' expr_list ')'
  191                    | rwCEIL '(' expr_list ')'
  192                    | rwFABS '(' expr_list ')'
  193                    | rwSIN '(' expr_list ')'
  194                    | rwCOS '(' expr_list ')'
  195                    | rwATAN '(' expr_list ')'
  196                    | rwTANH '(' expr_list ')'
  197                    | rwSQRT '(' expr_list ')'
  198                    | rwISZERO '(' expr_list ')'
  199                    | rwFMOD '(' expr_list ')'
  200                    | rwMIN '(' expr_list ')'
  201                    | rwMAX '(' expr_list ')'
  202                    | rwATAN2 '(' expr_list ')'
  203                    | rwPOW '(' expr_list ')'
  204                    | rwCLAMP '(' expr_list ')'
  205                    | rwCLAMPF '(' expr_list ')'
  206                    | rwLERP '(' expr_list ')'
  207                    | rwSMOOTHSTEP '(' expr_list ')'

  208 expr_list: expr
  209          | expr_list ',' expr

  210 slot_assign_list_opt: ε
  211                     | slot_assign_list

  212 slot_assign_list: slot_assign
  213                 | slot_assign_list slot_assign

  214 slot_assign: IDENT '=' expr ';'
  215            | IDENT '=' '{' expr_list '}' ';'
  216            | IDENT '=' '[' expr_list ']' ';'
  217            | TYPEIDENT IDENT '=' expr ';'
  218            | TYPEIDENT IDENT '=' '{' expr_list '}' ';'
  219            | rwDATABLOCK '=' expr ';'
  220            | IDENT '[' aidx_expr ']' '=' expr ';'
  221            | IDENT '[' aidx_expr ']' '=' '{' expr_list '}' ';'
  222            | TYPEIDENT IDENT '[' aidx_expr ']' '=' expr ';'

  223 aidx_expr: expr
  224          | aidx_expr ',' expr


Terminals, with rules where they appear

    $end (0) 0
    '!' <i> (33) 127
    '%' <i> (37) 100
    '&' <i> (38) 101
    '(' <i> (40) 30 31 44 45 46 47 48 49 50 65 66 72 73 74 75 76 77 78 79 80 81 82 83 84 85 86 87 88 89 90 91 92 93 94 95 98 139 145 173 174 175 176 183 184 185 186 187 188 189 190 191 192 193 194 195 196 197 198 199 200 201 202 203 204 205 206 207
    ')' <i> (41) 30 31 44 45 46 47 48 49 50 65 66 72 73 74 75 76 77 78 79 80 81 82 83 84 85 86 87 88 89 90 91 92 93 94 95 98 139 145 173 174 175 176 183 184 185 186 187 188 189 190 191 192 193 194 195 196 197 198 199 200 201 202 203 204 205 206 207
    '*' <i> (42) 105 108
    '+' <i> (43) 103
    ',' <i> (44) 25 35 41 56 180 184 209 224
    '-' <i> (45) 104 107
    '.' <i> (46) 140 141 175
    '/' <i> (47) 106
    ':' <i> (58) 52 67 68 69 110 111 112 113
    ';' <i> (59) 7 18 19 20 21 22 23 24 25 27 28 29 44 61 62 76 77 78 79 80 81 82 83 214 215 216 217 218 219 220 221 222
    '<' <i> (60) 114
    '=' <i> (61) 24 25 27 28 29 38 39 162 163 164 165 166 170 171 172 214 215 216 217 218 219 220 221 222
    '>' <i> (62) 115
    '?' (63) 37 39 43 110 111 112 113
    '@' <i> (64) 126
    '[' (91) 27 28 29 47 48 138 141 164 165 166 168 172 216 220 221 222
    ']' (93) 27 28 29 47 48 138 141 164 165 166 168 172 216 220 221 222
    '^' <i> (94) 99
    '{' <i> (123) 7 22 28 30 31 44 45 47 49 63 65 66 111 112 113 139 163 166 171 178 215 218 221
    '|' <i> (124) 102
    '}' <i> (125) 7 22 28 30 31 44 45 47 49 63 65 66 111 112 113 139 163 166 171 178 215 218 221
    '~' <i> (126) 128
    error (256)
    rwDEFINE <i> (258) 30 31
    rwENDDEF <i> (259)
    rwDECLARE <i> (260) 45 46 47 48
    rwDECLARESINGLETON <i> (261) 49 50
    rwBREAK <i> (262) 18 132
    rwELSE <i> (263) 73
    rwCONTINUE <i> (264) 19
    rwGLOBAL <i> (265)
    rwIF <i> (266) 72 73
    rwNIL <i> (267)
    rwRETURN <i> (268) 20 21 22
    rwWHILE <i> (269) 74 75
    rwDO <i> (270) 75
    rwENDIF <i> (271)
    rwENDWHILE <i> (272)
    rwENDFOR <i> (273)
    rwDEFAULT <i> (274) 68
    rwFOR <i> (275) 76 77 78 79 80 81 82 83 84 85 86 87 88
    rwFOREACH <i> (276) 89 91 92 93 94 95
    rwFOREACHSTR <i> (277) 90
    rwIN <i> (278) 84 85 86 87 88 89 90 91 92 93 94 95
    rwDATABLOCK <i> (279) 44 219
    rwSWITCH <i> (280) 65
    rwCASE <i> (281) 67 68 69
    rwSWITCHSTR <i> (282) 66
    rwCASEOR <i> (283) 71
    rwPACKAGE <i> (284) 7
    rwASSERT <i> (285) 183 184
    ILLEGAL_TOKEN (286)
    CHRCONST <c> (287)
    INTCONST <i> (288) 131
    TTAG <s> (289) 24 25 109
    VAR <s> (290) 36 37 38 39 42 43 84 85 86 87 88 89 90 91 92 93 94 95 137 138 162 163 164 165 166 167 168 176
    IDENT <s> (291) 7 30 31 52 135 140 141 144 173 174 175 214 215 216 217 218 220 221 222
    TYPEIDENT <i> (292) 217 218 222
    DOCBLOCK <str> (293) 26
    STRATOM <str> (294) 136 184
    TAGATOM <str> (295) 129
    FLTCONST <f> (296) 130
    opINTNAME <i> (297) 142
    opINTNAMER <i> (298) 143
    opMINUSMINUS <i> (299) 147
    opPLUSPLUS <i> (300) 146
    opSHL <i> (301) 121
    opSHR <i> (302) 122
    opPLASN <i> (303) 148
    opMIASN <i> (304) 149
    opMLASN <i> (305) 150
    opDVASN <i> (306) 151
    opMODASN <i> (307) 152
    opANDASN <i> (308) 153
    opXORASN <i> (309) 154
    opORASN <i> (310) 155
    opSLASN <i> (311) 156
    opSRASN <i> (312) 157
    opCAT <i> (313)
    opEQ <i> (314) 118
    opNE <i> (315) 119
    opGE <i> (316) 116
    opLE <i> (317) 117
    opAND <i> (318) 123
    opOR <i> (319) 120
    opSTREQ <i> (320) 124
    opSTRNE <i> (321) 125
    opCOLONCOLON <i> (322) 31 174
    opDOTDOT <i> (323) 84 85 86 87 91 92 93 94
    rwRANGE <i> (324) 85 87 88 92 94 95
    rwSTEP <i> (325) 86 87 93 94
    rwPRINT <i> (326) 185
    rwPRINTF <i> (327) 186
    rwSPRINTF <i> (328) 187
    rwRANDOMF <i> (329) 188 189
    rwFLOOR <i> (330) 190
    rwCEIL <i> (331) 191
    rwFABS <i> (332) 192
    rwSIN <i> (333) 193
    rwCOS <i> (334) 194
    rwATAN <i> (335) 195
    rwTANH <i> (336) 196
    rwSQRT <i> (337) 197
    rwISZERO <i> (338) 198
    rwFMOD <i> (339) 199
    rwMIN <i> (340) 200
    rwMAX <i> (341) 201
    rwATAN2 <i> (342) 202
    rwPOW <i> (343) 203
    rwCLAMP <i> (344) 204
    rwCLAMPF <i> (345) 205
    rwLERP <i> (346) 206
    rwSMOOTHSTEP <i> (347) 207
    rwFN <i> (348) 139
    UNARY (349)


Nonterminals, with rules where they appear

    $accept (120)
        on left: 0
    start (121)
        on left: 1
        on right: 0
    decl_list <stmt> (122)
        on left: 2 3
        on right: 1 3
    decl <stmt> (123)
        on left: 4 5 6
        on right: 3
    package_decl <stmt> (124)
        on left: 7
        on right: 6
    fn_decl_list <stmt> (125)
        on left: 8 9
        on right: 7 9
    statement_list <stmt> (126)
        on left: 10 11
        on right: 11 30 31 63 67 68 69 139
    stmt <stmt> (127)
        on left: 12 13 14 15 16 17 18 19 20 21 22 23 24 25 26 27 28 29
        on right: 4 11 64
    fn_decl_stmt <stmt> (128)
        on left: 30 31
        on right: 5 8 9
    func_var_list_decl <var> (129)
        on left: 32 33
        on right: 30 31 139
    func_var_list <var> (130)
        on left: 34 35
        on right: 33 35
    param <var> (131)
        on left: 36 37 38 39
        on right: 34 35
    unpack_var_list <var> (132)
        on left: 40 41
        on right: 27 28 29 41
    unpack_param <var> (133)
        on left: 42 43
        on right: 40 41
    datablock_decl <stmt> (134)
        on left: 44
        on right: 16
    object_decl <od> (135)
        on left: 45 46 47 48 49 50
        on right: 61 62 161
    parent_block <s> (136)
        on left: 51 52
        on right: 44 45 46 47 48 49 50
    object_name <expr> (137)
        on left: 53 54
        on right: 45 46 47 48 49 50
    object_args <expr> (138)
        on left: 55 56
        on right: 45 46 47 48 49 50
    object_declare_block <odcl> (139)
        on left: 57 58 59 60
        on right: 45 47 49
    object_decl_list <od> (140)
        on left: 61 62
        on right: 59 60 62
    stmt_block <stmt> (141)
        on left: 63 64
        on right: 72 73 74 75 76 77 78 79 80 81 82 83 84 85 86 87 88 89 90 91 92 93 94 95
    switch_stmt <stmt> (142)
        on left: 65 66
        on right: 17
    case_block <ifnode> (143)
        on left: 67 68 69
        on right: 65 66 69
    case_expr <expr> (144)
        on left: 70 71
        on right: 67 68 69 71
    if_stmt <stmt> (145)
        on left: 72 73
        on right: 12
    while_stmt <stmt> (146)
        on left: 74 75
        on right: 13
    for_stmt <stmt> (147)
        on left: 76 77 78 79 80 81 82 83 84 85 86 87 88
        on right: 14
    foreach_stmt <stmt> (148)
        on left: 89 90 91 92 93 94 95
        on right: 15
    expression_stmt <stmt> (149)
        on left: 96
        on right: 23
    expr <expr> (150)
        on left: 97 98 99 100 101 102 103 104 105 106 107 108 109 110 111 112 113 114 115 116 117 118 119 120 121 122 123 124 125 126 127 128 129 130 131 132 133 134 135 136 137 138 139
        on right: 21 24 25 27 38 39 44 54 65 66 70 71 72 73 74 75 76 77 78 79 80 81 82 84 85 86 87 88 89 90 91 92 93 94 95 98 99 100 101 102 103 104 105 106 107 108 110 111 112 113 114 115 116 117 118 119 120 121 122 123 124 125 126 127 128 140 141 142 143 145 148 149 150 151 152 153 154 155 156 157 162 165 170 175 177 183 184 208 209 214 217 219 220 222 223 224
    slot_acc <slot> (151)
        on left: 140 141
        on right: 133 169 170 171 172
    intslot_acc <intslot> (152)
        on left: 142 143
        on right: 134
    class_name_expr <expr> (153)
        on left: 144 145
        on right: 44 45 46 47 48 49 50 142 143
    assign_op_struct <asn> (154)
        on left: 146 147 148 149 150 151 152 153 154 155 156 157
        on right: 167 168 169
    stmt_expr <expr> (155)
        on left: 158 159 160 161 162 163 164 165 166 167 168 169 170 171 172
        on right: 96 97
    funcall_expr <expr> (156)
        on left: 173 174 175 176
        on right: 158
    func_arg_item <expr> (157)
        on left: 177 178
        on right: 179 180
    func_arg_list <expr> (158)
        on left: 179 180
        on right: 180 182
    func_arg_list_decl <expr> (159)
        on left: 181 182
        on right: 173 174 175 176
    assert_expr <expr> (160)
        on left: 183 184
        on right: 159
    inline_command_expr <expr> (161)
        on left: 185 186 187 188 189 190 191 192 193 194 195 196 197 198 199 200 201 202 203 204 205 206 207
        on right: 160
    expr_list <expr> (162)
        on left: 208 209
        on right: 22 28 29 56 111 112 113 163 164 166 171 172 178 185 186 187 189 190 191 192 193 194 195 196 197 198 199 200 201 202 203 204 205 206 207 209 215 216 218 221
    slot_assign_list_opt <slist> (163)
        on left: 210 211
        on right: 44
    slot_assign_list <slist> (164)
        on left: 212 213
        on right: 58 60 211 213
    slot_assign <slist> (165)
        on left: 214 215 216 217 218 219 220 221 222
        on right: 212 213
    aidx_expr <expr> (166)
        on left: 223 224
        on right: 138 141 165 166 168 220 221 222 224


State 0

    0 $accept: • start $end

    $default  reduce using rule 2 (decl_list)

    start      go to state 1
    decl_list  go to state 2


State 1

    0 $accept: start • $end

    $end  shift, and go to state 3


State 2

    1 start: decl_list •
    3 decl_list: decl_list • decl

    rwDEFINE            shift, and go to state 4
    rwDECLARE           shift, and go to state 5
    rwDECLARESINGLETON  shift, and go to state 6
    rwBREAK             shift, and go to state 7
    rwCONTINUE          shift, and go to state 8
    rwIF                shift, and go to state 9
    rwRETURN            shift, and go to state 10
    rwWHILE             shift, and go to state 11
    rwDO                shift, and go to state 12
    rwFOR               shift, and go to state 13
    rwFOREACH           shift, and go to state 14
    rwFOREACHSTR        shift, and go to state 15
    rwDATABLOCK         shift, and go to state 16
    rwSWITCH            shift, and go to state 17
    rwSWITCHSTR         shift, and go to state 18
    rwPACKAGE           shift, and go to state 19
    rwASSERT            shift, and go to state 20
    INTCONST            shift, and go to state 21
    TTAG                shift, and go to state 22
    VAR                 shift, and go to state 23
    IDENT               shift, and go to state 24
    DOCBLOCK            shift, and go to state 25
    STRATOM             shift, and go to state 26
    TAGATOM             shift, and go to state 27
    FLTCONST            shift, and go to state 28
    '-'                 shift, and go to state 29
    '*'                 shift, and go to state 30
    '('                 shift, and go to state 31
    '~'                 shift, and go to state 32
    '!'                 shift, and go to state 33
    rwPRINT             shift, and go to state 34
    rwPRINTF            shift, and go to state 35
    rwSPRINTF           shift, and go to state 36
    rwRANDOMF           shift, and go to state 37
    rwFLOOR             shift, and go to state 38
    rwCEIL              shift, and go to state 39
    rwFABS              shift, and go to state 40
    rwSIN               shift, and go to state 41
    rwCOS               shift, and go to state 42
    rwATAN              shift, and go to state 43
    rwTANH              shift, and go to state 44
    rwSQRT              shift, and go to state 45
    rwISZERO            shift, and go to state 46
    rwFMOD              shift, and go to state 47
    rwMIN               shift, and go to state 48
    rwMAX               shift, and go to state 49
    rwATAN2             shift, and go to state 50
    rwPOW               shift, and go to state 51
    rwCLAMP             shift, and go to state 52
    rwCLAMPF            shift, and go to state 53
    rwLERP              shift, and go to state 54
    rwSMOOTHSTEP        shift, and go to state 55
    rwFN                shift, and go to state 56
    '['                 shift, and go to state 57

    $default  reduce using rule 1 (start)

    decl                 go to state 58
    package_decl         go to state 59
    stmt                 go to state 60
    fn_decl_stmt         go to state 61
    datablock_decl       go to state 62
    object_decl          go to state 63
    switch_stmt          go to state 64
    if_stmt              go to state 65
    while_stmt           go to state 66
    for_stmt             go to state 67
    foreach_stmt         go to state 68
    expression_stmt      go to state 69
    expr                 go to state 70
    slot_acc             go to state 71
    intslot_acc          go to state 72
    stmt_expr            go to state 73
    funcall_expr         go to state 74
    assert_expr          go to state 75
    inline_command_expr  go to state 76


State 3

    0 $accept: start $end •

    $default  accept


State 4

   30 fn_decl_stmt: rwDEFINE • IDENT '(' func_var_list_decl ')' '{' statement_list '}'
   31             | rwDEFINE • IDENT opCOLONCOLON IDENT '(' func_var_list_decl ')' '{' statement_list '}'

    IDENT  shift, and go to state 77


State 5

   45 object_decl: rwDECLARE • class_name_expr '(' object_name parent_block object_args ')' '{' object_declare_block '}'
   46            | rwDECLARE • class_name_expr '(' object_name parent_block object_args ')'
   47            | rwDECLARE • class_name_expr '(' '[' object_name ']' parent_block object_args ')' '{' object_declare_block '}'
   48            | rwDECLARE • class_name_expr '(' '[' object_name ']' parent_block object_args ')'

    IDENT  shift, and go to state 78
    '('    shift, and go to state 79

    class_name_expr  go to state 80


State 6

   49 object_decl: rwDECLARESINGLETON • class_name_expr '(' object_name parent_block object_args ')' '{' object_declare_block '}'
   50            | rwDECLARESINGLETON • class_name_expr '(' object_name parent_block object_args ')'

    IDENT  shift, and go to state 78
    '('    shift, and go to state 79

    class_name_expr  go to state 81


State 7

   18 stmt: rwBREAK • ';'
  132 expr: rwBREAK •

    ';'  shift, and go to state 82

    $default  reduce using rule 132 (expr)


State 8

   19 stmt: rwCONTINUE • ';'

    ';'  shift, and go to state 83


State 9

   72 if_stmt: rwIF • '(' expr ')' stmt_block
   73        | rwIF • '(' expr ')' stmt_block rwELSE stmt_block

    '('  shift, and go to state 84


State 10

   20 stmt: rwRETURN • ';'
   21     | rwRETURN • expr ';'
   22     | rwRETURN • '{' expr_list '}' ';'

    rwDECLARE           shift, and go to state 5
    rwDECLARESINGLETON  shift, and go to state 6
    rwBREAK             shift, and go to state 85
    rwASSERT            shift, and go to state 20
    INTCONST            shift, and go to state 21
    TTAG                shift, and go to state 86
    VAR                 shift, and go to state 23
    IDENT               shift, and go to state 24
    STRATOM             shift, and go to state 26
    TAGATOM             shift, and go to state 27
    FLTCONST            shift, and go to state 28
    '-'                 shift, and go to state 29
    '*'                 shift, and go to state 30
    '('                 shift, and go to state 31
    ';'                 shift, and go to state 87
    '{'                 shift, and go to state 88
    '~'                 shift, and go to state 32
    '!'                 shift, and go to state 33
    rwPRINT             shift, and go to state 34
    rwPRINTF            shift, and go to state 35
    rwSPRINTF           shift, and go to state 36
    rwRANDOMF           shift, and go to state 37
    rwFLOOR             shift, and go to state 38
    rwCEIL              shift, and go to state 39
    rwFABS              shift, and go to state 40
    rwSIN               shift, and go to state 41
    rwCOS               shift, and go to state 42
    rwATAN              shift, and go to state 43
    rwTANH              shift, and go to state 44
    rwSQRT              shift, and go to state 45
    rwISZERO            shift, and go to state 46
    rwFMOD              shift, and go to state 47
    rwMIN               shift, and go to state 48
    rwMAX               shift, and go to state 49
    rwATAN2             shift, and go to state 50
    rwPOW               shift, and go to state 51
    rwCLAMP             shift, and go to state 52
    rwCLAMPF            shift, and go to state 53
    rwLERP              shift, and go to state 54
    rwSMOOTHSTEP        shift, and go to state 55
    rwFN                shift, and go to state 56

    object_decl          go to state 63
    expr                 go to state 89
    slot_acc             go to state 71
    intslot_acc          go to state 72
    stmt_expr            go to state 90
    funcall_expr         go to state 74
    assert_expr          go to state 75
    inline_command_expr  go to state 76


State 11

   74 while_stmt: rwWHILE • '(' expr ')' stmt_block

    '('  shift, and go to state 91


State 12

   75 while_stmt: rwDO • stmt_block rwWHILE '(' expr ')'

    rwDECLARE           shift, and go to state 5
    rwDECLARESINGLETON  shift, and go to state 6
    rwBREAK             shift, and go to state 7
    rwCONTINUE          shift, and go to state 8
    rwIF                shift, and go to state 9
    rwRETURN            shift, and go to state 10
    rwWHILE             shift, and go to state 11
    rwDO                shift, and go to state 12
    rwFOR               shift, and go to state 13
    rwFOREACH           shift, and go to state 14
    rwFOREACHSTR        shift, and go to state 15
    rwDATABLOCK         shift, and go to state 16
    rwSWITCH            shift, and go to state 17
    rwSWITCHSTR         shift, and go to state 18
    rwASSERT            shift, and go to state 20
    INTCONST            shift, and go to state 21
    TTAG                shift, and go to state 22
    VAR                 shift, and go to state 23
    IDENT               shift, and go to state 24
    DOCBLOCK            shift, and go to state 25
    STRATOM             shift, and go to state 26
    TAGATOM             shift, and go to state 27
    FLTCONST            shift, and go to state 28
    '-'                 shift, and go to state 29
    '*'                 shift, and go to state 30
    '('                 shift, and go to state 31
    '{'                 shift, and go to state 92
    '~'                 shift, and go to state 32
    '!'                 shift, and go to state 33
    rwPRINT             shift, and go to state 34
    rwPRINTF            shift, and go to state 35
    rwSPRINTF           shift, and go to state 36
    rwRANDOMF           shift, and go to state 37
    rwFLOOR             shift, and go to state 38
    rwCEIL              shift, and go to state 39
    rwFABS              shift, and go to state 40
    rwSIN               shift, and go to state 41
    rwCOS               shift, and go to state 42
    rwATAN              shift, and go to state 43
    rwTANH              shift, and go to state 44
    rwSQRT              shift, and go to state 45
    rwISZERO            shift, and go to state 46
    rwFMOD              shift, and go to state 47
    rwMIN               shift, and go to state 48
    rwMAX               shift, and go to state 49
    rwATAN2             shift, and go to state 50
    rwPOW               shift, and go to state 51
    rwCLAMP             shift, and go to state 52
    rwCLAMPF            shift, and go to state 53
    rwLERP              shift, and go to state 54
    rwSMOOTHSTEP        shift, and go to state 55
    rwFN                shift, and go to state 56
    '['                 shift, and go to state 57

    stmt                 go to state 93
    datablock_decl       go to state 62
    object_decl          go to state 63
    stmt_block           go to state 94
    switch_stmt          go to state 64
    if_stmt              go to state 65
    while_stmt           go to state 66
    for_stmt             go to state 67
    foreach_stmt         go to state 68
    expression_stmt      go to state 69
    expr                 go to state 70
    slot_acc             go to state 71
    intslot_acc          go to state 72
    stmt_expr            go to state 73
    funcall_expr         go to state 74
    assert_expr          go to state 75
    inline_command_expr  go to state 76


State 13

   76 for_stmt: rwFOR • '(' expr ';' expr ';' expr ')' stmt_block
   77         | rwFOR • '(' expr ';' expr ';' ')' stmt_block
   78         | rwFOR • '(' expr ';' ';' expr ')' stmt_block
   79         | rwFOR • '(' expr ';' ';' ')' stmt_block
   80         | rwFOR • '(' ';' expr ';' expr ')' stmt_block
   81         | rwFOR • '(' ';' expr ';' ')' stmt_block
   82         | rwFOR • '(' ';' ';' expr ')' stmt_block
   83         | rwFOR • '(' ';' ';' ')' stmt_block
   84         | rwFOR • '(' VAR rwIN expr opDOTDOT expr ')' stmt_block
   85         | rwFOR • '(' VAR rwIN rwRANGE expr opDOTDOT expr ')' stmt_block
   86         | rwFOR • '(' VAR rwIN expr opDOTDOT expr rwSTEP expr ')' stmt_block
   87         | rwFOR • '(' VAR rwIN rwRANGE expr opDOTDOT expr rwSTEP expr ')' stmt_block
   88         | rwFOR • '(' VAR rwIN rwRANGE expr ')' stmt_block

    '('  shift, and go to state 95


State 14

   89 foreach_stmt: rwFOREACH • '(' VAR rwIN expr ')' stmt_block
   91             | rwFOREACH • '(' VAR rwIN expr opDOTDOT expr ')' stmt_block
   92             | rwFOREACH • '(' VAR rwIN rwRANGE expr opDOTDOT expr ')' stmt_block
   93             | rwFOREACH • '(' VAR rwIN expr opDOTDOT expr rwSTEP expr ')' stmt_block
   94             | rwFOREACH • '(' VAR rwIN rwRANGE expr opDOTDOT expr rwSTEP expr ')' stmt_block
   95             | rwFOREACH • '(' VAR rwIN rwRANGE expr ')' stmt_block

    '('  shift, and go to state 96


State 15

   90 foreach_stmt: rwFOREACHSTR • '(' VAR rwIN expr ')' stmt_block

    '('  shift, and go to state 97


State 16

   44 datablock_decl: rwDATABLOCK • class_name_expr '(' expr parent_block ')' '{' slot_assign_list_opt '}' ';'

    IDENT  shift, and go to state 78
    '('    shift, and go to state 79

    class_name_expr  go to state 98


State 17

   65 switch_stmt: rwSWITCH • '(' expr ')' '{' case_block '}'

    '('  shift, and go to state 99


State 18

   66 switch_stmt: rwSWITCHSTR • '(' expr ')' '{' case_block '}'

    '('  shift, and go to state 100


State 19

    7 package_decl: rwPACKAGE • IDENT '{' fn_decl_list '}' ';'

    IDENT  shift, and go to state 101


State 20

  183 assert_expr: rwASSERT • '(' expr ')'
  184            | rwASSERT • '(' expr ',' STRATOM ')'

    '('  shift, and go to state 102


State 21

  131 expr: INTCONST •

    $default  reduce using rule 131 (expr)


State 22

   24 stmt: TTAG • '=' expr ';'
   25     | TTAG • '=' expr ',' expr ';'
  109 expr: TTAG •

    '='  shift, and go to state 103

    $default  reduce using rule 109 (expr)


State 23

  137 expr: VAR •
  138     | VAR • '[' aidx_expr ']'
  162 stmt_expr: VAR • '=' expr
  163          | VAR • '=' '{' expr_list '}'
  164          | VAR • '=' '[' expr_list ']'
  165          | VAR • '[' aidx_expr ']' '=' expr
  166          | VAR • '[' aidx_expr ']' '=' '{' expr_list '}'
  167          | VAR • assign_op_struct
  168          | VAR • '[' aidx_expr ']' assign_op_struct
  176 funcall_expr: VAR • '(' func_arg_list_decl ')'

    '='           shift, and go to state 104
    '('           shift, and go to state 105
    opMINUSMINUS  shift, and go to state 106
    opPLUSPLUS    shift, and go to state 107
    opPLASN       shift, and go to state 108
    opMIASN       shift, and go to state 109
    opMLASN       shift, and go to state 110
    opDVASN       shift, and go to state 111
    opMODASN      shift, and go to state 112
    opANDASN      shift, and go to state 113
    opXORASN      shift, and go to state 114
    opORASN       shift, and go to state 115
    opSLASN       shift, and go to state 116
    opSRASN       shift, and go to state 117
    '['           shift, and go to state 118

    $default  reduce using rule 137 (expr)

    assign_op_struct  go to state 119


State 24

  135 expr: IDENT •
  173 funcall_expr: IDENT • '(' func_arg_list_decl ')'
  174             | IDENT • opCOLONCOLON IDENT '(' func_arg_list_decl ')'

    '('           shift, and go to state 120
    opCOLONCOLON  shift, and go to state 121

    $default  reduce using rule 135 (expr)


State 25

   26 stmt: DOCBLOCK •

    $default  reduce using rule 26 (stmt)


State 26

  136 expr: STRATOM •

    $default  reduce using rule 136 (expr)


State 27

  129 expr: TAGATOM •

    $default  reduce using rule 129 (expr)


State 28

  130 expr: FLTCONST •

    $default  reduce using rule 130 (expr)


State 29

  107 expr: '-' • expr

    rwDECLARE           shift, and go to state 5
    rwDECLARESINGLETON  shift, and go to state 6
    rwBREAK             shift, and go to state 85
    rwASSERT            shift, and go to state 20
    INTCONST            shift, and go to state 21
    TTAG                shift, and go to state 86
    VAR                 shift, and go to state 23
    IDENT               shift, and go to state 24
    STRATOM             shift, and go to state 26
    TAGATOM             shift, and go to state 27
    FLTCONST            shift, and go to state 28
    '-'                 shift, and go to state 29
    '*'                 shift, and go to state 30
    '('                 shift, and go to state 31
    '~'                 shift, and go to state 32
    '!'                 shift, and go to state 33
    rwPRINT             shift, and go to state 34
    rwPRINTF            shift, and go to state 35
    rwSPRINTF           shift, and go to state 36
    rwRANDOMF           shift, and go to state 37
    rwFLOOR             shift, and go to state 38
    rwCEIL              shift, and go to state 39
    rwFABS              shift, and go to state 40
    rwSIN               shift, and go to state 41
    rwCOS               shift, and go to state 42
    rwATAN              shift, and go to state 43
    rwTANH              shift, and go to state 44
    rwSQRT              shift, and go to state 45
    rwISZERO            shift, and go to state 46
    rwFMOD              shift, and go to state 47
    rwMIN               shift, and go to state 48
    rwMAX               shift, and go to state 49
    rwATAN2             shift, and go to state 50
    rwPOW               shift, and go to state 51
    rwCLAMP             shift, and go to state 52
    rwCLAMPF            shift, and go to state 53
    rwLERP              shift, and go to state 54
    rwSMOOTHSTEP        shift, and go to state 55
    rwFN                shift, and go to state 56

    object_decl          go to state 63
    expr                 go to state 122
    slot_acc             go to state 71
    intslot_acc          go to state 72
    stmt_expr            go to state 90
    funcall_expr         go to state 74
    assert_expr          go to state 75
    inline_command_expr  go to state 76


State 30

  108 expr: '*' • expr

    rwDECLARE           shift, and go to state 5
    rwDECLARESINGLETON  shift, and go to state 6
    rwBREAK             shift, and go to state 85
    rwASSERT            shift, and go to state 20
    INTCONST            shift, and go to state 21
    TTAG                shift, and go to state 86
    VAR                 shift, and go to state 23
    IDENT               shift, and go to state 24
    STRATOM             shift, and go to state 26
    TAGATOM             shift, and go to state 27
    FLTCONST            shift, and go to state 28
    '-'                 shift, and go to state 29
    '*'                 shift, and go to state 30
    '('                 shift, and go to state 31
    '~'                 shift, and go to state 32
    '!'                 shift, and go to state 33
    rwPRINT             shift, and go to state 34
    rwPRINTF            shift, and go to state 35
    rwSPRINTF           shift, and go to state 36
    rwRANDOMF           shift, and go to state 37
    rwFLOOR             shift, and go to state 38
    rwCEIL              shift, and go to state 39
    rwFABS              shift, and go to state 40
    rwSIN               shift, and go to state 41
    rwCOS               shift, and go to state 42
    rwATAN              shift, and go to state 43
    rwTANH              shift, and go to state 44
    rwSQRT              shift, and go to state 45
    rwISZERO            shift, and go to state 46
    rwFMOD              shift, and go to state 47
    rwMIN               shift, and go to state 48
    rwMAX               shift, and go to state 49
    rwATAN2             shift, and go to state 50
    rwPOW               shift, and go to state 51
    rwCLAMP             shift, and go to state 52
    rwCLAMPF            shift, and go to state 53
    rwLERP              shift, and go to state 54
    rwSMOOTHSTEP        shift, and go to state 55
    rwFN                shift, and go to state 56

    object_decl          go to state 63
    expr                 go to state 123
    slot_acc             go to state 71
    intslot_acc          go to state 72
    stmt_expr            go to state 90
    funcall_expr         go to state 74
    assert_expr          go to state 75
    inline_command_expr  go to state 76


State 31

   98 expr: '(' • expr ')'

    rwDECLARE           shift, and go to state 5
    rwDECLARESINGLETON  shift, and go to state 6
    rwBREAK             shift, and go to state 85
    rwASSERT            shift, and go to state 20
    INTCONST            shift, and go to state 21
    TTAG                shift, and go to state 86
    VAR                 shift, and go to state 23
    IDENT               shift, and go to state 24
    STRATOM             shift, and go to state 26
    TAGATOM             shift, and go to state 27
    FLTCONST            shift, and go to state 28
    '-'                 shift, and go to state 29
    '*'                 shift, and go to state 30
    '('                 shift, and go to state 31
    '~'                 shift, and go to state 32
    '!'                 shift, and go to state 33
    rwPRINT             shift, and go to state 34
    rwPRINTF            shift, and go to state 35
    rwSPRINTF           shift, and go to state 36
    rwRANDOMF           shift, and go to state 37
    rwFLOOR             shift, and go to state 38
    rwCEIL              shift, and go to state 39
    rwFABS              shift, and go to state 40
    rwSIN               shift, and go to state 41
    rwCOS               shift, and go to state 42
    rwATAN              shift, and go to state 43
    rwTANH              shift, and go to state 44
    rwSQRT              shift, and go to state 45
    rwISZERO            shift, and go to state 46
    rwFMOD              shift, and go to state 47
    rwMIN               shift, and go to state 48
    rwMAX               shift, and go to state 49
    rwATAN2             shift, and go to state 50
    rwPOW               shift, and go to state 51
    rwCLAMP             shift, and go to state 52
    rwCLAMPF            shift, and go to state 53
    rwLERP              shift, and go to state 54
    rwSMOOTHSTEP        shift, and go to state 55
    rwFN                shift, and go to state 56

    object_decl          go to state 63
    expr                 go to state 124
    slot_acc             go to state 71
    intslot_acc          go to state 72
    stmt_expr            go to state 90
    funcall_expr         go to state 74
    assert_expr          go to state 75
    inline_command_expr  go to state 76


State 32

  128 expr: '~' • expr

    rwDECLARE           shift, and go to state 5
    rwDECLARESINGLETON  shift, and go to state 6
    rwBREAK             shift, and go to state 85
    rwASSERT            shift, and go to state 20
    INTCONST            shift, and go to state 21
    TTAG                shift, and go to state 86
    VAR                 shift, and go to state 23
    IDENT               shift, and go to state 24
    STRATOM             shift, and go to state 26
    TAGATOM             shift, and go to state 27
    FLTCONST            shift, and go to state 28
    '-'                 shift, and go to state 29
    '*'                 shift, and go to state 30
    '('                 shift, and go to state 31
    '~'                 shift, and go to state 32
    '!'                 shift, and go to state 33
    rwPRINT             shift, and go to state 34
    rwPRINTF            shift, and go to state 35
    rwSPRINTF           shift, and go to state 36
    rwRANDOMF           shift, and go to state 37
    rwFLOOR             shift, and go to state 38
    rwCEIL              shift, and go to state 39
    rwFABS              shift, and go to state 40
    rwSIN               shift, and go to state 41
    rwCOS               shift, and go to state 42
    rwATAN              shift, and go to state 43
    rwTANH              shift, and go to state 44
    rwSQRT              shift, and go to state 45
    rwISZERO            shift, and go to state 46
    rwFMOD              shift, and go to state 47
    rwMIN               shift, and go to state 48
    rwMAX               shift, and go to state 49
    rwATAN2             shift, and go to state 50
    rwPOW               shift, and go to state 51
    rwCLAMP             shift, and go to state 52
    rwCLAMPF            shift, and go to state 53
    rwLERP              shift, and go to state 54
    rwSMOOTHSTEP        shift, and go to state 55
    rwFN                shift, and go to state 56

    object_decl          go to state 63
    expr                 go to state 125
    slot_acc             go to state 71
    intslot_acc          go to state 72
    stmt_expr            go to state 90
    funcall_expr         go to state 74
    assert_expr          go to state 75
    inline_command_expr  go to state 76


State 33

  127 expr: '!' • expr

    rwDECLARE           shift, and go to state 5
    rwDECLARESINGLETON  shift, and go to state 6
    rwBREAK             shift, and go to state 85
    rwASSERT            shift, and go to state 20
    INTCONST            shift, and go to state 21
    TTAG                shift, and go to state 86
    VAR                 shift, and go to state 23
    IDENT               shift, and go to state 24
    STRATOM             shift, and go to state 26
    TAGATOM             shift, and go to state 27
    FLTCONST            shift, and go to state 28
    '-'                 shift, and go to state 29
    '*'                 shift, and go to state 30
    '('                 shift, and go to state 31
    '~'                 shift, and go to state 32
    '!'                 shift, and go to state 33
    rwPRINT             shift, and go to state 34
    rwPRINTF            shift, and go to state 35
    rwSPRINTF           shift, and go to state 36
    rwRANDOMF           shift, and go to state 37
    rwFLOOR             shift, and go to state 38
    rwCEIL              shift, and go to state 39
    rwFABS              shift, and go to state 40
    rwSIN               shift, and go to state 41
    rwCOS               shift, and go to state 42
    rwATAN              shift, and go to state 43
    rwTANH              shift, and go to state 44
    rwSQRT              shift, and go to state 45
    rwISZERO            shift, and go to state 46
    rwFMOD              shift, and go to state 47
    rwMIN               shift, and go to state 48
    rwMAX               shift, and go to state 49
    rwATAN2             shift, and go to state 50
    rwPOW               shift, and go to state 51
    rwCLAMP             shift, and go to state 52
    rwCLAMPF            shift, and go to state 53
    rwLERP              shift, and go to state 54
    rwSMOOTHSTEP        shift, and go to state 55
    rwFN                shift, and go to state 56

    object_decl          go to state 63
    expr                 go to state 126
    slot_acc             go to state 71
    intslot_acc          go to state 72
    stmt_expr            go to state 90
    funcall_expr         go to state 74
    assert_expr          go to state 75
    inline_command_expr  go to state 76


State 34

  185 inline_command_expr: rwPRINT • '(' expr_list ')'

    '('  shift, and go to state 127


State 35

  186 inline_command_expr: rwPRINTF • '(' expr_list ')'

    '('  shift, and go to state 128


State 36

  187 inline_command_expr: rwSPRINTF • '(' expr_list ')'

    '('  shift, and go to state 129


State 37

  188 inline_command_expr: rwRANDOMF • '(' ')'
  189                    | rwRANDOMF • '(' expr_list ')'

    '('  shift, and go to state 130


State 38

  190 inline_command_expr: rwFLOOR • '(' expr_list ')'

    '('  shift, and go to state 131


State 39

  191 inline_command_expr: rwCEIL • '(' expr_list ')'

    '('  shift, and go to state 132


State 40

  192 inline_command_expr: rwFABS • '(' expr_list ')'

    '('  shift, and go to state 133


State 41

  193 inline_command_expr: rwSIN • '(' expr_list ')'

    '('  shift, and go to state 134


State 42

  194 inline_command_expr: rwCOS • '(' expr_list ')'

    '('  shift, and go to state 135


State 43

  195 inline_command_expr: rwATAN • '(' expr_list ')'

    '('  shift, and go to state 136


State 44

  196 inline_command_expr: rwTANH • '(' expr_list ')'

    '('  shift, and go to state 137


State 45

  197 inline_command_expr: rwSQRT • '(' expr_list ')'

    '('  shift, and go to state 138


State 46

  198 inline_command_expr: rwISZERO • '(' expr_list ')'

    '('  shift, and go to state 139


State 47

  199 inline_command_expr: rwFMOD • '(' expr_list ')'

    '('  shift, and go to state 140


State 48

  200 inline_command_expr: rwMIN • '(' expr_list ')'

    '('  shift, and go to state 141


State 49

  201 inline_command_expr: rwMAX • '(' expr_list ')'

    '('  shift, and go to state 142


State 50

  202 inline_command_expr: rwATAN2 • '(' expr_list ')'

    '('  shift, and go to state 143


State 51

  203 inline_command_expr: rwPOW • '(' expr_list ')'

    '('  shift, and go to state 144


State 52

  204 inline_command_expr: rwCLAMP • '(' expr_list ')'

    '('  shift, and go to state 145


State 53

  205 inline_command_expr: rwCLAMPF • '(' expr_list ')'

    '('  shift, and go to state 146


State 54

  206 inline_command_expr: rwLERP • '(' expr_list ')'

    '('  shift, and go to state 147


State 55

  207 inline_command_expr: rwSMOOTHSTEP • '(' expr_list ')'

    '('  shift, and go to state 148


State 56

  139 expr: rwFN • '(' func_var_list_decl ')' '{' statement_list '}'

    '('  shift, and go to state 149


State 57

   27 stmt: '[' • unpack_var_list ']' '=' expr ';'
   28     | '[' • unpack_var_list ']' '=' '{' expr_list '}' ';'
   29     | '[' • unpack_var_list ']' '=' '[' expr_list ']' ';'

    VAR  shift, and go to state 150

    unpack_var_list  go to state 151
    unpack_param     go to state 152


State 58

    3 decl_list: decl_list decl •

    $default  reduce using rule 3 (decl_list)


State 59

    6 decl: package_decl •

    $default  reduce using rule 6 (decl)


State 60

    4 decl: stmt •

    $default  reduce using rule 4 (decl)


State 61

    5 decl: fn_decl_stmt •

    $default  reduce using rule 5 (decl)


State 62

   16 stmt: datablock_decl •

    $default  reduce using rule 16 (stmt)


State 63

  161 stmt_expr: object_decl •

    $default  reduce using rule 161 (stmt_expr)


State 64

   17 stmt: switch_stmt •

    $default  reduce using rule 17 (stmt)


State 65

   12 stmt: if_stmt •

    $default  reduce using rule 12 (stmt)


State 66

   13 stmt: while_stmt •

    $default  reduce using rule 13 (stmt)


State 67

   14 stmt: for_stmt •

    $default  reduce using rule 14 (stmt)


State 68

   15 stmt: foreach_stmt •

    $default  reduce using rule 15 (stmt)


State 69

   23 stmt: expression_stmt • ';'

    ';'  shift, and go to state 153


State 70

   99 expr: expr • '^' expr
  100     | expr • '%' expr
  101     | expr • '&' expr
  102     | expr • '|' expr
  103     | expr • '+' expr
  104     | expr • '-' expr
  105     | expr • '*' expr
  106     | expr • '/' expr
  110     | expr • '?' expr ':' expr
  111     | expr • '?' '{' expr_list '}' ':' '{' expr_list '}'
  112     | expr • '?' expr ':' '{' expr_list '}'
  113     | expr • '?' '{' expr_list '}' ':' expr
  114     | expr • '<' expr
  115     | expr • '>' expr
  116     | expr • opGE expr
  117     | expr • opLE expr
  118     | expr • opEQ expr
  119     | expr • opNE expr
  120     | expr • opOR expr
  121     | expr • opSHL expr
  122     | expr • opSHR expr
  123     | expr • opAND expr
  124     | expr • opSTREQ expr
  125     | expr • opSTRNE expr
  126     | expr • '@' expr
  140 slot_acc: expr • '.' IDENT
  141         | expr • '.' IDENT '[' aidx_expr ']'
  142 intslot_acc: expr • opINTNAME class_name_expr
  143            | expr • opINTNAMER class_name_expr
  175 funcall_expr: expr • '.' IDENT '(' func_arg_list_decl ')'

    '+'         shift, and go to state 154
    '-'         shift, and go to state 155
    '*'         shift, and go to state 156
    '/'         shift, and go to state 157
    '<'         shift, and go to state 158
    '>'         shift, and go to state 159
    '.'         shift, and go to state 160
    '|'         shift, and go to state 161
    '&'         shift, and go to state 162
    '%'         shift, and go to state 163
    '^'         shift, and go to state 164
    '@'         shift, and go to state 165
    opINTNAME   shift, and go to state 166
    opINTNAMER  shift, and go to state 167
    opSHL       shift, and go to state 168
    opSHR       shift, and go to state 169
    opEQ        shift, and go to state 170
    opNE        shift, and go to state 171
    opGE        shift, and go to state 172
    opLE        shift, and go to state 173
    opAND       shift, and go to state 174
    opOR        shift, and go to state 175
    opSTREQ     shift, and go to state 176
    opSTRNE     shift, and go to state 177
    '?'         shift, and go to state 178


State 71

  133 expr: slot_acc •
  169 stmt_expr: slot_acc • assign_op_struct
  170          | slot_acc • '=' expr
  171          | slot_acc • '=' '{' expr_list '}'
  172          | slot_acc • '=' '[' expr_list ']'

    '='           shift, and go to state 179
    opMINUSMINUS  shift, and go to state 106
    opPLUSPLUS    shift, and go to state 107
    opPLASN       shift, and go to state 108
    opMIASN       shift, and go to state 109
    opMLASN       shift, and go to state 110
    opDVASN       shift, and go to state 111
    opMODASN      shift, and go to state 112
    opANDASN      shift, and go to state 113
    opXORASN      shift, and go to state 114
    opORASN       shift, and go to state 115
    opSLASN       shift, and go to state 116
    opSRASN       shift, and go to state 117

    $default  reduce using rule 133 (expr)

    assign_op_struct  go to state 180


State 72

  134 expr: intslot_acc •

    $default  reduce using rule 134 (expr)


State 73

   96 expression_stmt: stmt_expr •
   97 expr: stmt_expr •

    ';'       reduce using rule 96 (expression_stmt)
    $default  reduce using rule 97 (expr)


State 74

  158 stmt_expr: funcall_expr •

    $default  reduce using rule 158 (stmt_expr)


State 75

  159 stmt_expr: assert_expr •

    $default  reduce using rule 159 (stmt_expr)


State 76

  160 stmt_expr: inline_command_expr •

    $default  reduce using rule 160 (stmt_expr)


State 77

   30 fn_decl_stmt: rwDEFINE IDENT • '(' func_var_list_decl ')' '{' statement_list '}'
   31             | rwDEFINE IDENT • opCOLONCOLON IDENT '(' func_var_list_decl ')' '{' statement_list '}'

    '('           shift, and go to state 181
    opCOLONCOLON  shift, and go to state 182


State 78

  144 class_name_expr: IDENT •

    $default  reduce using rule 144 (class_name_expr)


State 79

  145 class_name_expr: '(' • expr ')'

    rwDECLARE           shift, and go to state 5
    rwDECLARESINGLETON  shift, and go to state 6
    rwBREAK             shift, and go to state 85
    rwASSERT            shift, and go to state 20
    INTCONST            shift, and go to state 21
    TTAG                shift, and go to state 86
    VAR                 shift, and go to state 23
    IDENT               shift, and go to state 24
    STRATOM             shift, and go to state 26
    TAGATOM             shift, and go to state 27
    FLTCONST            shift, and go to state 28
    '-'                 shift, and go to state 29
    '*'                 shift, and go to state 30
    '('                 shift, and go to state 31
    '~'                 shift, and go to state 32
    '!'                 shift, and go to state 33
    rwPRINT             shift, and go to state 34
    rwPRINTF            shift, and go to state 35
    rwSPRINTF           shift, and go to state 36
    rwRANDOMF           shift, and go to state 37
    rwFLOOR             shift, and go to state 38
    rwCEIL              shift, and go to state 39
    rwFABS              shift, and go to state 40
    rwSIN               shift, and go to state 41
    rwCOS               shift, and go to state 42
    rwATAN              shift, and go to state 43
    rwTANH              shift, and go to state 44
    rwSQRT              shift, and go to state 45
    rwISZERO            shift, and go to state 46
    rwFMOD              shift, and go to state 47
    rwMIN               shift, and go to state 48
    rwMAX               shift, and go to state 49
    rwATAN2             shift, and go to state 50
    rwPOW               shift, and go to state 51
    rwCLAMP             shift, and go to state 52
    rwCLAMPF            shift, and go to state 53
    rwLERP              shift, and go to state 54
    rwSMOOTHSTEP        shift, and go to state 55
    rwFN                shift, and go to state 56

    object_decl          go to state 63
    expr                 go to state 183
    slot_acc             go to state 71
    intslot_acc          go to state 72
    stmt_expr            go to state 90
    funcall_expr         go to state 74
    assert_expr          go to state 75
    inline_command_expr  go to state 76


State 80

   45 object_decl: rwDECLARE class_name_expr • '(' object_name parent_block object_args ')' '{' object_declare_block '}'
   46            | rwDECLARE class_name_expr • '(' object_name parent_block object_args ')'
   47            | rwDECLARE class_name_expr • '(' '[' object_name ']' parent_block object_args ')' '{' object_declare_block '}'
   48            | rwDECLARE class_name_expr • '(' '[' object_name ']' parent_block object_args ')'

    '('  shift, and go to state 184


State 81

   49 object_decl: rwDECLARESINGLETON class_name_expr • '(' object_name parent_block object_args ')' '{' object_declare_block '}'
   50            | rwDECLARESINGLETON class_name_expr • '(' object_name parent_block object_args ')'

    '('  shift, and go to state 185


State 82

   18 stmt: rwBREAK ';' •

    $default  reduce using rule 18 (stmt)


State 83

   19 stmt: rwCONTINUE ';' •

    $default  reduce using rule 19 (stmt)


State 84

   72 if_stmt: rwIF '(' • expr ')' stmt_block
   73        | rwIF '(' • expr ')' stmt_block rwELSE stmt_block

    rwDECLARE           shift, and go to state 5
    rwDECLARESINGLETON  shift, and go to state 6
    rwBREAK             shift, and go to state 85
    rwASSERT            shift, and go to state 20
    INTCONST            shift, and go to state 21
    TTAG                shift, and go to state 86
    VAR                 shift, and go to state 23
    IDENT               shift, and go to state 24
    STRATOM             shift, and go to state 26
    TAGATOM             shift, and go to state 27
    FLTCONST            shift, and go to state 28
    '-'                 shift, and go to state 29
    '*'                 shift, and go to state 30
    '('                 shift, and go to state 31
    '~'                 shift, and go to state 32
    '!'                 shift, and go to state 33
    rwPRINT             shift, and go to state 34
    rwPRINTF            shift, and go to state 35
    rwSPRINTF           shift, and go to state 36
    rwRANDOMF           shift, and go to state 37
    rwFLOOR             shift, and go to state 38
    rwCEIL              shift, and go to state 39
    rwFABS              shift, and go to state 40
    rwSIN               shift, and go to state 41
    rwCOS               shift, and go to state 42
    rwATAN              shift, and go to state 43
    rwTANH              shift, and go to state 44
    rwSQRT              shift, and go to state 45
    rwISZERO            shift, and go to state 46
    rwFMOD              shift, and go to state 47
    rwMIN               shift, and go to state 48
    rwMAX               shift, and go to state 49
    rwATAN2             shift, and go to state 50
    rwPOW               shift, and go to state 51
    rwCLAMP             shift, and go to state 52
    rwCLAMPF            shift, and go to state 53
    rwLERP              shift, and go to state 54
    rwSMOOTHSTEP        shift, and go to state 55
    rwFN                shift, and go to state 56

    object_decl          go to state 63
    expr                 go to state 186
    slot_acc             go to state 71
    intslot_acc          go to state 72
    stmt_expr            go to state 90
    funcall_expr         go to state 74
    assert_expr          go to state 75
    inline_command_expr  go to state 76


State 85

  132 expr: rwBREAK •

    $default  reduce using rule 132 (expr)


State 86

  109 expr: TTAG •

    $default  reduce using rule 109 (expr)


State 87

   20 stmt: rwRETURN ';' •

    $default  reduce using rule 20 (stmt)


State 88

   22 stmt: rwRETURN '{' • expr_list '}' ';'

    rwDECLARE           shift, and go to state 5
    rwDECLARESINGLETON  shift, and go to state 6
    rwBREAK             shift, and go to state 85
    rwASSERT            shift, and go to state 20
    INTCONST            shift, and go to state 21
    TTAG                shift, and go to state 86
    VAR                 shift, and go to state 23
    IDENT               shift, and go to state 24
    STRATOM             shift, and go to state 26
    TAGATOM             shift, and go to state 27
    FLTCONST            shift, and go to state 28
    '-'                 shift, and go to state 29
    '*'                 shift, and go to state 30
    '('                 shift, and go to state 31
    '~'                 shift, and go to state 32
    '!'                 shift, and go to state 33
    rwPRINT             shift, and go to state 34
    rwPRINTF            shift, and go to state 35
    rwSPRINTF           shift, and go to state 36
    rwRANDOMF           shift, and go to state 37
    rwFLOOR             shift, and go to state 38
    rwCEIL              shift, and go to state 39
    rwFABS              shift, and go to state 40
    rwSIN               shift, and go to state 41
    rwCOS               shift, and go to state 42
    rwATAN              shift, and go to state 43
    rwTANH              shift, and go to state 44
    rwSQRT              shift, and go to state 45
    rwISZERO            shift, and go to state 46
    rwFMOD              shift, and go to state 47
    rwMIN               shift, and go to state 48
    rwMAX               shift, and go to state 49
    rwATAN2             shift, and go to state 50
    rwPOW               shift, and go to state 51
    rwCLAMP             shift, and go to state 52
    rwCLAMPF            shift, and go to state 53
    rwLERP              shift, and go to state 54
    rwSMOOTHSTEP        shift, and go to state 55
    rwFN                shift, and go to state 56

    object_decl          go to state 63
    expr                 go to state 187
    slot_acc             go to state 71
    intslot_acc          go to state 72
    stmt_expr            go to state 90
    funcall_expr         go to state 74
    assert_expr          go to state 75
    inline_command_expr  go to state 76
    expr_list            go to state 188


State 89

   21 stmt: rwRETURN expr • ';'
   99 expr: expr • '^' expr
  100     | expr • '%' expr
  101     | expr • '&' expr
  102     | expr • '|' expr
  103     | expr • '+' expr
  104     | expr • '-' expr
  105     | expr • '*' expr
  106     | expr • '/' expr
  110     | expr • '?' expr ':' expr
  111     | expr • '?' '{' expr_list '}' ':' '{' expr_list '}'
  112     | expr • '?' expr ':' '{' expr_list '}'
  113     | expr • '?' '{' expr_list '}' ':' expr
  114     | expr • '<' expr
  115     | expr • '>' expr
  116     | expr • opGE expr
  117     | expr • opLE expr
  118     | expr • opEQ expr
  119     | expr • opNE expr
  120     | expr • opOR expr
  121     | expr • opSHL expr
  122     | expr • opSHR expr
  123     | expr • opAND expr
  124     | expr • opSTREQ expr
  125     | expr • opSTRNE expr
  126     | expr • '@' expr
  140 slot_acc: expr • '.' IDENT
  141         | expr • '.' IDENT '[' aidx_expr ']'
  142 intslot_acc: expr • opINTNAME class_name_expr
  143            | expr • opINTNAMER class_name_expr
  175 funcall_expr: expr • '.' IDENT '(' func_arg_list_decl ')'

    '+'         shift, and go to state 154
    '-'         shift, and go to state 155
    '*'         shift, and go to state 156
    '/'         shift, and go to state 157
    '<'         shift, and go to state 158
    '>'         shift, and go to state 159
    '.'         shift, and go to state 160
    '|'         shift, and go to state 161
    '&'         shift, and go to state 162
    '%'         shift, and go to state 163
    ';'         shift, and go to state 189
    '^'         shift, and go to state 164
    '@'         shift, and go to state 165
    opINTNAME   shift, and go to state 166
    opINTNAMER  shift, and go to state 167
    opSHL       shift, and go to state 168
    opSHR       shift, and go to state 169
    opEQ        shift, and go to state 170
    opNE        shift, and go to state 171
    opGE        shift, and go to state 172
    opLE        shift, and go to state 173
    opAND       shift, and go to state 174
    opOR        shift, and go to state 175
    opSTREQ     shift, and go to state 176
    opSTRNE     shift, and go to state 177
    '?'         shift, and go to state 178


State 90

   97 expr: stmt_expr •

    $default  reduce using rule 97 (expr)


State 91

   74 while_stmt: rwWHILE '(' • expr ')' stmt_block

    rwDECLARE           shift, and go to state 5
    rwDECLARESINGLETON  shift, and go to state 6
    rwBREAK             shift, and go to state 85
    rwASSERT            shift, and go to state 20
    INTCONST            shift, and go to state 21
    TTAG                shift, and go to state 86
    VAR                 shift, and go to state 23
    IDENT               shift, and go to state 24
    STRATOM             shift, and go to state 26
    TAGATOM             shift, and go to state 27
    FLTCONST            shift, and go to state 28
    '-'                 shift, and go to state 29
    '*'                 shift, and go to state 30
    '('                 shift, and go to state 31
    '~'                 shift, and go to state 32
    '!'                 shift, and go to state 33
    rwPRINT             shift, and go to state 34
    rwPRINTF            shift, and go to state 35
    rwSPRINTF           shift, and go to state 36
    rwRANDOMF           shift, and go to state 37
    rwFLOOR             shift, and go to state 38
    rwCEIL              shift, and go to state 39
    rwFABS              shift, and go to state 40
    rwSIN               shift, and go to state 41
    rwCOS               shift, and go to state 42
    rwATAN              shift, and go to state 43
    rwTANH              shift, and go to state 44
    rwSQRT              shift, and go to state 45
    rwISZERO            shift, and go to state 46
    rwFMOD              shift, and go to state 47
    rwMIN               shift, and go to state 48
    rwMAX               shift, and go to state 49
    rwATAN2             shift, and go to state 50
    rwPOW               shift, and go to state 51
    rwCLAMP             shift, and go to state 52
    rwCLAMPF            shift, and go to state 53
    rwLERP              shift, and go to state 54
    rwSMOOTHSTEP        shift, and go to state 55
    rwFN                shift, and go to state 56

    object_decl          go to state 63
    expr                 go to state 190
    slot_acc             go to state 71
    intslot_acc          go to state 72
    stmt_expr            go to state 90
    funcall_expr         go to state 74
    assert_expr          go to state 75
    inline_command_expr  go to state 76


State 92

   63 stmt_block: '{' • statement_list '}'

    $default  reduce using rule 10 (statement_list)

    statement_list  go to state 191


State 93

   64 stmt_block: stmt •

    $default  reduce using rule 64 (stmt_block)


State 94

   75 while_stmt: rwDO stmt_block • rwWHILE '(' expr ')'

    rwWHILE  shift, and go to state 192


State 95

   76 for_stmt: rwFOR '(' • expr ';' expr ';' expr ')' stmt_block
   77         | rwFOR '(' • expr ';' expr ';' ')' stmt_block
   78         | rwFOR '(' • expr ';' ';' expr ')' stmt_block
   79         | rwFOR '(' • expr ';' ';' ')' stmt_block
   80         | rwFOR '(' • ';' expr ';' expr ')' stmt_block
   81         | rwFOR '(' • ';' expr ';' ')' stmt_block
   82         | rwFOR '(' • ';' ';' expr ')' stmt_block
   83         | rwFOR '(' • ';' ';' ')' stmt_block
   84         | rwFOR '(' • VAR rwIN expr opDOTDOT expr ')' stmt_block
   85         | rwFOR '(' • VAR rwIN rwRANGE expr opDOTDOT expr ')' stmt_block
   86         | rwFOR '(' • VAR rwIN expr opDOTDOT expr rwSTEP expr ')' stmt_block
   87         | rwFOR '(' • VAR rwIN rwRANGE expr opDOTDOT expr rwSTEP expr ')' stmt_block
   88         | rwFOR '(' • VAR rwIN rwRANGE expr ')' stmt_block

    rwDECLARE           shift, and go to state 5
    rwDECLARESINGLETON  shift, and go to state 6
    rwBREAK             shift, and go to state 85
    rwASSERT            shift, and go to state 20
    INTCONST            shift, and go to state 21
    TTAG                shift, and go to state 86
    VAR                 shift, and go to state 193
    IDENT               shift, and go to state 24
    STRATOM             shift, and go to state 26
    TAGATOM             shift, and go to state 27
    FLTCONST            shift, and go to state 28
    '-'                 shift, and go to state 29
    '*'                 shift, and go to state 30
    '('                 shift, and go to state 31
    ';'                 shift, and go to state 194
    '~'                 shift, and go to state 32
    '!'                 shift, and go to state 33
    rwPRINT             shift, and go to state 34
    rwPRINTF            shift, and go to state 35
    rwSPRINTF           shift, and go to state 36
    rwRANDOMF           shift, and go to state 37
    rwFLOOR             shift, and go to state 38
    rwCEIL              shift, and go to state 39
    rwFABS              shift, and go to state 40
    rwSIN               shift, and go to state 41
    rwCOS               shift, and go to state 42
    rwATAN              shift, and go to state 43
    rwTANH              shift, and go to state 44
    rwSQRT              shift, and go to state 45
    rwISZERO            shift, and go to state 46
    rwFMOD              shift, and go to state 47
    rwMIN               shift, and go to state 48
    rwMAX               shift, and go to state 49
    rwATAN2             shift, and go to state 50
    rwPOW               shift, and go to state 51
    rwCLAMP             shift, and go to state 52
    rwCLAMPF            shift, and go to state 53
    rwLERP              shift, and go to state 54
    rwSMOOTHSTEP        shift, and go to state 55
    rwFN                shift, and go to state 56

    object_decl          go to state 63
    expr                 go to state 195
    slot_acc             go to state 71
    intslot_acc          go to state 72
    stmt_expr            go to state 90
    funcall_expr         go to state 74
    assert_expr          go to state 75
    inline_command_expr  go to state 76


State 96

   89 foreach_stmt: rwFOREACH '(' • VAR rwIN expr ')' stmt_block
   91             | rwFOREACH '(' • VAR rwIN expr opDOTDOT expr ')' stmt_block
   92             | rwFOREACH '(' • VAR rwIN rwRANGE expr opDOTDOT expr ')' stmt_block
   93             | rwFOREACH '(' • VAR rwIN expr opDOTDOT expr rwSTEP expr ')' stmt_block
   94             | rwFOREACH '(' • VAR rwIN rwRANGE expr opDOTDOT expr rwSTEP expr ')' stmt_block
   95             | rwFOREACH '(' • VAR rwIN rwRANGE expr ')' stmt_block

    VAR  shift, and go to state 196


State 97

   90 foreach_stmt: rwFOREACHSTR '(' • VAR rwIN expr ')' stmt_block

    VAR  shift, and go to state 197


State 98

   44 datablock_decl: rwDATABLOCK class_name_expr • '(' expr parent_block ')' '{' slot_assign_list_opt '}' ';'

    '('  shift, and go to state 198


State 99

   65 switch_stmt: rwSWITCH '(' • expr ')' '{' case_block '}'

    rwDECLARE           shift, and go to state 5
    rwDECLARESINGLETON  shift, and go to state 6
    rwBREAK             shift, and go to state 85
    rwASSERT            shift, and go to state 20
    INTCONST            shift, and go to state 21
    TTAG                shift, and go to state 86
    VAR                 shift, and go to state 23
    IDENT               shift, and go to state 24
    STRATOM             shift, and go to state 26
    TAGATOM             shift, and go to state 27
    FLTCONST            shift, and go to state 28
    '-'                 shift, and go to state 29
    '*'                 shift, and go to state 30
    '('                 shift, and go to state 31
    '~'                 shift, and go to state 32
    '!'                 shift, and go to state 33
    rwPRINT             shift, and go to state 34
    rwPRINTF            shift, and go to state 35
    rwSPRINTF           shift, and go to state 36
    rwRANDOMF           shift, and go to state 37
    rwFLOOR             shift, and go to state 38
    rwCEIL              shift, and go to state 39
    rwFABS              shift, and go to state 40
    rwSIN               shift, and go to state 41
    rwCOS               shift, and go to state 42
    rwATAN              shift, and go to state 43
    rwTANH              shift, and go to state 44
    rwSQRT              shift, and go to state 45
    rwISZERO            shift, and go to state 46
    rwFMOD              shift, and go to state 47
    rwMIN               shift, and go to state 48
    rwMAX               shift, and go to state 49
    rwATAN2             shift, and go to state 50
    rwPOW               shift, and go to state 51
    rwCLAMP             shift, and go to state 52
    rwCLAMPF            shift, and go to state 53
    rwLERP              shift, and go to state 54
    rwSMOOTHSTEP        shift, and go to state 55
    rwFN                shift, and go to state 56

    object_decl          go to state 63
    expr                 go to state 199
    slot_acc             go to state 71
    intslot_acc          go to state 72
    stmt_expr            go to state 90
    funcall_expr         go to state 74
    assert_expr          go to state 75
    inline_command_expr  go to state 76


State 100

   66 switch_stmt: rwSWITCHSTR '(' • expr ')' '{' case_block '}'

    rwDECLARE           shift, and go to state 5
    rwDECLARESINGLETON  shift, and go to state 6
    rwBREAK             shift, and go to state 85
    rwASSERT            shift, and go to state 20
    INTCONST            shift, and go to state 21
    TTAG                shift, and go to state 86
    VAR                 shift, and go to state 23
    IDENT               shift, and go to state 24
    STRATOM             shift, and go to state 26
    TAGATOM             shift, and go to state 27
    FLTCONST            shift, and go to state 28
    '-'                 shift, and go to state 29
    '*'                 shift, and go to state 30
    '('                 shift, and go to state 31
    '~'                 shift, and go to state 32
    '!'                 shift, and go to state 33
    rwPRINT             shift, and go to state 34
    rwPRINTF            shift, and go to state 35
    rwSPRINTF           shift, and go to state 36
    rwRANDOMF           shift, and go to state 37
    rwFLOOR             shift, and go to state 38
    rwCEIL              shift, and go to state 39
    rwFABS              shift, and go to state 40
    rwSIN               shift, and go to state 41
    rwCOS               shift, and go to state 42
    rwATAN              shift, and go to state 43
    rwTANH              shift, and go to state 44
    rwSQRT              shift, and go to state 45
    rwISZERO            shift, and go to state 46
    rwFMOD              shift, and go to state 47
    rwMIN               shift, and go to state 48
    rwMAX               shift, and go to state 49
    rwATAN2             shift, and go to state 50
    rwPOW               shift, and go to state 51
    rwCLAMP             shift, and go to state 52
    rwCLAMPF            shift, and go to state 53
    rwLERP              shift, and go to state 54
    rwSMOOTHSTEP        shift, and go to state 55
    rwFN                shift, and go to state 56

    object_decl          go to state 63
    expr                 go to state 200
    slot_acc             go to state 71
    intslot_acc          go to state 72
    stmt_expr            go to state 90
    funcall_expr         go to state 74
    assert_expr          go to state 75
    inline_command_expr  go to state 76


State 101

    7 package_decl: rwPACKAGE IDENT • '{' fn_decl_list '}' ';'

    '{'  shift, and go to state 201


State 102

  183 assert_expr: rwASSERT '(' • expr ')'
  184            | rwASSERT '(' • expr ',' STRATOM ')'

    rwDECLARE           shift, and go to state 5
    rwDECLARESINGLETON  shift, and go to state 6
    rwBREAK             shift, and go to state 85
    rwASSERT            shift, and go to state 20
    INTCONST            shift, and go to state 21
    TTAG                shift, and go to state 86
    VAR                 shift, and go to state 23
    IDENT               shift, and go to state 24
    STRATOM             shift, and go to state 26
    TAGATOM             shift, and go to state 27
    FLTCONST            shift, and go to state 28
    '-'                 shift, and go to state 29
    '*'                 shift, and go to state 30
    '('                 shift, and go to state 31
    '~'                 shift, and go to state 32
    '!'                 shift, and go to state 33
    rwPRINT             shift, and go to state 34
    rwPRINTF            shift, and go to state 35
    rwSPRINTF           shift, and go to state 36
    rwRANDOMF           shift, and go to state 37
    rwFLOOR             shift, and go to state 38
    rwCEIL              shift, and go to state 39
    rwFABS              shift, and go to state 40
    rwSIN               shift, and go to state 41
    rwCOS               shift, and go to state 42
    rwATAN              shift, and go to state 43
    rwTANH              shift, and go to state 44
    rwSQRT              shift, and go to state 45
    rwISZERO            shift, and go to state 46
    rwFMOD              shift, and go to state 47
    rwMIN               shift, and go to state 48
    rwMAX               shift, and go to state 49
    rwATAN2             shift, and go to state 50
    rwPOW               shift, and go to state 51
    rwCLAMP             shift, and go to state 52
    rwCLAMPF            shift, and go to state 53
    rwLERP              shift, and go to state 54
    rwSMOOTHSTEP        shift, and go to state 55
    rwFN                shift, and go to state 56

    object_decl          go to state 63
    expr                 go to state 202
    slot_acc             go to state 71
    intslot_acc          go to state 72
    stmt_expr            go to state 90
    funcall_expr         go to state 74
    assert_expr          go to state 75
    inline_command_expr  go to state 76


State 103

   24 stmt: TTAG '=' • expr ';'
   25     | TTAG '=' • expr ',' expr ';'

    rwDECLARE           shift, and go to state 5
    rwDECLARESINGLETON  shift, and go to state 6
    rwBREAK             shift, and go to state 85
    rwASSERT            shift, and go to state 20
    INTCONST            shift, and go to state 21
    TTAG                shift, and go to state 86
    VAR                 shift, and go to state 23
    IDENT               shift, and go to state 24
    STRATOM             shift, and go to state 26
    TAGATOM             shift, and go to state 27
    FLTCONST            shift, and go to state 28
    '-'                 shift, and go to state 29
    '*'                 shift, and go to state 30
    '('                 shift, and go to state 31
    '~'                 shift, and go to state 32
    '!'                 shift, and go to state 33
    rwPRINT             shift, and go to state 34
    rwPRINTF            shift, and go to state 35
    rwSPRINTF           shift, and go to state 36
    rwRANDOMF           shift, and go to state 37
    rwFLOOR             shift, and go to state 38
    rwCEIL              shift, and go to state 39
    rwFABS              shift, and go to state 40
    rwSIN               shift, and go to state 41
    rwCOS               shift, and go to state 42
    rwATAN              shift, and go to state 43
    rwTANH              shift, and go to state 44
    rwSQRT              shift, and go to state 45
    rwISZERO            shift, and go to state 46
    rwFMOD              shift, and go to state 47
    rwMIN               shift, and go to state 48
    rwMAX               shift, and go to state 49
    rwATAN2             shift, and go to state 50
    rwPOW               shift, and go to state 51
    rwCLAMP             shift, and go to state 52
    rwCLAMPF            shift, and go to state 53
    rwLERP              shift, and go to state 54
    rwSMOOTHSTEP        shift, and go to state 55
    rwFN                shift, and go to state 56

    object_decl          go to state 63
    expr                 go to state 203
    slot_acc             go to state 71
    intslot_acc          go to state 72
    stmt_expr            go to state 90
    funcall_expr         go to state 74
    assert_expr          go to state 75
    inline_command_expr  go to state 76


State 104

  162 stmt_expr: VAR '=' • expr
  163          | VAR '=' • '{' expr_list '}'
  164          | VAR '=' • '[' expr_list ']'

    rwDECLARE           shift, and go to state 5
    rwDECLARESINGLETON  shift, and go to state 6
    rwBREAK             shift, and go to state 85
    rwASSERT            shift, and go to state 20
    INTCONST            shift, and go to state 21
    TTAG                shift, and go to state 86
    VAR                 shift, and go to state 23
    IDENT               shift, and go to state 24
    STRATOM             shift, and go to state 26
    TAGATOM             shift, and go to state 27
    FLTCONST            shift, and go to state 28
    '-'                 shift, and go to state 29
    '*'                 shift, and go to state 30
    '('                 shift, and go to state 31
    '{'                 shift, and go to state 204
    '~'                 shift, and go to state 32
    '!'                 shift, and go to state 33
    rwPRINT             shift, and go to state 34
    rwPRINTF            shift, and go to state 35
    rwSPRINTF           shift, and go to state 36
    rwRANDOMF           shift, and go to state 37
    rwFLOOR             shift, and go to state 38
    rwCEIL              shift, and go to state 39
    rwFABS              shift, and go to state 40
    rwSIN               shift, and go to state 41
    rwCOS               shift, and go to state 42
    rwATAN              shift, and go to state 43
    rwTANH              shift, and go to state 44
    rwSQRT              shift, and go to state 45
    rwISZERO            shift, and go to state 46
    rwFMOD              shift, and go to state 47
    rwMIN               shift, and go to state 48
    rwMAX               shift, and go to state 49
    rwATAN2             shift, and go to state 50
    rwPOW               shift, and go to state 51
    rwCLAMP             shift, and go to state 52
    rwCLAMPF            shift, and go to state 53
    rwLERP              shift, and go to state 54
    rwSMOOTHSTEP        shift, and go to state 55
    rwFN                shift, and go to state 56
    '['                 shift, and go to state 205

    object_decl          go to state 63
    expr                 go to state 206
    slot_acc             go to state 71
    intslot_acc          go to state 72
    stmt_expr            go to state 90
    funcall_expr         go to state 74
    assert_expr          go to state 75
    inline_command_expr  go to state 76


State 105

  176 funcall_expr: VAR '(' • func_arg_list_decl ')'

    rwDECLARE           shift, and go to state 5
    rwDECLARESINGLETON  shift, and go to state 6
    rwBREAK             shift, and go to state 85
    rwASSERT            shift, and go to state 20
    INTCONST            shift, and go to state 21
    TTAG                shift, and go to state 86
    VAR                 shift, and go to state 23
    IDENT               shift, and go to state 24
    STRATOM             shift, and go to state 26
    TAGATOM             shift, and go to state 27
    FLTCONST            shift, and go to state 28
    '-'                 shift, and go to state 29
    '*'                 shift, and go to state 30
    '('                 shift, and go to state 31
    '{'                 shift, and go to state 207
    '~'                 shift, and go to state 32
    '!'                 shift, and go to state 33
    rwPRINT             shift, and go to state 34
    rwPRINTF            shift, and go to state 35
    rwSPRINTF           shift, and go to state 36
    rwRANDOMF           shift, and go to state 37
    rwFLOOR             shift, and go to state 38
    rwCEIL              shift, and go to state 39
    rwFABS              shift, and go to state 40
    rwSIN               shift, and go to state 41
    rwCOS               shift, and go to state 42
    rwATAN              shift, and go to state 43
    rwTANH              shift, and go to state 44
    rwSQRT              shift, and go to state 45
    rwISZERO            shift, and go to state 46
    rwFMOD              shift, and go to state 47
    rwMIN               shift, and go to state 48
    rwMAX               shift, and go to state 49
    rwATAN2             shift, and go to state 50
    rwPOW               shift, and go to state 51
    rwCLAMP             shift, and go to state 52
    rwCLAMPF            shift, and go to state 53
    rwLERP              shift, and go to state 54
    rwSMOOTHSTEP        shift, and go to state 55
    rwFN                shift, and go to state 56

    $default  reduce using rule 181 (func_arg_list_decl)

    object_decl          go to state 63
    expr                 go to state 208
    slot_acc             go to state 71
    intslot_acc          go to state 72
    stmt_expr            go to state 90
    funcall_expr         go to state 74
    func_arg_item        go to state 209
    func_arg_list        go to state 210
    func_arg_list_decl   go to state 211
    assert_expr          go to state 75
    inline_command_expr  go to state 76


State 106

  147 assign_op_struct: opMINUSMINUS •

    $default  reduce using rule 147 (assign_op_struct)


State 107

  146 assign_op_struct: opPLUSPLUS •

    $default  reduce using rule 146 (assign_op_struct)


State 108

  148 assign_op_struct: opPLASN • expr

    rwDECLARE           shift, and go to state 5
    rwDECLARESINGLETON  shift, and go to state 6
    rwBREAK             shift, and go to state 85
    rwASSERT            shift, and go to state 20
    INTCONST            shift, and go to state 21
    TTAG                shift, and go to state 86
    VAR                 shift, and go to state 23
    IDENT               shift, and go to state 24
    STRATOM             shift, and go to state 26
    TAGATOM             shift, and go to state 27
    FLTCONST            shift, and go to state 28
    '-'                 shift, and go to state 29
    '*'                 shift, and go to state 30
    '('                 shift, and go to state 31
    '~'                 shift, and go to state 32
    '!'                 shift, and go to state 33
    rwPRINT             shift, and go to state 34
    rwPRINTF            shift, and go to state 35
    rwSPRINTF           shift, and go to state 36
    rwRANDOMF           shift, and go to state 37
    rwFLOOR             shift, and go to state 38
    rwCEIL              shift, and go to state 39
    rwFABS              shift, and go to state 40
    rwSIN               shift, and go to state 41
    rwCOS               shift, and go to state 42
    rwATAN              shift, and go to state 43
    rwTANH              shift, and go to state 44
    rwSQRT              shift, and go to state 45
    rwISZERO            shift, and go to state 46
    rwFMOD              shift, and go to state 47
    rwMIN               shift, and go to state 48
    rwMAX               shift, and go to state 49
    rwATAN2             shift, and go to state 50
    rwPOW               shift, and go to state 51
    rwCLAMP             shift, and go to state 52
    rwCLAMPF            shift, and go to state 53
    rwLERP              shift, and go to state 54
    rwSMOOTHSTEP        shift, and go to state 55
    rwFN                shift, and go to state 56

    object_decl          go to state 63
    expr                 go to state 212
    slot_acc             go to state 71
    intslot_acc          go to state 72
    stmt_expr            go to state 90
    funcall_expr         go to state 74
    assert_expr          go to state 75
    inline_command_expr  go to state 76


State 109

  149 assign_op_struct: opMIASN • expr

    rwDECLARE           shift, and go to state 5
    rwDECLARESINGLETON  shift, and go to state 6
    rwBREAK             shift, and go to state 85
    rwASSERT            shift, and go to state 20
    INTCONST            shift, and go to state 21
    TTAG                shift, and go to state 86
    VAR                 shift, and go to state 23
    IDENT               shift, and go to state 24
    STRATOM             shift, and go to state 26
    TAGATOM             shift, and go to state 27
    FLTCONST            shift, and go to state 28
    '-'                 shift, and go to state 29
    '*'                 shift, and go to state 30
    '('                 shift, and go to state 31
    '~'                 shift, and go to state 32
    '!'                 shift, and go to state 33
    rwPRINT             shift, and go to state 34
    rwPRINTF            shift, and go to state 35
    rwSPRINTF           shift, and go to state 36
    rwRANDOMF           shift, and go to state 37
    rwFLOOR             shift, and go to state 38
    rwCEIL              shift, and go to state 39
    rwFABS              shift, and go to state 40
    rwSIN               shift, and go to state 41
    rwCOS               shift, and go to state 42
    rwATAN              shift, and go to state 43
    rwTANH              shift, and go to state 44
    rwSQRT              shift, and go to state 45
    rwISZERO            shift, and go to state 46
    rwFMOD              shift, and go to state 47
    rwMIN               shift, and go to state 48
    rwMAX               shift, and go to state 49
    rwATAN2             shift, and go to state 50
    rwPOW               shift, and go to state 51
    rwCLAMP             shift, and go to state 52
    rwCLAMPF            shift, and go to state 53
    rwLERP              shift, and go to state 54
    rwSMOOTHSTEP        shift, and go to state 55
    rwFN                shift, and go to state 56

    object_decl          go to state 63
    expr                 go to state 213
    slot_acc             go to state 71
    intslot_acc          go to state 72
    stmt_expr            go to state 90
    funcall_expr         go to state 74
    assert_expr          go to state 75
    inline_command_expr  go to state 76


State 110

  150 assign_op_struct: opMLASN • expr

    rwDECLARE           shift, and go to state 5
    rwDECLARESINGLETON  shift, and go to state 6
    rwBREAK             shift, and go to state 85
    rwASSERT            shift, and go to state 20
    INTCONST            shift, and go to state 21
    TTAG                shift, and go to state 86
    VAR                 shift, and go to state 23
    IDENT               shift, and go to state 24
    STRATOM             shift, and go to state 26
    TAGATOM             shift, and go to state 27
    FLTCONST            shift, and go to state 28
    '-'                 shift, and go to state 29
    '*'                 shift, and go to state 30
    '('                 shift, and go to state 31
    '~'                 shift, and go to state 32
    '!'                 shift, and go to state 33
    rwPRINT             shift, and go to state 34
    rwPRINTF            shift, and go to state 35
    rwSPRINTF           shift, and go to state 36
    rwRANDOMF           shift, and go to state 37
    rwFLOOR             shift, and go to state 38
    rwCEIL              shift, and go to state 39
    rwFABS              shift, and go to state 40
    rwSIN               shift, and go to state 41
    rwCOS               shift, and go to state 42
    rwATAN              shift, and go to state 43
    rwTANH              shift, and go to state 44
    rwSQRT              shift, and go to state 45
    rwISZERO            shift, and go to state 46
    rwFMOD              shift, and go to state 47
    rwMIN               shift, and go to state 48
    rwMAX               shift, and go to state 49
    rwATAN2             shift, and go to state 50
    rwPOW               shift, and go to state 51
    rwCLAMP             shift, and go to state 52
    rwCLAMPF            shift, and go to state 53
    rwLERP              shift, and go to state 54
    rwSMOOTHSTEP        shift, and go to state 55
    rwFN                shift, and go to state 56

    object_decl          go to state 63
    expr                 go to state 214
    slot_acc             go to state 71
    intslot_acc          go to state 72
    stmt_expr            go to state 90
    funcall_expr         go to state 74
    assert_expr          go to state 75
    inline_command_expr  go to state 76


State 111

  151 assign_op_struct: opDVASN • expr

    rwDECLARE           shift, and go to state 5
    rwDECLARESINGLETON  shift, and go to state 6
    rwBREAK             shift, and go to state 85
    rwASSERT            shift, and go to state 20
    INTCONST            shift, and go to state 21
    TTAG                shift, and go to state 86
    VAR                 shift, and go to state 23
    IDENT               shift, and go to state 24
    STRATOM             shift, and go to state 26
    TAGATOM             shift, and go to state 27
    FLTCONST            shift, and go to state 28
    '-'                 shift, and go to state 29
    '*'                 shift, and go to state 30
    '('                 shift, and go to state 31
    '~'                 shift, and go to state 32
    '!'                 shift, and go to state 33
    rwPRINT             shift, and go to state 34
    rwPRINTF            shift, and go to state 35
    rwSPRINTF           shift, and go to state 36
    rwRANDOMF           shift, and go to state 37
    rwFLOOR             shift, and go to state 38
    rwCEIL              shift, and go to state 39
    rwFABS              shift, and go to state 40
    rwSIN               shift, and go to state 41
    rwCOS               shift, and go to state 42
    rwATAN              shift, and go to state 43
    rwTANH              shift, and go to state 44
    rwSQRT              shift, and go to state 45
    rwISZERO            shift, and go to state 46
    rwFMOD              shift, and go to state 47
    rwMIN               shift, and go to state 48
    rwMAX               shift, and go to state 49
    rwATAN2             shift, and go to state 50
    rwPOW               shift, and go to state 51
    rwCLAMP             shift, and go to state 52
    rwCLAMPF            shift, and go to state 53
    rwLERP              shift, and go to state 54
    rwSMOOTHSTEP        shift, and go to state 55
    rwFN                shift, and go to state 56

    object_decl          go to state 63
    expr                 go to state 215
    slot_acc             go to state 71
    intslot_acc          go to state 72
    stmt_expr            go to state 90
    funcall_expr         go to state 74
    assert_expr          go to state 75
    inline_command_expr  go to state 76


State 112

  152 assign_op_struct: opMODASN • expr

    rwDECLARE           shift, and go to state 5
    rwDECLARESINGLETON  shift, and go to state 6
    rwBREAK             shift, and go to state 85
    rwASSERT            shift, and go to state 20
    INTCONST            shift, and go to state 21
    TTAG                shift, and go to state 86
    VAR                 shift, and go to state 23
    IDENT               shift, and go to state 24
    STRATOM             shift, and go to state 26
    TAGATOM             shift, and go to state 27
    FLTCONST            shift, and go to state 28
    '-'                 shift, and go to state 29
    '*'                 shift, and go to state 30
    '('                 shift, and go to state 31
    '~'                 shift, and go to state 32
    '!'                 shift, and go to state 33
    rwPRINT             shift, and go to state 34
    rwPRINTF            shift, and go to state 35
    rwSPRINTF           shift, and go to state 36
    rwRANDOMF           shift, and go to state 37
    rwFLOOR             shift, and go to state 38
    rwCEIL              shift, and go to state 39
    rwFABS              shift, and go to state 40
    rwSIN               shift, and go to state 41
    rwCOS               shift, and go to state 42
    rwATAN              shift, and go to state 43
    rwTANH              shift, and go to state 44
    rwSQRT              shift, and go to state 45
    rwISZERO            shift, and go to state 46
    rwFMOD              shift, and go to state 47
    rwMIN               shift, and go to state 48
    rwMAX               shift, and go to state 49
    rwATAN2             shift, and go to state 50
    rwPOW               shift, and go to state 51
    rwCLAMP             shift, and go to state 52
    rwCLAMPF            shift, and go to state 53
    rwLERP              shift, and go to state 54
    rwSMOOTHSTEP        shift, and go to state 55
    rwFN                shift, and go to state 56

    object_decl          go to state 63
    expr                 go to state 216
    slot_acc             go to state 71
    intslot_acc          go to state 72
    stmt_expr            go to state 90
    funcall_expr         go to state 74
    assert_expr          go to state 75
    inline_command_expr  go to state 76


State 113

  153 assign_op_struct: opANDASN • expr

    rwDECLARE           shift, and go to state 5
    rwDECLARESINGLETON  shift, and go to state 6
    rwBREAK             shift, and go to state 85
    rwASSERT            shift, and go to state 20
    INTCONST            shift, and go to state 21
    TTAG                shift, and go to state 86
    VAR                 shift, and go to state 23
    IDENT               shift, and go to state 24
    STRATOM             shift, and go to state 26
    TAGATOM             shift, and go to state 27
    FLTCONST            shift, and go to state 28
    '-'                 shift, and go to state 29
    '*'                 shift, and go to state 30
    '('                 shift, and go to state 31
    '~'                 shift, and go to state 32
    '!'                 shift, and go to state 33
    rwPRINT             shift, and go to state 34
    rwPRINTF            shift, and go to state 35
    rwSPRINTF           shift, and go to state 36
    rwRANDOMF           shift, and go to state 37
    rwFLOOR             shift, and go to state 38
    rwCEIL              shift, and go to state 39
    rwFABS              shift, and go to state 40
    rwSIN               shift, and go to state 41
    rwCOS               shift, and go to state 42
    rwATAN              shift, and go to state 43
    rwTANH              shift, and go to state 44
    rwSQRT              shift, and go to state 45
    rwISZERO            shift, and go to state 46
    rwFMOD              shift, and go to state 47
    rwMIN               shift, and go to state 48
    rwMAX               shift, and go to state 49
    rwATAN2             shift, and go to state 50
    rwPOW               shift, and go to state 51
    rwCLAMP             shift, and go to state 52
    rwCLAMPF            shift, and go to state 53
    rwLERP              shift, and go to state 54
    rwSMOOTHSTEP        shift, and go to state 55
    rwFN                shift, and go to state 56

    object_decl          go to state 63
    expr                 go to state 217
    slot_acc             go to state 71
    intslot_acc          go to state 72
    stmt_expr            go to state 90
    funcall_expr         go to state 74
    assert_expr          go to state 75
    inline_command_expr  go to state 76


State 114

  154 assign_op_struct: opXORASN • expr

    rwDECLARE           shift, and go to state 5
    rwDECLARESINGLETON  shift, and go to state 6
    rwBREAK             shift, and go to state 85
    rwASSERT            shift, and go to state 20
    INTCONST            shift, and go to state 21
    TTAG                shift, and go to state 86
    VAR                 shift, and go to state 23
    IDENT               shift, and go to state 24
    STRATOM             shift, and go to state 26
    TAGATOM             shift, and go to state 27
    FLTCONST            shift, and go to state 28
    '-'                 shift, and go to state 29
    '*'                 shift, and go to state 30
    '('                 shift, and go to state 31
    '~'                 shift, and go to state 32
    '!'                 shift, and go to state 33
    rwPRINT             shift, and go to state 34
    rwPRINTF            shift, and go to state 35
    rwSPRINTF           shift, and go to state 36
    rwRANDOMF           shift, and go to state 37
    rwFLOOR             shift, and go to state 38
    rwCEIL              shift, and go to state 39
    rwFABS              shift, and go to state 40
    rwSIN               shift, and go to state 41
    rwCOS               shift, and go to state 42
    rwATAN              shift, and go to state 43
    rwTANH              shift, and go to state 44
    rwSQRT              shift, and go to state 45
    rwISZERO            shift, and go to state 46
    rwFMOD              shift, and go to state 47
    rwMIN               shift, and go to state 48
    rwMAX               shift, and go to state 49
    rwATAN2             shift, and go to state 50
    rwPOW               shift, and go to state 51
    rwCLAMP             shift, and go to state 52
    rwCLAMPF            shift, and go to state 53
    rwLERP              shift, and go to state 54
    rwSMOOTHSTEP        shift, and go to state 55
    rwFN                shift, and go to state 56

    object_decl          go to state 63
    expr                 go to state 218
    slot_acc             go to state 71
    intslot_acc          go to state 72
    stmt_expr            go to state 90
    funcall_expr         go to state 74
    assert_expr          go to state 75
    inline_command_expr  go to state 76


State 115

  155 assign_op_struct: opORASN • expr

    rwDECLARE           shift, and go to state 5
    rwDECLARESINGLETON  shift, and go to state 6
    rwBREAK             shift, and go to state 85
    rwASSERT            shift, and go to state 20
    INTCONST            shift, and go to state 21
    TTAG                shift, and go to state 86
    VAR                 shift, and go to state 23
    IDENT               shift, and go to state 24
    STRATOM             shift, and go to state 26
    TAGATOM             shift, and go to state 27
    FLTCONST            shift, and go to state 28
    '-'                 shift, and go to state 29
    '*'                 shift, and go to state 30
    '('                 shift, and go to state 31
    '~'                 shift, and go to state 32
    '!'                 shift, and go to state 33
    rwPRINT             shift, and go to state 34
    rwPRINTF            shift, and go to state 35
    rwSPRINTF           shift, and go to state 36
    rwRANDOMF           shift, and go to state 37
    rwFLOOR             shift, and go to state 38
    rwCEIL              shift, and go to state 39
    rwFABS              shift, and go to state 40
    rwSIN               shift, and go to state 41
    rwCOS               shift, and go to state 42
    rwATAN              shift, and go to state 43
    rwTANH              shift, and go to state 44
    rwSQRT              shift, and go to state 45
    rwISZERO            shift, and go to state 46
    rwFMOD              shift, and go to state 47
    rwMIN               shift, and go to state 48
    rwMAX               shift, and go to state 49
    rwATAN2             shift, and go to state 50
    rwPOW               shift, and go to state 51
    rwCLAMP             shift, and go to state 52
    rwCLAMPF            shift, and go to state 53
    rwLERP              shift, and go to state 54
    rwSMOOTHSTEP        shift, and go to state 55
    rwFN                shift, and go to state 56

    object_decl          go to state 63
    expr                 go to state 219
    slot_acc             go to state 71
    intslot_acc          go to state 72
    stmt_expr            go to state 90
    funcall_expr         go to state 74
    assert_expr          go to state 75
    inline_command_expr  go to state 76


State 116

  156 assign_op_struct: opSLASN • expr

    rwDECLARE           shift, and go to state 5
    rwDECLARESINGLETON  shift, and go to state 6
    rwBREAK             shift, and go to state 85
    rwASSERT            shift, and go to state 20
    INTCONST            shift, and go to state 21
    TTAG                shift, and go to state 86
    VAR                 shift, and go to state 23
    IDENT               shift, and go to state 24
    STRATOM             shift, and go to state 26
    TAGATOM             shift, and go to state 27
    FLTCONST            shift, and go to state 28
    '-'                 shift, and go to state 29
    '*'                 shift, and go to state 30
    '('                 shift, and go to state 31
    '~'                 shift, and go to state 32
    '!'                 shift, and go to state 33
    rwPRINT             shift, and go to state 34
    rwPRINTF            shift, and go to state 35
    rwSPRINTF           shift, and go to state 36
    rwRANDOMF           shift, and go to state 37
    rwFLOOR             shift, and go to state 38
    rwCEIL              shift, and go to state 39
    rwFABS              shift, and go to state 40
    rwSIN               shift, and go to state 41
    rwCOS               shift, and go to state 42
    rwATAN              shift, and go to state 43
    rwTANH              shift, and go to state 44
    rwSQRT              shift, and go to state 45
    rwISZERO            shift, and go to state 46
    rwFMOD              shift, and go to state 47
    rwMIN               shift, and go to state 48
    rwMAX               shift, and go to state 49
    rwATAN2             shift, and go to state 50
    rwPOW               shift, and go to state 51
    rwCLAMP             shift, and go to state 52
    rwCLAMPF            shift, and go to state 53
    rwLERP              shift, and go to state 54
    rwSMOOTHSTEP        shift, and go to state 55
    rwFN                shift, and go to state 56

    object_decl          go to state 63
    expr                 go to state 220
    slot_acc             go to state 71
    intslot_acc          go to state 72
    stmt_expr            go to state 90
    funcall_expr         go to state 74
    assert_expr          go to state 75
    inline_command_expr  go to state 76


State 117

  157 assign_op_struct: opSRASN • expr

    rwDECLARE           shift, and go to state 5
    rwDECLARESINGLETON  shift, and go to state 6
    rwBREAK             shift, and go to state 85
    rwASSERT            shift, and go to state 20
    INTCONST            shift, and go to state 21
    TTAG                shift, and go to state 86
    VAR                 shift, and go to state 23
    IDENT               shift, and go to state 24
    STRATOM             shift, and go to state 26
    TAGATOM             shift, and go to state 27
    FLTCONST            shift, and go to state 28
    '-'                 shift, and go to state 29
    '*'                 shift, and go to state 30
    '('                 shift, and go to state 31
    '~'                 shift, and go to state 32
    '!'                 shift, and go to state 33
    rwPRINT             shift, and go to state 34
    rwPRINTF            shift, and go to state 35
    rwSPRINTF           shift, and go to state 36
    rwRANDOMF           shift, and go to state 37
    rwFLOOR             shift, and go to state 38
    rwCEIL              shift, and go to state 39
    rwFABS              shift, and go to state 40
    rwSIN               shift, and go to state 41
    rwCOS               shift, and go to state 42
    rwATAN              shift, and go to state 43
    rwTANH              shift, and go to state 44
    rwSQRT              shift, and go to state 45
    rwISZERO            shift, and go to state 46
    rwFMOD              shift, and go to state 47
    rwMIN               shift, and go to state 48
    rwMAX               shift, and go to state 49
    rwATAN2             shift, and go to state 50
    rwPOW               shift, and go to state 51
    rwCLAMP             shift, and go to state 52
    rwCLAMPF            shift, and go to state 53
    rwLERP              shift, and go to state 54
    rwSMOOTHSTEP        shift, and go to state 55
    rwFN                shift, and go to state 56

    object_decl          go to state 63
    expr                 go to state 221
    slot_acc             go to state 71
    intslot_acc          go to state 72
    stmt_expr            go to state 90
    funcall_expr         go to state 74
    assert_expr          go to state 75
    inline_command_expr  go to state 76


State 118

  138 expr: VAR '[' • aidx_expr ']'
  165 stmt_expr: VAR '[' • aidx_expr ']' '=' expr
  166          | VAR '[' • aidx_expr ']' '=' '{' expr_list '}'
  168          | VAR '[' • aidx_expr ']' assign_op_struct

    rwDECLARE           shift, and go to state 5
    rwDECLARESINGLETON  shift, and go to state 6
    rwBREAK             shift, and go to state 85
    rwASSERT            shift, and go to state 20
    INTCONST            shift, and go to state 21
    TTAG                shift, and go to state 86
    VAR                 shift, and go to state 23
    IDENT               shift, and go to state 24
    STRATOM             shift, and go to state 26
    TAGATOM             shift, and go to state 27
    FLTCONST            shift, and go to state 28
    '-'                 shift, and go to state 29
    '*'                 shift, and go to state 30
    '('                 shift, and go to state 31
    '~'                 shift, and go to state 32
    '!'                 shift, and go to state 33
    rwPRINT             shift, and go to state 34
    rwPRINTF            shift, and go to state 35
    rwSPRINTF           shift, and go to state 36
    rwRANDOMF           shift, and go to state 37
    rwFLOOR             shift, and go to state 38
    rwCEIL              shift, and go to state 39
    rwFABS              shift, and go to state 40
    rwSIN               shift, and go to state 41
    rwCOS               shift, and go to state 42
    rwATAN              shift, and go to state 43
    rwTANH              shift, and go to state 44
    rwSQRT              shift, and go to state 45
    rwISZERO            shift, and go to state 46
    rwFMOD              shift, and go to state 47
    rwMIN               shift, and go to state 48
    rwMAX               shift, and go to state 49
    rwATAN2             shift, and go to state 50
    rwPOW               shift, and go to state 51
    rwCLAMP             shift, and go to state 52
    rwCLAMPF            shift, and go to state 53
    rwLERP              shift, and go to state 54
    rwSMOOTHSTEP        shift, and go to state 55
    rwFN                shift, and go to state 56

    object_decl          go to state 63
    expr                 go to state 222
    slot_acc             go to state 71
    intslot_acc          go to state 72
    stmt_expr            go to state 90
    funcall_expr         go to state 74
    assert_expr          go to state 75
    inline_command_expr  go to state 76
    aidx_expr            go to state 223


State 119

  167 stmt_expr: VAR assign_op_struct •

    $default  reduce using rule 167 (stmt_expr)


State 120

  173 funcall_expr: IDENT '(' • func_arg_list_decl ')'

    rwDECLARE           shift, and go to state 5
    rwDECLARESINGLETON  shift, and go to state 6
    rwBREAK             shift, and go to state 85
    rwASSERT            shift, and go to state 20
    INTCONST            shift, and go to state 21
    TTAG                shift, and go to state 86
    VAR                 shift, and go to state 23
    IDENT               shift, and go to state 24
    STRATOM             shift, and go to state 26
    TAGATOM             shift, and go to state 27
    FLTCONST            shift, and go to state 28
    '-'                 shift, and go to state 29
    '*'                 shift, and go to state 30
    '('                 shift, and go to state 31
    '{'                 shift, and go to state 207
    '~'                 shift, and go to state 32
    '!'                 shift, and go to state 33
    rwPRINT             shift, and go to state 34
    rwPRINTF            shift, and go to state 35
    rwSPRINTF           shift, and go to state 36
    rwRANDOMF           shift, and go to state 37
    rwFLOOR             shift, and go to state 38
    rwCEIL              shift, and go to state 39
    rwFABS              shift, and go to state 40
    rwSIN               shift, and go to state 41
    rwCOS               shift, and go to state 42
    rwATAN              shift, and go to state 43
    rwTANH              shift, and go to state 44
    rwSQRT              shift, and go to state 45
    rwISZERO            shift, and go to state 46
    rwFMOD              shift, and go to state 47
    rwMIN               shift, and go to state 48
    rwMAX               shift, and go to state 49
    rwATAN2             shift, and go to state 50
    rwPOW               shift, and go to state 51
    rwCLAMP             shift, and go to state 52
    rwCLAMPF            shift, and go to state 53
    rwLERP              shift, and go to state 54
    rwSMOOTHSTEP        shift, and go to state 55
    rwFN                shift, and go to state 56

    $default  reduce using rule 181 (func_arg_list_decl)

    object_decl          go to state 63
    expr                 go to state 208
    slot_acc             go to state 71
    intslot_acc          go to state 72
    stmt_expr            go to state 90
    funcall_expr         go to state 74
    func_arg_item        go to state 209
    func_arg_list        go to state 210
    func_arg_list_decl   go to state 224
    assert_expr          go to state 75
    inline_command_expr  go to state 76


State 121

  174 funcall_expr: IDENT opCOLONCOLON • IDENT '(' func_arg_list_decl ')'

    IDENT  shift, and go to state 225


State 122

   99 expr: expr • '^' expr
  100     | expr • '%' expr
  101     | expr • '&' expr
  102     | expr • '|' expr
  103     | expr • '+' expr
  104     | expr • '-' expr
  105     | expr • '*' expr
  106     | expr • '/' expr
  107     | '-' expr •
  110     | expr • '?' expr ':' expr
  111     | expr • '?' '{' expr_list '}' ':' '{' expr_list '}'
  112     | expr • '?' expr ':' '{' expr_list '}'
  113     | expr • '?' '{' expr_list '}' ':' expr
  114     | expr • '<' expr
  115     | expr • '>' expr
  116     | expr • opGE expr
  117     | expr • opLE expr
  118     | expr • opEQ expr
  119     | expr • opNE expr
  120     | expr • opOR expr
  121     | expr • opSHL expr
  122     | expr • opSHR expr
  123     | expr • opAND expr
  124     | expr • opSTREQ expr
  125     | expr • opSTRNE expr
  126     | expr • '@' expr
  140 slot_acc: expr • '.' IDENT
  141         | expr • '.' IDENT '[' aidx_expr ']'
  142 intslot_acc: expr • opINTNAME class_name_expr
  143            | expr • opINTNAMER class_name_expr
  175 funcall_expr: expr • '.' IDENT '(' func_arg_list_decl ')'

    '.'         shift, and go to state 160
    opINTNAME   shift, and go to state 166
    opINTNAMER  shift, and go to state 167

    $default  reduce using rule 107 (expr)


State 123

   99 expr: expr • '^' expr
  100     | expr • '%' expr
  101     | expr • '&' expr
  102     | expr • '|' expr
  103     | expr • '+' expr
  104     | expr • '-' expr
  105     | expr • '*' expr
  106     | expr • '/' expr
  108     | '*' expr •
  110     | expr • '?' expr ':' expr
  111     | expr • '?' '{' expr_list '}' ':' '{' expr_list '}'
  112     | expr • '?' expr ':' '{' expr_list '}'
  113     | expr • '?' '{' expr_list '}' ':' expr
  114     | expr • '<' expr
  115     | expr • '>' expr
  116     | expr • opGE expr
  117     | expr • opLE expr
  118     | expr • opEQ expr
  119     | expr • opNE expr
  120     | expr • opOR expr
  121     | expr • opSHL expr
  122     | expr • opSHR expr
  123     | expr • opAND expr
  124     | expr • opSTREQ expr
  125     | expr • opSTRNE expr
  126     | expr • '@' expr
  140 slot_acc: expr • '.' IDENT
  141         | expr • '.' IDENT '[' aidx_expr ']'
  142 intslot_acc: expr • opINTNAME class_name_expr
  143            | expr • opINTNAMER class_name_expr
  175 funcall_expr: expr • '.' IDENT '(' func_arg_list_decl ')'

    '.'         shift, and go to state 160
    opINTNAME   shift, and go to state 166
    opINTNAMER  shift, and go to state 167

    $default  reduce using rule 108 (expr)


State 124

   98 expr: '(' expr • ')'
   99     | expr • '^' expr
  100     | expr • '%' expr
  101     | expr • '&' expr
  102     | expr • '|' expr
  103     | expr • '+' expr
  104     | expr • '-' expr
  105     | expr • '*' expr
  106     | expr • '/' expr
  110     | expr • '?' expr ':' expr
  111     | expr • '?' '{' expr_list '}' ':' '{' expr_list '}'
  112     | expr • '?' expr ':' '{' expr_list '}'
  113     | expr • '?' '{' expr_list '}' ':' expr
  114     | expr • '<' expr
  115     | expr • '>' expr
  116     | expr • opGE expr
  117     | expr • opLE expr
  118     | expr • opEQ expr
  119     | expr • opNE expr
  120     | expr • opOR expr
  121     | expr • opSHL expr
  122     | expr • opSHR expr
  123     | expr • opAND expr
  124     | expr • opSTREQ expr
  125     | expr • opSTRNE expr
  126     | expr • '@' expr
  140 slot_acc: expr • '.' IDENT
  141         | expr • '.' IDENT '[' aidx_expr ']'
  142 intslot_acc: expr • opINTNAME class_name_expr
  143            | expr • opINTNAMER class_name_expr
  175 funcall_expr: expr • '.' IDENT '(' func_arg_list_decl ')'

    '+'         shift, and go to state 154
    '-'         shift, and go to state 155
    '*'         shift, and go to state 156
    '/'         shift, and go to state 157
    '<'         shift, and go to state 158
    '>'         shift, and go to state 159
    '.'         shift, and go to state 160
    '|'         shift, and go to state 161
    '&'         shift, and go to state 162
    '%'         shift, and go to state 163
    ')'         shift, and go to state 226
    '^'         shift, and go to state 164
    '@'         shift, and go to state 165
    opINTNAME   shift, and go to state 166
    opINTNAMER  shift, and go to state 167
    opSHL       shift, and go to state 168
    opSHR       shift, and go to state 169
    opEQ        shift, and go to state 170
    opNE        shift, and go to state 171
    opGE        shift, and go to state 172
    opLE        shift, and go to state 173
    opAND       shift, and go to state 174
    opOR        shift, and go to state 175
    opSTREQ     shift, and go to state 176
    opSTRNE     shift, and go to state 177
    '?'         shift, and go to state 178


State 125

   99 expr: expr • '^' expr
  100     | expr • '%' expr
  101     | expr • '&' expr
  102     | expr • '|' expr
  103     | expr • '+' expr
  104     | expr • '-' expr
  105     | expr • '*' expr
  106     | expr • '/' expr
  110     | expr • '?' expr ':' expr
  111     | expr • '?' '{' expr_list '}' ':' '{' expr_list '}'
  112     | expr • '?' expr ':' '{' expr_list '}'
  113     | expr • '?' '{' expr_list '}' ':' expr
  114     | expr • '<' expr
  115     | expr • '>' expr
  116     | expr • opGE expr
  117     | expr • opLE expr
  118     | expr • opEQ expr
  119     | expr • opNE expr
  120     | expr • opOR expr
  121     | expr • opSHL expr
  122     | expr • opSHR expr
  123     | expr • opAND expr
  124     | expr • opSTREQ expr
  125     | expr • opSTRNE expr
  126     | expr • '@' expr
  128     | '~' expr •
  140 slot_acc: expr • '.' IDENT
  141         | expr • '.' IDENT '[' aidx_expr ']'
  142 intslot_acc: expr • opINTNAME class_name_expr
  143            | expr • opINTNAMER class_name_expr
  175 funcall_expr: expr • '.' IDENT '(' func_arg_list_decl ')'

    '.'         shift, and go to state 160
    opINTNAME   shift, and go to state 166
    opINTNAMER  shift, and go to state 167

    $default  reduce using rule 128 (expr)


State 126

   99 expr: expr • '^' expr
  100     | expr • '%' expr
  101     | expr • '&' expr
  102     | expr • '|' expr
  103     | expr • '+' expr
  104     | expr • '-' expr
  105     | expr • '*' expr
  106     | expr • '/' expr
  110     | expr • '?' expr ':' expr
  111     | expr • '?' '{' expr_list '}' ':' '{' expr_list '}'
  112     | expr • '?' expr ':' '{' expr_list '}'
  113     | expr • '?' '{' expr_list '}' ':' expr
  114     | expr • '<' expr
  115     | expr • '>' expr
  116     | expr • opGE expr
  117     | expr • opLE expr
  118     | expr • opEQ expr
  119     | expr • opNE expr
  120     | expr • opOR expr
  121     | expr • opSHL expr
  122     | expr • opSHR expr
  123     | expr • opAND expr
  124     | expr • opSTREQ expr
  125     | expr • opSTRNE expr
  126     | expr • '@' expr
  127     | '!' expr •
  140 slot_acc: expr • '.' IDENT
  141         | expr • '.' IDENT '[' aidx_expr ']'
  142 intslot_acc: expr • opINTNAME class_name_expr
  143            | expr • opINTNAMER class_name_expr
  175 funcall_expr: expr • '.' IDENT '(' func_arg_list_decl ')'

    '.'         shift, and go to state 160
    opINTNAME   shift, and go to state 166
    opINTNAMER  shift, and go to state 167

    $default  reduce using rule 127 (expr)


State 127

  185 inline_command_expr: rwPRINT '(' • expr_list ')'

    rwDECLARE           shift, and go to state 5
    rwDECLARESINGLETON  shift, and go to state 6
    rwBREAK             shift, and go to state 85
    rwASSERT            shift, and go to state 20
    INTCONST            shift, and go to state 21
    TTAG                shift, and go to state 86
    VAR                 shift, and go to state 23
    IDENT               shift, and go to state 24
    STRATOM             shift, and go to state 26
    TAGATOM             shift, and go to state 27
    FLTCONST            shift, and go to state 28
    '-'                 shift, and go to state 29
    '*'                 shift, and go to state 30
    '('                 shift, and go to state 31
    '~'                 shift, and go to state 32
    '!'                 shift, and go to state 33
    rwPRINT             shift, and go to state 34
    rwPRINTF            shift, and go to state 35
    rwSPRINTF           shift, and go to state 36
    rwRANDOMF           shift, and go to state 37
    rwFLOOR             shift, and go to state 38
    rwCEIL              shift, and go to state 39
    rwFABS              shift, and go to state 40
    rwSIN               shift, and go to state 41
    rwCOS               shift, and go to state 42
    rwATAN              shift, and go to state 43
    rwTANH              shift, and go to state 44
    rwSQRT              shift, and go to state 45
    rwISZERO            shift, and go to state 46
    rwFMOD              shift, and go to state 47
    rwMIN               shift, and go to state 48
    rwMAX               shift, and go to state 49
    rwATAN2             shift, and go to state 50
    rwPOW               shift, and go to state 51
    rwCLAMP             shift, and go to state 52
    rwCLAMPF            shift, and go to state 53
    rwLERP              shift, and go to state 54
    rwSMOOTHSTEP        shift, and go to state 55
    rwFN                shift, and go to state 56

    object_decl          go to state 63
    expr                 go to state 187
    slot_acc             go to state 71
    intslot_acc          go to state 72
    stmt_expr            go to state 90
    funcall_expr         go to state 74
    assert_expr          go to state 75
    inline_command_expr  go to state 76
    expr_list            go to state 227


State 128

  186 inline_command_expr: rwPRINTF '(' • expr_list ')'

    rwDECLARE           shift, and go to state 5
    rwDECLARESINGLETON  shift, and go to state 6
    rwBREAK             shift, and go to state 85
    rwASSERT            shift, and go to state 20
    INTCONST            shift, and go to state 21
    TTAG                shift, and go to state 86
    VAR                 shift, and go to state 23
    IDENT               shift, and go to state 24
    STRATOM             shift, and go to state 26
    TAGATOM             shift, and go to state 27
    FLTCONST            shift, and go to state 28
    '-'                 shift, and go to state 29
    '*'                 shift, and go to state 30
    '('                 shift, and go to state 31
    '~'                 shift, and go to state 32
    '!'                 shift, and go to state 33
    rwPRINT             shift, and go to state 34
    rwPRINTF            shift, and go to state 35
    rwSPRINTF           shift, and go to state 36
    rwRANDOMF           shift, and go to state 37
    rwFLOOR             shift, and go to state 38
    rwCEIL              shift, and go to state 39
    rwFABS              shift, and go to state 40
    rwSIN               shift, and go to state 41
    rwCOS               shift, and go to state 42
    rwATAN              shift, and go to state 43
    rwTANH              shift, and go to state 44
    rwSQRT              shift, and go to state 45
    rwISZERO            shift, and go to state 46
    rwFMOD              shift, and go to state 47
    rwMIN               shift, and go to state 48
    rwMAX               shift, and go to state 49
    rwATAN2             shift, and go to state 50
    rwPOW               shift, and go to state 51
    rwCLAMP             shift, and go to state 52
    rwCLAMPF            shift, and go to state 53
    rwLERP              shift, and go to state 54
    rwSMOOTHSTEP        shift, and go to state 55
    rwFN                shift, and go to state 56

    object_decl          go to state 63
    expr                 go to state 187
    slot_acc             go to state 71
    intslot_acc          go to state 72
    stmt_expr            go to state 90
    funcall_expr         go to state 74
    assert_expr          go to state 75
    inline_command_expr  go to state 76
    expr_list            go to state 228


State 129

  187 inline_command_expr: rwSPRINTF '(' • expr_list ')'

    rwDECLARE           shift, and go to state 5
    rwDECLARESINGLETON  shift, and go to state 6
    rwBREAK             shift, and go to state 85
    rwASSERT            shift, and go to state 20
    INTCONST            shift, and go to state 21
    TTAG                shift, and go to state 86
    VAR                 shift, and go to state 23
    IDENT               shift, and go to state 24
    STRATOM             shift, and go to state 26
    TAGATOM             shift, and go to state 27
    FLTCONST            shift, and go to state 28
    '-'                 shift, and go to state 29
    '*'                 shift, and go to state 30
    '('                 shift, and go to state 31
    '~'                 shift, and go to state 32
    '!'                 shift, and go to state 33
    rwPRINT             shift, and go to state 34
    rwPRINTF            shift, and go to state 35
    rwSPRINTF           shift, and go to state 36
    rwRANDOMF           shift, and go to state 37
    rwFLOOR             shift, and go to state 38
    rwCEIL              shift, and go to state 39
    rwFABS              shift, and go to state 40
    rwSIN               shift, and go to state 41
    rwCOS               shift, and go to state 42
    rwATAN              shift, and go to state 43
    rwTANH              shift, and go to state 44
    rwSQRT              shift, and go to state 45
    rwISZERO            shift, and go to state 46
    rwFMOD              shift, and go to state 47
    rwMIN               shift, and go to state 48
    rwMAX               shift, and go to state 49
    rwATAN2             shift, and go to state 50
    rwPOW               shift, and go to state 51
    rwCLAMP             shift, and go to state 52
    rwCLAMPF            shift, and go to state 53
    rwLERP              shift, and go to state 54
    rwSMOOTHSTEP        shift, and go to state 55
    rwFN                shift, and go to state 56

    object_decl          go to state 63
    expr                 go to state 187
    slot_acc             go to state 71
    intslot_acc          go to state 72
    stmt_expr            go to state 90
    funcall_expr         go to state 74
    assert_expr          go to state 75
    inline_command_expr  go to state 76
    expr_list            go to state 229


State 130

  188 inline_command_expr: rwRANDOMF '(' • ')'
  189                    | rwRANDOMF '(' • expr_list ')'

    rwDECLARE           shift, and go to state 5
    rwDECLARESINGLETON  shift, and go to state 6
    rwBREAK             shift, and go to state 85
    rwASSERT            shift, and go to state 20
    INTCONST            shift, and go to state 21
    TTAG                shift, and go to state 86
    VAR                 shift, and go to state 23
    IDENT               shift, and go to state 24
    STRATOM             shift, and go to state 26
    TAGATOM             shift, and go to state 27
    FLTCONST            shift, and go to state 28
    '-'                 shift, and go to state 29
    '*'                 shift, and go to state 30
    '('                 shift, and go to state 31
    ')'                 shift, and go to state 230
    '~'                 shift, and go to state 32
    '!'                 shift, and go to state 33
    rwPRINT             shift, and go to state 34
    rwPRINTF            shift, and go to state 35
    rwSPRINTF           shift, and go to state 36
    rwRANDOMF           shift, and go to state 37
    rwFLOOR             shift, and go to state 38
    rwCEIL              shift, and go to state 39
    rwFABS              shift, and go to state 40
    rwSIN               shift, and go to state 41
    rwCOS               shift, and go to state 42
    rwATAN              shift, and go to state 43
    rwTANH              shift, and go to state 44
    rwSQRT              shift, and go to state 45
    rwISZERO            shift, and go to state 46
    rwFMOD              shift, and go to state 47
    rwMIN               shift, and go to state 48
    rwMAX               shift, and go to state 49
    rwATAN2             shift, and go to state 50
    rwPOW               shift, and go to state 51
    rwCLAMP             shift, and go to state 52
    rwCLAMPF            shift, and go to state 53
    rwLERP              shift, and go to state 54
    rwSMOOTHSTEP        shift, and go to state 55
    rwFN                shift, and go to state 56

    object_decl          go to state 63
    expr                 go to state 187
    slot_acc             go to state 71
    intslot_acc          go to state 72
    stmt_expr            go to state 90
    funcall_expr         go to state 74
    assert_expr          go to state 75
    inline_command_expr  go to state 76
    expr_list            go to state 231


State 131

  190 inline_command_expr: rwFLOOR '(' • expr_list ')'

    rwDECLARE           shift, and go to state 5
    rwDECLARESINGLETON  shift, and go to state 6
    rwBREAK             shift, and go to state 85
    rwASSERT            shift, and go to state 20
    INTCONST            shift, and go to state 21
    TTAG                shift, and go to state 86
    VAR                 shift, and go to state 23
    IDENT               shift, and go to state 24
    STRATOM             shift, and go to state 26
    TAGATOM             shift, and go to state 27
    FLTCONST            shift, and go to state 28
    '-'                 shift, and go to state 29
    '*'                 shift, and go to state 30
    '('                 shift, and go to state 31
    '~'                 shift, and go to state 32
    '!'                 shift, and go to state 33
    rwPRINT             shift, and go to state 34
    rwPRINTF            shift, and go to state 35
    rwSPRINTF           shift, and go to state 36
    rwRANDOMF           shift, and go to state 37
    rwFLOOR             shift, and go to state 38
    rwCEIL              shift, and go to state 39
    rwFABS              shift, and go to state 40
    rwSIN               shift, and go to state 41
    rwCOS               shift, and go to state 42
    rwATAN              shift, and go to state 43
    rwTANH              shift, and go to state 44
    rwSQRT              shift, and go to state 45
    rwISZERO            shift, and go to state 46
    rwFMOD              shift, and go to state 47
    rwMIN               shift, and go to state 48
    rwMAX               shift, and go to state 49
    rwATAN2             shift, and go to state 50
    rwPOW               shift, and go to state 51
    rwCLAMP             shift, and go to state 52
    rwCLAMPF            shift, and go to state 53
    rwLERP              shift, and go to state 54
    rwSMOOTHSTEP        shift, and go to state 55
    rwFN                shift, and go to state 56

    object_decl          go to state 63
    expr                 go to state 187
    slot_acc             go to state 71
    intslot_acc          go to state 72
    stmt_expr            go to state 90
    funcall_expr         go to state 74
    assert_expr          go to state 75
    inline_command_expr  go to state 76
    expr_list            go to state 232


State 132

  191 inline_command_expr: rwCEIL '(' • expr_list ')'

    rwDECLARE           shift, and go to state 5
    rwDECLARESINGLETON  shift, and go to state 6
    rwBREAK             shift, and go to state 85
    rwASSERT            shift, and go to state 20
    INTCONST            shift, and go to state 21
    TTAG                shift, and go to state 86
    VAR                 shift, and go to state 23
    IDENT               shift, and go to state 24
    STRATOM             shift, and go to state 26
    TAGATOM             shift, and go to state 27
    FLTCONST            shift, and go to state 28
    '-'                 shift, and go to state 29
    '*'                 shift, and go to state 30
    '('                 shift, and go to state 31
    '~'                 shift, and go to state 32
    '!'                 shift, and go to state 33
    rwPRINT             shift, and go to state 34
    rwPRINTF            shift, and go to state 35
    rwSPRINTF           shift, and go to state 36
    rwRANDOMF           shift, and go to state 37
    rwFLOOR             shift, and go to state 38
    rwCEIL              shift, and go to state 39
    rwFABS              shift, and go to state 40
    rwSIN               shift, and go to state 41
    rwCOS               shift, and go to state 42
    rwATAN              shift, and go to state 43
    rwTANH              shift, and go to state 44
    rwSQRT              shift, and go to state 45
    rwISZERO            shift, and go to state 46
    rwFMOD              shift, and go to state 47
    rwMIN               shift, and go to state 48
    rwMAX               shift, and go to state 49
    rwATAN2             shift, and go to state 50
    rwPOW               shift, and go to state 51
    rwCLAMP             shift, and go to state 52
    rwCLAMPF            shift, and go to state 53
    rwLERP              shift, and go to state 54
    rwSMOOTHSTEP        shift, and go to state 55
    rwFN                shift, and go to state 56

    object_decl          go to state 63
    expr                 go to state 187
    slot_acc             go to state 71
    intslot_acc          go to state 72
    stmt_expr            go to state 90
    funcall_expr         go to state 74
    assert_expr          go to state 75
    inline_command_expr  go to state 76
    expr_list            go to state 233


State 133

  192 inline_command_expr: rwFABS '(' • expr_list ')'

    rwDECLARE           shift, and go to state 5
    rwDECLARESINGLETON  shift, and go to state 6
    rwBREAK             shift, and go to state 85
    rwASSERT            shift, and go to state 20
    INTCONST            shift, and go to state 21
    TTAG                shift, and go to state 86
    VAR                 shift, and go to state 23
    IDENT               shift, and go to state 24
    STRATOM             shift, and go to state 26
    TAGATOM             shift, and go to state 27
    FLTCONST            shift, and go to state 28
    '-'                 shift, and go to state 29
    '*'                 shift, and go to state 30
    '('                 shift, and go to state 31
    '~'                 shift, and go to state 32
    '!'                 shift, and go to state 33
    rwPRINT             shift, and go to state 34
    rwPRINTF            shift, and go to state 35
    rwSPRINTF           shift, and go to state 36
    rwRANDOMF           shift, and go to state 37
    rwFLOOR             shift, and go to state 38
    rwCEIL              shift, and go to state 39
    rwFABS              shift, and go to state 40
    rwSIN               shift, and go to state 41
    rwCOS               shift, and go to state 42
    rwATAN              shift, and go to state 43
    rwTANH              shift, and go to state 44
    rwSQRT              shift, and go to state 45
    rwISZERO            shift, and go to state 46
    rwFMOD              shift, and go to state 47
    rwMIN               shift, and go to state 48
    rwMAX               shift, and go to state 49
    rwATAN2             shift, and go to state 50
    rwPOW               shift, and go to state 51
    rwCLAMP             shift, and go to state 52
    rwCLAMPF            shift, and go to state 53
    rwLERP              shift, and go to state 54
    rwSMOOTHSTEP        shift, and go to state 55
    rwFN                shift, and go to state 56

    object_decl          go to state 63
    expr                 go to state 187
    slot_acc             go to state 71
    intslot_acc          go to state 72
    stmt_expr            go to state 90
    funcall_expr         go to state 74
    assert_expr          go to state 75
    inline_command_expr  go to state 76
    expr_list            go to state 234


State 134

  193 inline_command_expr: rwSIN '(' • expr_list ')'

    rwDECLARE           shift, and go to state 5
    rwDECLARESINGLETON  shift, and go to state 6
    rwBREAK             shift, and go to state 85
    rwASSERT            shift, and go to state 20
    INTCONST            shift, and go to state 21
    TTAG                shift, and go to state 86
    VAR                 shift, and go to state 23
    IDENT               shift, and go to state 24
    STRATOM             shift, and go to state 26
    TAGATOM             shift, and go to state 27
    FLTCONST            shift, and go to state 28
    '-'                 shift, and go to state 29
    '*'                 shift, and go to state 30
    '('                 shift, and go to state 31
    '~'                 shift, and go to state 32
    '!'                 shift, and go to state 33
    rwPRINT             shift, and go to state 34
    rwPRINTF            shift, and go to state 35
    rwSPRINTF           shift, and go to state 36
    rwRANDOMF           shift, and go to state 37
    rwFLOOR             shift, and go to state 38
    rwCEIL              shift, and go to state 39
    rwFABS              shift, and go to state 40
    rwSIN               shift, and go to state 41
    rwCOS               shift, and go to state 42
    rwATAN              shift, and go to state 43
    rwTANH              shift, and go to state 44
    rwSQRT              shift, and go to state 45
    rwISZERO            shift, and go to state 46
    rwFMOD              shift, and go to state 47
    rwMIN               shift, and go to state 48
    rwMAX               shift, and go to state 49
    rwATAN2             shift, and go to state 50
    rwPOW               shift, and go to state 51
    rwCLAMP             shift, and go to state 52
    rwCLAMPF            shift, and go to state 53
    rwLERP              shift, and go to state 54
    rwSMOOTHSTEP        shift, and go to state 55
    rwFN                shift, and go to state 56

    object_decl          go to state 63
    expr                 go to state 187
    slot_acc             go to state 71
    intslot_acc          go to state 72
    stmt_expr            go to state 90
    funcall_expr         go to state 74
    assert_expr          go to state 75
    inline_command_expr  go to state 76
    expr_list            go to state 235


State 135

  194 inline_command_expr: rwCOS '(' • expr_list ')'

    rwDECLARE           shift, and go to state 5
    rwDECLARESINGLETON  shift, and go to state 6
    rwBREAK             shift, and go to state 85
    rwASSERT            shift, and go to state 20
    INTCONST            shift, and go to state 21
    TTAG                shift, and go to state 86
    VAR                 shift, and go to state 23
    IDENT               shift, and go to state 24
    STRATOM             shift, and go to state 26
    TAGATOM             shift, and go to state 27
    FLTCONST            shift, and go to state 28
    '-'                 shift, and go to state 29
    '*'                 shift, and go to state 30
    '('                 shift, and go to state 31
    '~'                 shift, and go to state 32
    '!'                 shift, and go to state 33
    rwPRINT             shift, and go to state 34
    rwPRINTF            shift, and go to state 35
    rwSPRINTF           shift, and go to state 36
    rwRANDOMF           shift, and go to state 37
    rwFLOOR             shift, and go to state 38
    rwCEIL              shift, and go to state 39
    rwFABS              shift, and go to state 40
    rwSIN               shift, and go to state 41
    rwCOS               shift, and go to state 42
    rwATAN              shift, and go to state 43
    rwTANH              shift, and go to state 44
    rwSQRT              shift, and go to state 45
    rwISZERO            shift, and go to state 46
    rwFMOD              shift, and go to state 47
    rwMIN               shift, and go to state 48
    rwMAX               shift, and go to state 49
    rwATAN2             shift, and go to state 50
    rwPOW               shift, and go to state 51
    rwCLAMP             shift, and go to state 52
    rwCLAMPF            shift, and go to state 53
    rwLERP              shift, and go to state 54
    rwSMOOTHSTEP        shift, and go to state 55
    rwFN                shift, and go to state 56

    object_decl          go to state 63
    expr                 go to state 187
    slot_acc             go to state 71
    intslot_acc          go to state 72
    stmt_expr            go to state 90
    funcall_expr         go to state 74
    assert_expr          go to state 75
    inline_command_expr  go to state 76
    expr_list            go to state 236


State 136

  195 inline_command_expr: rwATAN '(' • expr_list ')'

    rwDECLARE           shift, and go to state 5
    rwDECLARESINGLETON  shift, and go to state 6
    rwBREAK             shift, and go to state 85
    rwASSERT            shift, and go to state 20
    INTCONST            shift, and go to state 21
    TTAG                shift, and go to state 86
    VAR                 shift, and go to state 23
    IDENT               shift, and go to state 24
    STRATOM             shift, and go to state 26
    TAGATOM             shift, and go to state 27
    FLTCONST            shift, and go to state 28
    '-'                 shift, and go to state 29
    '*'                 shift, and go to state 30
    '('                 shift, and go to state 31
    '~'                 shift, and go to state 32
    '!'                 shift, and go to state 33
    rwPRINT             shift, and go to state 34
    rwPRINTF            shift, and go to state 35
    rwSPRINTF           shift, and go to state 36
    rwRANDOMF           shift, and go to state 37
    rwFLOOR             shift, and go to state 38
    rwCEIL              shift, and go to state 39
    rwFABS              shift, and go to state 40
    rwSIN               shift, and go to state 41
    rwCOS               shift, and go to state 42
    rwATAN              shift, and go to state 43
    rwTANH              shift, and go to state 44
    rwSQRT              shift, and go to state 45
    rwISZERO            shift, and go to state 46
    rwFMOD              shift, and go to state 47
    rwMIN               shift, and go to state 48
    rwMAX               shift, and go to state 49
    rwATAN2             shift, and go to state 50
    rwPOW               shift, and go to state 51
    rwCLAMP             shift, and go to state 52
    rwCLAMPF            shift, and go to state 53
    rwLERP              shift, and go to state 54
    rwSMOOTHSTEP        shift, and go to state 55
    rwFN                shift, and go to state 56

    object_decl          go to state 63
    expr                 go to state 187
    slot_acc             go to state 71
    intslot_acc          go to state 72
    stmt_expr            go to state 90
    funcall_expr         go to state 74
    assert_expr          go to state 75
    inline_command_expr  go to state 76
    expr_list            go to state 237


State 137

  196 inline_command_expr: rwTANH '(' • expr_list ')'

    rwDECLARE           shift, and go to state 5
    rwDECLARESINGLETON  shift, and go to state 6
    rwBREAK             shift, and go to state 85
    rwASSERT            shift, and go to state 20
    INTCONST            shift, and go to state 21
    TTAG                shift, and go to state 86
    VAR                 shift, and go to state 23
    IDENT               shift, and go to state 24
    STRATOM             shift, and go to state 26
    TAGATOM             shift, and go to state 27
    FLTCONST            shift, and go to state 28
    '-'                 shift, and go to state 29
    '*'                 shift, and go to state 30
    '('                 shift, and go to state 31
    '~'                 shift, and go to state 32
    '!'                 shift, and go to state 33
    rwPRINT             shift, and go to state 34
    rwPRINTF            shift, and go to state 35
    rwSPRINTF           shift, and go to state 36
    rwRANDOMF           shift, and go to state 37
    rwFLOOR             shift, and go to state 38
    rwCEIL              shift, and go to state 39
    rwFABS              shift, and go to state 40
    rwSIN               shift, and go to state 41
    rwCOS               shift, and go to state 42
    rwATAN              shift, and go to state 43
    rwTANH              shift, and go to state 44
    rwSQRT              shift, and go to state 45
    rwISZERO            shift, and go to state 46
    rwFMOD              shift, and go to state 47
    rwMIN               shift, and go to state 48
    rwMAX               shift, and go to state 49
    rwATAN2             shift, and go to state 50
    rwPOW               shift, and go to state 51
    rwCLAMP             shift, and go to state 52
    rwCLAMPF            shift, and go to state 53
    rwLERP              shift, and go to state 54
    rwSMOOTHSTEP        shift, and go to state 55
    rwFN                shift, and go to state 56

    object_decl          go to state 63
    expr                 go to state 187
    slot_acc             go to state 71
    intslot_acc          go to state 72
    stmt_expr            go to state 90
    funcall_expr         go to state 74
    assert_expr          go to state 75
    inline_command_expr  go to state 76
    expr_list            go to state 238


State 138

  197 inline_command_expr: rwSQRT '(' • expr_list ')'

    rwDECLARE           shift, and go to state 5
    rwDECLARESINGLETON  shift, and go to state 6
    rwBREAK             shift, and go to state 85
    rwASSERT            shift, and go to state 20
    INTCONST            shift, and go to state 21
    TTAG                shift, and go to state 86
    VAR                 shift, and go to state 23
    IDENT               shift, and go to state 24
    STRATOM             shift, and go to state 26
    TAGATOM             shift, and go to state 27
    FLTCONST            shift, and go to state 28
    '-'                 shift, and go to state 29
    '*'                 shift, and go to state 30
    '('                 shift, and go to state 31
    '~'                 shift, and go to state 32
    '!'                 shift, and go to state 33
    rwPRINT             shift, and go to state 34
    rwPRINTF            shift, and go to state 35
    rwSPRINTF           shift, and go to state 36
    rwRANDOMF           shift, and go to state 37
    rwFLOOR             shift, and go to state 38
    rwCEIL              shift, and go to state 39
    rwFABS              shift, and go to state 40
    rwSIN               shift, and go to state 41
    rwCOS               shift, and go to state 42
    rwATAN              shift, and go to state 43
    rwTANH              shift, and go to state 44
    rwSQRT              shift, and go to state 45
    rwISZERO            shift, and go to state 46
    rwFMOD              shift, and go to state 47
    rwMIN               shift, and go to state 48
    rwMAX               shift, and go to state 49
    rwATAN2             shift, and go to state 50
    rwPOW               shift, and go to state 51
    rwCLAMP             shift, and go to state 52
    rwCLAMPF            shift, and go to state 53
    rwLERP              shift, and go to state 54
    rwSMOOTHSTEP        shift, and go to state 55
    rwFN                shift, and go to state 56

    object_decl          go to state 63
    expr                 go to state 187
    slot_acc             go to state 71
    intslot_acc          go to state 72
    stmt_expr            go to state 90
    funcall_expr         go to state 74
    assert_expr          go to state 75
    inline_command_expr  go to state 76
    expr_list            go to state 239


State 139

  198 inline_command_expr: rwISZERO '(' • expr_list ')'

    rwDECLARE           shift, and go to state 5
    rwDECLARESINGLETON  shift, and go to state 6
    rwBREAK             shift, and go to state 85
    rwASSERT            shift, and go to state 20
    INTCONST            shift, and go to state 21
    TTAG                shift, and go to state 86
    VAR                 shift, and go to state 23
    IDENT               shift, and go to state 24
    STRATOM             shift, and go to state 26
    TAGATOM             shift, and go to state 27
    FLTCONST            shift, and go to state 28
    '-'                 shift, and go to state 29
    '*'                 shift, and go to state 30
    '('                 shift, and go to state 31
    '~'                 shift, and go to state 32
    '!'                 shift, and go to state 33
    rwPRINT             shift, and go to state 34
    rwPRINTF            shift, and go to state 35
    rwSPRINTF           shift, and go to state 36
    rwRANDOMF           shift, and go to state 37
    rwFLOOR             shift, and go to state 38
    rwCEIL              shift, and go to state 39
    rwFABS              shift, and go to state 40
    rwSIN               shift, and go to state 41
    rwCOS               shift, and go to state 42
    rwATAN              shift, and go to state 43
    rwTANH              shift, and go to state 44
    rwSQRT              shift, and go to state 45
    rwISZERO            shift, and go to state 46
    rwFMOD              shift, and go to state 47
    rwMIN               shift, and go to state 48
    rwMAX               shift, and go to state 49
    rwATAN2             shift, and go to state 50
    rwPOW               shift, and go to state 51
    rwCLAMP             shift, and go to state 52
    rwCLAMPF            shift, and go to state 53
    rwLERP              shift, and go to state 54
    rwSMOOTHSTEP        shift, and go to state 55
    rwFN                shift, and go to state 56

    object_decl          go to state 63
    expr                 go to state 187
    slot_acc             go to state 71
    intslot_acc          go to state 72
    stmt_expr            go to state 90
    funcall_expr         go to state 74
    assert_expr          go to state 75
    inline_command_expr  go to state 76
    expr_list            go to state 240


State 140

  199 inline_command_expr: rwFMOD '(' • expr_list ')'

    rwDECLARE           shift, and go to state 5
    rwDECLARESINGLETON  shift, and go to state 6
    rwBREAK             shift, and go to state 85
    rwASSERT            shift, and go to state 20
    INTCONST            shift, and go to state 21
    TTAG                shift, and go to state 86
    VAR                 shift, and go to state 23
    IDENT               shift, and go to state 24
    STRATOM             shift, and go to state 26
    TAGATOM             shift, and go to state 27
    FLTCONST            shift, and go to state 28
    '-'                 shift, and go to state 29
    '*'                 shift, and go to state 30
    '('                 shift, and go to state 31
    '~'                 shift, and go to state 32
    '!'                 shift, and go to state 33
    rwPRINT             shift, and go to state 34
    rwPRINTF            shift, and go to state 35
    rwSPRINTF           shift, and go to state 36
    rwRANDOMF           shift, and go to state 37
    rwFLOOR             shift, and go to state 38
    rwCEIL              shift, and go to state 39
    rwFABS              shift, and go to state 40
    rwSIN               shift, and go to state 41
    rwCOS               shift, and go to state 42
    rwATAN              shift, and go to state 43
    rwTANH              shift, and go to state 44
    rwSQRT              shift, and go to state 45
    rwISZERO            shift, and go to state 46
    rwFMOD              shift, and go to state 47
    rwMIN               shift, and go to state 48
    rwMAX               shift, and go to state 49
    rwATAN2             shift, and go to state 50
    rwPOW               shift, and go to state 51
    rwCLAMP             shift, and go to state 52
    rwCLAMPF            shift, and go to state 53
    rwLERP              shift, and go to state 54
    rwSMOOTHSTEP        shift, and go to state 55
    rwFN                shift, and go to state 56

    object_decl          go to state 63
    expr                 go to state 187
    slot_acc             go to state 71
    intslot_acc          go to state 72
    stmt_expr            go to state 90
    funcall_expr         go to state 74
    assert_expr          go to state 75
    inline_command_expr  go to state 76
    expr_list            go to state 241


State 141

  200 inline_command_expr: rwMIN '(' • expr_list ')'

    rwDECLARE           shift, and go to state 5
    rwDECLARESINGLETON  shift, and go to state 6
    rwBREAK             shift, and go to state 85
    rwASSERT            shift, and go to state 20
    INTCONST            shift, and go to state 21
    TTAG                shift, and go to state 86
    VAR                 shift, and go to state 23
    IDENT               shift, and go to state 24
    STRATOM             shift, and go to state 26
    TAGATOM             shift, and go to state 27
    FLTCONST            shift, and go to state 28
    '-'                 shift, and go to state 29
    '*'                 shift, and go to state 30
    '('                 shift, and go to state 31
    '~'                 shift, and go to state 32
    '!'                 shift, and go to state 33
    rwPRINT             shift, and go to state 34
    rwPRINTF            shift, and go to state 35
    rwSPRINTF           shift, and go to state 36
    rwRANDOMF           shift, and go to state 37
    rwFLOOR             shift, and go to state 38
    rwCEIL              shift, and go to state 39
    rwFABS              shift, and go to state 40
    rwSIN               shift, and go to state 41
    rwCOS               shift, and go to state 42
    rwATAN              shift, and go to state 43
    rwTANH              shift, and go to state 44
    rwSQRT              shift, and go to state 45
    rwISZERO            shift, and go to state 46
    rwFMOD              shift, and go to state 47
    rwMIN               shift, and go to state 48
    rwMAX               shift, and go to state 49
    rwATAN2             shift, and go to state 50
    rwPOW               shift, and go to state 51
    rwCLAMP             shift, and go to state 52
    rwCLAMPF            shift, and go to state 53
    rwLERP              shift, and go to state 54
    rwSMOOTHSTEP        shift, and go to state 55
    rwFN                shift, and go to state 56

    object_decl          go to state 63
    expr                 go to state 187
    slot_acc             go to state 71
    intslot_acc          go to state 72
    stmt_expr            go to state 90
    funcall_expr         go to state 74
    assert_expr          go to state 75
    inline_command_expr  go to state 76
    expr_list            go to state 242


State 142

  201 inline_command_expr: rwMAX '(' • expr_list ')'

    rwDECLARE           shift, and go to state 5
    rwDECLARESINGLETON  shift, and go to state 6
    rwBREAK             shift, and go to state 85
    rwASSERT            shift, and go to state 20
    INTCONST            shift, and go to state 21
    TTAG                shift, and go to state 86
    VAR                 shift, and go to state 23
    IDENT               shift, and go to state 24
    STRATOM             shift, and go to state 26
    TAGATOM             shift, and go to state 27
    FLTCONST            shift, and go to state 28
    '-'                 shift, and go to state 29
    '*'                 shift, and go to state 30
    '('                 shift, and go to state 31
    '~'                 shift, and go to state 32
    '!'                 shift, and go to state 33
    rwPRINT             shift, and go to state 34
    rwPRINTF            shift, and go to state 35
    rwSPRINTF           shift, and go to state 36
    rwRANDOMF           shift, and go to state 37
    rwFLOOR             shift, and go to state 38
    rwCEIL              shift, and go to state 39
    rwFABS              shift, and go to state 40
    rwSIN               shift, and go to state 41
    rwCOS               shift, and go to state 42
    rwATAN              shift, and go to state 43
    rwTANH              shift, and go to state 44
    rwSQRT              shift, and go to state 45
    rwISZERO            shift, and go to state 46
    rwFMOD              shift, and go to state 47
    rwMIN               shift, and go to state 48
    rwMAX               shift, and go to state 49
    rwATAN2             shift, and go to state 50
    rwPOW               shift, and go to state 51
    rwCLAMP             shift, and go to state 52
    rwCLAMPF            shift, and go to state 53
    rwLERP              shift, and go to state 54
    rwSMOOTHSTEP        shift, and go to state 55
    rwFN                shift, and go to state 56

    object_decl          go to state 63
    expr                 go to state 187
    slot_acc             go to state 71
    intslot_acc          go to state 72
    stmt_expr            go to state 90
    funcall_expr         go to state 74
    assert_expr          go to state 75
    inline_command_expr  go to state 76
    expr_list            go to state 243


State 143

  202 inline_command_expr: rwATAN2 '(' • expr_list ')'

    rwDECLARE           shift, and go to state 5
    rwDECLARESINGLETON  shift, and go to state 6
    rwBREAK             shift, and go to state 85
    rwASSERT            shift, and go to state 20
    INTCONST            shift, and go to state 21
    TTAG                shift, and go to state 86
    VAR                 shift, and go to state 23
    IDENT               shift, and go to state 24
    STRATOM             shift, and go to state 26
    TAGATOM             shift, and go to state 27
    FLTCONST            shift, and go to state 28
    '-'                 shift, and go to state 29
    '*'                 shift, and go to state 30
    '('                 shift, and go to state 31
    '~'                 shift, and go to state 32
    '!'                 shift, and go to state 33
    rwPRINT             shift, and go to state 34
    rwPRINTF            shift, and go to state 35
    rwSPRINTF           shift, and go to state 36
    rwRANDOMF           shift, and go to state 37
    rwFLOOR             shift, and go to state 38
    rwCEIL              shift, and go to state 39
    rwFABS              shift, and go to state 40
    rwSIN               shift, and go to state 41
    rwCOS               shift, and go to state 42
    rwATAN              shift, and go to state 43
    rwTANH              shift, and go to state 44
    rwSQRT              shift, and go to state 45
    rwISZERO            shift, and go to state 46
    rwFMOD              shift, and go to state 47
    rwMIN               shift, and go to state 48
    rwMAX               shift, and go to state 49
    rwATAN2             shift, and go to state 50
    rwPOW               shift, and go to state 51
    rwCLAMP             shift, and go to state 52
    rwCLAMPF            shift, and go to state 53
    rwLERP              shift, and go to state 54
    rwSMOOTHSTEP        shift, and go to state 55
    rwFN                shift, and go to state 56

    object_decl          go to state 63
    expr                 go to state 187
    slot_acc             go to state 71
    intslot_acc          go to state 72
    stmt_expr            go to state 90
    funcall_expr         go to state 74
    assert_expr          go to state 75
    inline_command_expr  go to state 76
    expr_list            go to state 244


State 144

  203 inline_command_expr: rwPOW '(' • expr_list ')'

    rwDECLARE           shift, and go to state 5
    rwDECLARESINGLETON  shift, and go to state 6
    rwBREAK             shift, and go to state 85
    rwASSERT            shift, and go to state 20
    INTCONST            shift, and go to state 21
    TTAG                shift, and go to state 86
    VAR                 shift, and go to state 23
    IDENT               shift, and go to state 24
    STRATOM             shift, and go to state 26
    TAGATOM             shift, and go to state 27
    FLTCONST            shift, and go to state 28
    '-'                 shift, and go to state 29
    '*'                 shift, and go to state 30
    '('                 shift, and go to state 31
    '~'                 shift, and go to state 32
    '!'                 shift, and go to state 33
    rwPRINT             shift, and go to state 34
    rwPRINTF            shift, and go to state 35
    rwSPRINTF           shift, and go to state 36
    rwRANDOMF           shift, and go to state 37
    rwFLOOR             shift, and go to state 38
    rwCEIL              shift, and go to state 39
    rwFABS              shift, and go to state 40
    rwSIN               shift, and go to state 41
    rwCOS               shift, and go to state 42
    rwATAN              shift, and go to state 43
    rwTANH              shift, and go to state 44
    rwSQRT              shift, and go to state 45
    rwISZERO            shift, and go to state 46
    rwFMOD              shift, and go to state 47
    rwMIN               shift, and go to state 48
    rwMAX               shift, and go to state 49
    rwATAN2             shift, and go to state 50
    rwPOW               shift, and go to state 51
    rwCLAMP             shift, and go to state 52
    rwCLAMPF            shift, and go to state 53
    rwLERP              shift, and go to state 54
    rwSMOOTHSTEP        shift, and go to state 55
    rwFN                shift, and go to state 56

    object_decl          go to state 63
    expr                 go to state 187
    slot_acc             go to state 71
    intslot_acc          go to state 72
    stmt_expr            go to state 90
    funcall_expr         go to state 74
    assert_expr          go to state 75
    inline_command_expr  go to state 76
    expr_list            go to state 245


State 145

  204 inline_command_expr: rwCLAMP '(' • expr_list ')'

    rwDECLARE           shift, and go to state 5
    rwDECLARESINGLETON  shift, and go to state 6
    rwBREAK             shift, and go to state 85
    rwASSERT            shift, and go to state 20
    INTCONST            shift, and go to state 21
    TTAG                shift, and go to state 86
    VAR                 shift, and go to state 23
    IDENT               shift, and go to state 24
    STRATOM             shift, and go to state 26
    TAGATOM             shift, and go to state 27
    FLTCONST            shift, and go to state 28
    '-'                 shift, and go to state 29
    '*'                 shift, and go to state 30
    '('                 shift, and go to state 31
    '~'                 shift, and go to state 32
    '!'                 shift, and go to state 33
    rwPRINT             shift, and go to state 34
    rwPRINTF            shift, and go to state 35
    rwSPRINTF           shift, and go to state 36
    rwRANDOMF           shift, and go to state 37
    rwFLOOR             shift, and go to state 38
    rwCEIL              shift, and go to state 39
    rwFABS              shift, and go to state 40
    rwSIN               shift, and go to state 41
    rwCOS               shift, and go to state 42
    rwATAN              shift, and go to state 43
    rwTANH              shift, and go to state 44
    rwSQRT              shift, and go to state 45
    rwISZERO            shift, and go to state 46
    rwFMOD              shift, and go to state 47
    rwMIN               shift, and go to state 48
    rwMAX               shift, and go to state 49
    rwATAN2             shift, and go to state 50
    rwPOW               shift, and go to state 51
    rwCLAMP             shift, and go to state 52
    rwCLAMPF            shift, and go to state 53
    rwLERP              shift, and go to state 54
    rwSMOOTHSTEP        shift, and go to state 55
    rwFN                shift, and go to state 56

    object_decl          go to state 63
    expr                 go to state 187
    slot_acc             go to state 71
    intslot_acc          go to state 72
    stmt_expr            go to state 90
    funcall_expr         go to state 74
    assert_expr          go to state 75
    inline_command_expr  go to state 76
    expr_list            go to state 246


State 146

  205 inline_command_expr: rwCLAMPF '(' • expr_list ')'

    rwDECLARE           shift, and go to state 5
    rwDECLARESINGLETON  shift, and go to state 6
    rwBREAK             shift, and go to state 85
    rwASSERT            shift, and go to state 20
    INTCONST            shift, and go to state 21
    TTAG                shift, and go to state 86
    VAR                 shift, and go to state 23
    IDENT               shift, and go to state 24
    STRATOM             shift, and go to state 26
    TAGATOM             shift, and go to state 27
    FLTCONST            shift, and go to state 28
    '-'                 shift, and go to state 29
    '*'                 shift, and go to state 30
    '('                 shift, and go to state 31
    '~'                 shift, and go to state 32
    '!'                 shift, and go to state 33
    rwPRINT             shift, and go to state 34
    rwPRINTF            shift, and go to state 35
    rwSPRINTF           shift, and go to state 36
    rwRANDOMF           shift, and go to state 37
    rwFLOOR             shift, and go to state 38
    rwCEIL              shift, and go to state 39
    rwFABS              shift, and go to state 40
    rwSIN               shift, and go to state 41
    rwCOS               shift, and go to state 42
    rwATAN              shift, and go to state 43
    rwTANH              shift, and go to state 44
    rwSQRT              shift, and go to state 45
    rwISZERO            shift, and go to state 46
    rwFMOD              shift, and go to state 47
    rwMIN               shift, and go to state 48
    rwMAX               shift, and go to state 49
    rwATAN2             shift, and go to state 50
    rwPOW               shift, and go to state 51
    rwCLAMP             shift, and go to state 52
    rwCLAMPF            shift, and go to state 53
    rwLERP              shift, and go to state 54
    rwSMOOTHSTEP        shift, and go to state 55
    rwFN                shift, and go to state 56

    object_decl          go to state 63
    expr                 go to state 187
    slot_acc             go to state 71
    intslot_acc          go to state 72
    stmt_expr            go to state 90
    funcall_expr         go to state 74
    assert_expr          go to state 75
    inline_command_expr  go to state 76
    expr_list            go to state 247


State 147

  206 inline_command_expr: rwLERP '(' • expr_list ')'

    rwDECLARE           shift, and go to state 5
    rwDECLARESINGLETON  shift, and go to state 6
    rwBREAK             shift, and go to state 85
    rwASSERT            shift, and go to state 20
    INTCONST            shift, and go to state 21
    TTAG                shift, and go to state 86
    VAR                 shift, and go to state 23
    IDENT               shift, and go to state 24
    STRATOM             shift, and go to state 26
    TAGATOM             shift, and go to state 27
    FLTCONST            shift, and go to state 28
    '-'                 shift, and go to state 29
    '*'                 shift, and go to state 30
    '('                 shift, and go to state 31
    '~'                 shift, and go to state 32
    '!'                 shift, and go to state 33
    rwPRINT             shift, and go to state 34
    rwPRINTF            shift, and go to state 35
    rwSPRINTF           shift, and go to state 36
    rwRANDOMF           shift, and go to state 37
    rwFLOOR             shift, and go to state 38
    rwCEIL              shift, and go to state 39
    rwFABS              shift, and go to state 40
    rwSIN               shift, and go to state 41
    rwCOS               shift, and go to state 42
    rwATAN              shift, and go to state 43
    rwTANH              shift, and go to state 44
    rwSQRT              shift, and go to state 45
    rwISZERO            shift, and go to state 46
    rwFMOD              shift, and go to state 47
    rwMIN               shift, and go to state 48
    rwMAX               shift, and go to state 49
    rwATAN2             shift, and go to state 50
    rwPOW               shift, and go to state 51
    rwCLAMP             shift, and go to state 52
    rwCLAMPF            shift, and go to state 53
    rwLERP              shift, and go to state 54
    rwSMOOTHSTEP        shift, and go to state 55
    rwFN                shift, and go to state 56

    object_decl          go to state 63
    expr                 go to state 187
    slot_acc             go to state 71
    intslot_acc          go to state 72
    stmt_expr            go to state 90
    funcall_expr         go to state 74
    assert_expr          go to state 75
    inline_command_expr  go to state 76
    expr_list            go to state 248


State 148

  207 inline_command_expr: rwSMOOTHSTEP '(' • expr_list ')'

    rwDECLARE           shift, and go to state 5
    rwDECLARESINGLETON  shift, and go to state 6
    rwBREAK             shift, and go to state 85
    rwASSERT            shift, and go to state 20
    INTCONST            shift, and go to state 21
    TTAG                shift, and go to state 86
    VAR                 shift, and go to state 23
    IDENT               shift, and go to state 24
    STRATOM             shift, and go to state 26
    TAGATOM             shift, and go to state 27
    FLTCONST            shift, and go to state 28
    '-'                 shift, and go to state 29
    '*'                 shift, and go to state 30
    '('                 shift, and go to state 31
    '~'                 shift, and go to state 32
    '!'                 shift, and go to state 33
    rwPRINT             shift, and go to state 34
    rwPRINTF            shift, and go to state 35
    rwSPRINTF           shift, and go to state 36
    rwRANDOMF           shift, and go to state 37
    rwFLOOR             shift, and go to state 38
    rwCEIL              shift, and go to state 39
    rwFABS              shift, and go to state 40
    rwSIN               shift, and go to state 41
    rwCOS               shift, and go to state 42
    rwATAN              shift, and go to state 43
    rwTANH              shift, and go to state 44
    rwSQRT              shift, and go to state 45
    rwISZERO            shift, and go to state 46
    rwFMOD              shift, and go to state 47
    rwMIN               shift, and go to state 48
    rwMAX               shift, and go to state 49
    rwATAN2             shift, and go to state 50
    rwPOW               shift, and go to state 51
    rwCLAMP             shift, and go to state 52
    rwCLAMPF            shift, and go to state 53
    rwLERP              shift, and go to state 54
    rwSMOOTHSTEP        shift, and go to state 55
    rwFN                shift, and go to state 56

    object_decl          go to state 63
    expr                 go to state 187
    slot_acc             go to state 71
    intslot_acc          go to state 72
    stmt_expr            go to state 90
    funcall_expr         go to state 74
    assert_expr          go to state 75
    inline_command_expr  go to state 76
    expr_list            go to state 249


State 149

  139 expr: rwFN '(' • func_var_list_decl ')' '{' statement_list '}'

    VAR  shift, and go to state 250

    $default  reduce using rule 32 (func_var_list_decl)

    func_var_list_decl  go to state 251
    func_var_list       go to state 252
    param               go to state 253


State 150

   42 unpack_param: VAR •
   43             | VAR • '?'

    '?'  shift, and go to state 254

    $default  reduce using rule 42 (unpack_param)


State 151

   27 stmt: '[' unpack_var_list • ']' '=' expr ';'
   28     | '[' unpack_var_list • ']' '=' '{' expr_list '}' ';'
   29     | '[' unpack_var_list • ']' '=' '[' expr_list ']' ';'
   41 unpack_var_list: unpack_var_list • ',' unpack_param

    ','  shift, and go to state 255
    ']'  shift, and go to state 256


State 152

   40 unpack_var_list: unpack_param •

    $default  reduce using rule 40 (unpack_var_list)


State 153

   23 stmt: expression_stmt ';' •

    $default  reduce using rule 23 (stmt)


State 154

  103 expr: expr '+' • expr

    rwDECLARE           shift, and go to state 5
    rwDECLARESINGLETON  shift, and go to state 6
    rwBREAK             shift, and go to state 85
    rwASSERT            shift, and go to state 20
    INTCONST            shift, and go to state 21
    TTAG                shift, and go to state 86
    VAR                 shift, and go to state 23
    IDENT               shift, and go to state 24
    STRATOM             shift, and go to state 26
    TAGATOM             shift, and go to state 27
    FLTCONST            shift, and go to state 28
    '-'                 shift, and go to state 29
    '*'                 shift, and go to state 30
    '('                 shift, and go to state 31
    '~'                 shift, and go to state 32
    '!'                 shift, and go to state 33
    rwPRINT             shift, and go to state 34
    rwPRINTF            shift, and go to state 35
    rwSPRINTF           shift, and go to state 36
    rwRANDOMF           shift, and go to state 37
    rwFLOOR             shift, and go to state 38
    rwCEIL              shift, and go to state 39
    rwFABS              shift, and go to state 40
    rwSIN               shift, and go to state 41
    rwCOS               shift, and go to state 42
    rwATAN              shift, and go to state 43
    rwTANH              shift, and go to state 44
    rwSQRT              shift, and go to state 45
    rwISZERO            shift, and go to state 46
    rwFMOD              shift, and go to state 47
    rwMIN               shift, and go to state 48
    rwMAX               shift, and go to state 49
    rwATAN2             shift, and go to state 50
    rwPOW               shift, and go to state 51
    rwCLAMP             shift, and go to state 52
    rwCLAMPF            shift, and go to state 53
    rwLERP              shift, and go to state 54
    rwSMOOTHSTEP        shift, and go to state 55
    rwFN                shift, and go to state 56

    object_decl          go to state 63
    expr                 go to state 257
    slot_acc             go to state 71
    intslot_acc          go to state 72
    stmt_expr            go to state 90
    funcall_expr         go to state 74
    assert_expr          go to state 75
    inline_command_expr  go to state 76


State 155

  104 expr: expr '-' • expr

    rwDECLARE           shift, and go to state 5
    rwDECLARESINGLETON  shift, and go to state 6
    rwBREAK             shift, and go to state 85
    rwASSERT            shift, and go to state 20
    INTCONST            shift, and go to state 21
    TTAG                shift, and go to state 86
    VAR                 shift, and go to state 23
    IDENT               shift, and go to state 24
    STRATOM             shift, and go to state 26
    TAGATOM             shift, and go to state 27
    FLTCONST            shift, and go to state 28
    '-'                 shift, and go to state 29
    '*'                 shift, and go to state 30
    '('                 shift, and go to state 31
    '~'                 shift, and go to state 32
    '!'                 shift, and go to state 33
    rwPRINT             shift, and go to state 34
    rwPRINTF            shift, and go to state 35
    rwSPRINTF           shift, and go to state 36
    rwRANDOMF           shift, and go to state 37
    rwFLOOR             shift, and go to state 38
    rwCEIL              shift, and go to state 39
    rwFABS              shift, and go to state 40
    rwSIN               shift, and go to state 41
    rwCOS               shift, and go to state 42
    rwATAN              shift, and go to state 43
    rwTANH              shift, and go to state 44
    rwSQRT              shift, and go to state 45
    rwISZERO            shift, and go to state 46
    rwFMOD              shift, and go to state 47
    rwMIN               shift, and go to state 48
    rwMAX               shift, and go to state 49
    rwATAN2             shift, and go to state 50
    rwPOW               shift, and go to state 51
    rwCLAMP             shift, and go to state 52
    rwCLAMPF            shift, and go to state 53
    rwLERP              shift, and go to state 54
    rwSMOOTHSTEP        shift, and go to state 55
    rwFN                shift, and go to state 56

    object_decl          go to state 63
    expr                 go to state 258
    slot_acc             go to state 71
    intslot_acc          go to state 72
    stmt_expr            go to state 90
    funcall_expr         go to state 74
    assert_expr          go to state 75
    inline_command_expr  go to state 76


State 156

  105 expr: expr '*' • expr

    rwDECLARE           shift, and go to state 5
    rwDECLARESINGLETON  shift, and go to state 6
    rwBREAK             shift, and go to state 85
    rwASSERT            shift, and go to state 20
    INTCONST            shift, and go to state 21
    TTAG                shift, and go to state 86
    VAR                 shift, and go to state 23
    IDENT               shift, and go to state 24
    STRATOM             shift, and go to state 26
    TAGATOM             shift, and go to state 27
    FLTCONST            shift, and go to state 28
    '-'                 shift, and go to state 29
    '*'                 shift, and go to state 30
    '('                 shift, and go to state 31
    '~'                 shift, and go to state 32
    '!'                 shift, and go to state 33
    rwPRINT             shift, and go to state 34
    rwPRINTF            shift, and go to state 35
    rwSPRINTF           shift, and go to state 36
    rwRANDOMF           shift, and go to state 37
    rwFLOOR             shift, and go to state 38
    rwCEIL              shift, and go to state 39
    rwFABS              shift, and go to state 40
    rwSIN               shift, and go to state 41
    rwCOS               shift, and go to state 42
    rwATAN              shift, and go to state 43
    rwTANH              shift, and go to state 44
    rwSQRT              shift, and go to state 45
    rwISZERO            shift, and go to state 46
    rwFMOD              shift, and go to state 47
    rwMIN               shift, and go to state 48
    rwMAX               shift, and go to state 49
    rwATAN2             shift, and go to state 50
    rwPOW               shift, and go to state 51
    rwCLAMP             shift, and go to state 52
    rwCLAMPF            shift, and go to state 53
    rwLERP              shift, and go to state 54
    rwSMOOTHSTEP        shift, and go to state 55
    rwFN                shift, and go to state 56

    object_decl          go to state 63
    expr                 go to state 259
    slot_acc             go to state 71
    intslot_acc          go to state 72
    stmt_expr            go to state 90
    funcall_expr         go to state 74
    assert_expr          go to state 75
    inline_command_expr  go to state 76


State 157

  106 expr: expr '/' • expr

    rwDECLARE           shift, and go to state 5
    rwDECLARESINGLETON  shift, and go to state 6
    rwBREAK             shift, and go to state 85
    rwASSERT            shift, and go to state 20
    INTCONST            shift, and go to state 21
    TTAG                shift, and go to state 86
    VAR                 shift, and go to state 23
    IDENT               shift, and go to state 24
    STRATOM             shift, and go to state 26
    TAGATOM             shift, and go to state 27
    FLTCONST            shift, and go to state 28
    '-'                 shift, and go to state 29
    '*'                 shift, and go to state 30
    '('                 shift, and go to state 31
    '~'                 shift, and go to state 32
    '!'                 shift, and go to state 33
    rwPRINT             shift, and go to state 34
    rwPRINTF            shift, and go to state 35
    rwSPRINTF           shift, and go to state 36
    rwRANDOMF           shift, and go to state 37
    rwFLOOR             shift, and go to state 38
    rwCEIL              shift, and go to state 39
    rwFABS              shift, and go to state 40
    rwSIN               shift, and go to state 41
    rwCOS               shift, and go to state 42
    rwATAN              shift, and go to state 43
    rwTANH              shift, and go to state 44
    rwSQRT              shift, and go to state 45
    rwISZERO            shift, and go to state 46
    rwFMOD              shift, and go to state 47
    rwMIN               shift, and go to state 48
    rwMAX               shift, and go to state 49
    rwATAN2             shift, and go to state 50
    rwPOW               shift, and go to state 51
    rwCLAMP             shift, and go to state 52
    rwCLAMPF            shift, and go to state 53
    rwLERP              shift, and go to state 54
    rwSMOOTHSTEP        shift, and go to state 55
    rwFN                shift, and go to state 56

    object_decl          go to state 63
    expr                 go to state 260
    slot_acc             go to state 71
    intslot_acc          go to state 72
    stmt_expr            go to state 90
    funcall_expr         go to state 74
    assert_expr          go to state 75
    inline_command_expr  go to state 76


State 158

  114 expr: expr '<' • expr

    rwDECLARE           shift, and go to state 5
    rwDECLARESINGLETON  shift, and go to state 6
    rwBREAK             shift, and go to state 85
    rwASSERT            shift, and go to state 20
    INTCONST            shift, and go to state 21
    TTAG                shift, and go to state 86
    VAR                 shift, and go to state 23
    IDENT               shift, and go to state 24
    STRATOM             shift, and go to state 26
    TAGATOM             shift, and go to state 27
    FLTCONST            shift, and go to state 28
    '-'                 shift, and go to state 29
    '*'                 shift, and go to state 30
    '('                 shift, and go to state 31
    '~'                 shift, and go to state 32
    '!'                 shift, and go to state 33
    rwPRINT             shift, and go to state 34
    rwPRINTF            shift, and go to state 35
    rwSPRINTF           shift, and go to state 36
    rwRANDOMF           shift, and go to state 37
    rwFLOOR             shift, and go to state 38
    rwCEIL              shift, and go to state 39
    rwFABS              shift, and go to state 40
    rwSIN               shift, and go to state 41
    rwCOS               shift, and go to state 42
    rwATAN              shift, and go to state 43
    rwTANH              shift, and go to state 44
    rwSQRT              shift, and go to state 45
    rwISZERO            shift, and go to state 46
    rwFMOD              shift, and go to state 47
    rwMIN               shift, and go to state 48
    rwMAX               shift, and go to state 49
    rwATAN2             shift, and go to state 50
    rwPOW               shift, and go to state 51
    rwCLAMP             shift, and go to state 52
    rwCLAMPF            shift, and go to state 53
    rwLERP              shift, and go to state 54
    rwSMOOTHSTEP        shift, and go to state 55
    rwFN                shift, and go to state 56

    object_decl          go to state 63
    expr                 go to state 261
    slot_acc             go to state 71
    intslot_acc          go to state 72
    stmt_expr            go to state 90
    funcall_expr         go to state 74
    assert_expr          go to state 75
    inline_command_expr  go to state 76


State 159

  115 expr: expr '>' • expr

    rwDECLARE           shift, and go to state 5
    rwDECLARESINGLETON  shift, and go to state 6
    rwBREAK             shift, and go to state 85
    rwASSERT            shift, and go to state 20
    INTCONST            shift, and go to state 21
    TTAG                shift, and go to state 86
    VAR                 shift, and go to state 23
    IDENT               shift, and go to state 24
    STRATOM             shift, and go to state 26
    TAGATOM             shift, and go to state 27
    FLTCONST            shift, and go to state 28
    '-'                 shift, and go to state 29
    '*'                 shift, and go to state 30
    '('                 shift, and go to state 31
    '~'                 shift, and go to state 32
    '!'                 shift, and go to state 33
    rwPRINT             shift, and go to state 34
    rwPRINTF            shift, and go to state 35
    rwSPRINTF           shift, and go to state 36
    rwRANDOMF           shift, and go to state 37
    rwFLOOR             shift, and go to state 38
    rwCEIL              shift, and go to state 39
    rwFABS              shift, and go to state 40
    rwSIN               shift, and go to state 41
    rwCOS               shift, and go to state 42
    rwATAN              shift, and go to state 43
    rwTANH              shift, and go to state 44
    rwSQRT              shift, and go to state 45
    rwISZERO            shift, and go to state 46
    rwFMOD              shift, and go to state 47
    rwMIN               shift, and go to state 48
    rwMAX               shift, and go to state 49
    rwATAN2             shift, and go to state 50
    rwPOW               shift, and go to state 51
    rwCLAMP             shift, and go to state 52
    rwCLAMPF            shift, and go to state 53
    rwLERP              shift, and go to state 54
    rwSMOOTHSTEP        shift, and go to state 55
    rwFN                shift, and go to state 56

    object_decl          go to state 63
    expr                 go to state 262
    slot_acc             go to state 71
    intslot_acc          go to state 72
    stmt_expr            go to state 90
    funcall_expr         go to state 74
    assert_expr          go to state 75
    inline_command_expr  go to state 76


State 160

  140 slot_acc: expr '.' • IDENT
  141         | expr '.' • IDENT '[' aidx_expr ']'
  175 funcall_expr: expr '.' • IDENT '(' func_arg_list_decl ')'

    IDENT  shift, and go to state 263


State 161

  102 expr: expr '|' • expr

    rwDECLARE           shift, and go to state 5
    rwDECLARESINGLETON  shift, and go to state 6
    rwBREAK             shift, and go to state 85
    rwASSERT            shift, and go to state 20
    INTCONST            shift, and go to state 21
    TTAG                shift, and go to state 86
    VAR                 shift, and go to state 23
    IDENT               shift, and go to state 24
    STRATOM             shift, and go to state 26
    TAGATOM             shift, and go to state 27
    FLTCONST            shift, and go to state 28
    '-'                 shift, and go to state 29
    '*'                 shift, and go to state 30
    '('                 shift, and go to state 31
    '~'                 shift, and go to state 32
    '!'                 shift, and go to state 33
    rwPRINT             shift, and go to state 34
    rwPRINTF            shift, and go to state 35
    rwSPRINTF           shift, and go to state 36
    rwRANDOMF           shift, and go to state 37
    rwFLOOR             shift, and go to state 38
    rwCEIL              shift, and go to state 39
    rwFABS              shift, and go to state 40
    rwSIN               shift, and go to state 41
    rwCOS               shift, and go to state 42
    rwATAN              shift, and go to state 43
    rwTANH              shift, and go to state 44
    rwSQRT              shift, and go to state 45
    rwISZERO            shift, and go to state 46
    rwFMOD              shift, and go to state 47
    rwMIN               shift, and go to state 48
    rwMAX               shift, and go to state 49
    rwATAN2             shift, and go to state 50
    rwPOW               shift, and go to state 51
    rwCLAMP             shift, and go to state 52
    rwCLAMPF            shift, and go to state 53
    rwLERP              shift, and go to state 54
    rwSMOOTHSTEP        shift, and go to state 55
    rwFN                shift, and go to state 56

    object_decl          go to state 63
    expr                 go to state 264
    slot_acc             go to state 71
    intslot_acc          go to state 72
    stmt_expr            go to state 90
    funcall_expr         go to state 74
    assert_expr          go to state 75
    inline_command_expr  go to state 76


State 162

  101 expr: expr '&' • expr

    rwDECLARE           shift, and go to state 5
    rwDECLARESINGLETON  shift, and go to state 6
    rwBREAK             shift, and go to state 85
    rwASSERT            shift, and go to state 20
    INTCONST            shift, and go to state 21
    TTAG                shift, and go to state 86
    VAR                 shift, and go to state 23
    IDENT               shift, and go to state 24
    STRATOM             shift, and go to state 26
    TAGATOM             shift, and go to state 27
    FLTCONST            shift, and go to state 28
    '-'                 shift, and go to state 29
    '*'                 shift, and go to state 30
    '('                 shift, and go to state 31
    '~'                 shift, and go to state 32
    '!'                 shift, and go to state 33
    rwPRINT             shift, and go to state 34
    rwPRINTF            shift, and go to state 35
    rwSPRINTF           shift, and go to state 36
    rwRANDOMF           shift, and go to state 37
    rwFLOOR             shift, and go to state 38
    rwCEIL              shift, and go to state 39
    rwFABS              shift, and go to state 40
    rwSIN               shift, and go to state 41
    rwCOS               shift, and go to state 42
    rwATAN              shift, and go to state 43
    rwTANH              shift, and go to state 44
    rwSQRT              shift, and go to state 45
    rwISZERO            shift, and go to state 46
    rwFMOD              shift, and go to state 47
    rwMIN               shift, and go to state 48
    rwMAX               shift, and go to state 49
    rwATAN2             shift, and go to state 50
    rwPOW               shift, and go to state 51
    rwCLAMP             shift, and go to state 52
    rwCLAMPF            shift, and go to state 53
    rwLERP              shift, and go to state 54
    rwSMOOTHSTEP        shift, and go to state 55
    rwFN                shift, and go to state 56

    object_decl          go to state 63
    expr                 go to state 265
    slot_acc             go to state 71
    intslot_acc          go to state 72
    stmt_expr            go to state 90
    funcall_expr         go to state 74
    assert_expr          go to state 75
    inline_command_expr  go to state 76


State 163

  100 expr: expr '%' • expr

    rwDECLARE           shift, and go to state 5
    rwDECLARESINGLETON  shift, and go to state 6
    rwBREAK             shift, and go to state 85
    rwASSERT            shift, and go to state 20
    INTCONST            shift, and go to state 21
    TTAG                shift, and go to state 86
    VAR                 shift, and go to state 23
    IDENT               shift, and go to state 24
    STRATOM             shift, and go to state 26
    TAGATOM             shift, and go to state 27
    FLTCONST            shift, and go to state 28
    '-'                 shift, and go to state 29
    '*'                 shift, and go to state 30
    '('                 shift, and go to state 31
    '~'                 shift, and go to state 32
    '!'                 shift, and go to state 33
    rwPRINT             shift, and go to state 34
    rwPRINTF            shift, and go to state 35
    rwSPRINTF           shift, and go to state 36
    rwRANDOMF           shift, and go to state 37
    rwFLOOR             shift, and go to state 38
    rwCEIL              shift, and go to state 39
    rwFABS              shift, and go to state 40
    rwSIN               shift, and go to state 41
    rwCOS               shift, and go to state 42
    rwATAN              shift, and go to state 43
    rwTANH              shift, and go to state 44
    rwSQRT              shift, and go to state 45
    rwISZERO            shift, and go to state 46
    rwFMOD              shift, and go to state 47
    rwMIN               shift, and go to state 48
    rwMAX               shift, and go to state 49
    rwATAN2             shift, and go to state 50
    rwPOW               shift, and go to state 51
    rwCLAMP             shift, and go to state 52
    rwCLAMPF            shift, and go to state 53
    rwLERP              shift, and go to state 54
    rwSMOOTHSTEP        shift, and go to state 55
    rwFN                shift, and go to state 56

    object_decl          go to state 63
    expr                 go to state 266
    slot_acc             go to state 71
    intslot_acc          go to state 72
    stmt_expr            go to state 90
    funcall_expr         go to state 74
    assert_expr          go to state 75
    inline_command_expr  go to state 76


State 164

   99 expr: expr '^' • expr

    rwDECLARE           shift, and go to state 5
    rwDECLARESINGLETON  shift, and go to state 6
    rwBREAK             shift, and go to state 85
    rwASSERT            shift, and go to state 20
    INTCONST            shift, and go to state 21
    TTAG                shift, and go to state 86
    VAR                 shift, and go to state 23
    IDENT               shift, and go to state 24
    STRATOM             shift, and go to state 26
    TAGATOM             shift, and go to state 27
    FLTCONST            shift, and go to state 28
    '-'                 shift, and go to state 29
    '*'                 shift, and go to state 30
    '('                 shift, and go to state 31
    '~'                 shift, and go to state 32
    '!'                 shift, and go to state 33
    rwPRINT             shift, and go to state 34
    rwPRINTF            shift, and go to state 35
    rwSPRINTF           shift, and go to state 36
    rwRANDOMF           shift, and go to state 37
    rwFLOOR             shift, and go to state 38
    rwCEIL              shift, and go to state 39
    rwFABS              shift, and go to state 40
    rwSIN               shift, and go to state 41
    rwCOS               shift, and go to state 42
    rwATAN              shift, and go to state 43
    rwTANH              shift, and go to state 44
    rwSQRT              shift, and go to state 45
    rwISZERO            shift, and go to state 46
    rwFMOD              shift, and go to state 47
    rwMIN               shift, and go to state 48
    rwMAX               shift, and go to state 49
    rwATAN2             shift, and go to state 50
    rwPOW               shift, and go to state 51
    rwCLAMP             shift, and go to state 52
    rwCLAMPF            shift, and go to state 53
    rwLERP              shift, and go to state 54
    rwSMOOTHSTEP        shift, and go to state 55
    rwFN                shift, and go to state 56

    object_decl          go to state 63
    expr                 go to state 267
    slot_acc             go to state 71
    intslot_acc          go to state 72
    stmt_expr            go to state 90
    funcall_expr         go to state 74
    assert_expr          go to state 75
    inline_command_expr  go to state 76


State 165

  126 expr: expr '@' • expr

    rwDECLARE           shift, and go to state 5
    rwDECLARESINGLETON  shift, and go to state 6
    rwBREAK             shift, and go to state 85
    rwASSERT            shift, and go to state 20
    INTCONST            shift, and go to state 21
    TTAG                shift, and go to state 86
    VAR                 shift, and go to state 23
    IDENT               shift, and go to state 24
    STRATOM             shift, and go to state 26
    TAGATOM             shift, and go to state 27
    FLTCONST            shift, and go to state 28
    '-'                 shift, and go to state 29
    '*'                 shift, and go to state 30
    '('                 shift, and go to state 31
    '~'                 shift, and go to state 32
    '!'                 shift, and go to state 33
    rwPRINT             shift, and go to state 34
    rwPRINTF            shift, and go to state 35
    rwSPRINTF           shift, and go to state 36
    rwRANDOMF           shift, and go to state 37
    rwFLOOR             shift, and go to state 38
    rwCEIL              shift, and go to state 39
    rwFABS              shift, and go to state 40
    rwSIN               shift, and go to state 41
    rwCOS               shift, and go to state 42
    rwATAN              shift, and go to state 43
    rwTANH              shift, and go to state 44
    rwSQRT              shift, and go to state 45
    rwISZERO            shift, and go to state 46
    rwFMOD              shift, and go to state 47
    rwMIN               shift, and go to state 48
    rwMAX               shift, and go to state 49
    rwATAN2             shift, and go to state 50
    rwPOW               shift, and go to state 51
    rwCLAMP             shift, and go to state 52
    rwCLAMPF            shift, and go to state 53
    rwLERP              shift, and go to state 54
    rwSMOOTHSTEP        shift, and go to state 55
    rwFN                shift, and go to state 56

    object_decl          go to state 63
    expr                 go to state 268
    slot_acc             go to state 71
    intslot_acc          go to state 72
    stmt_expr            go to state 90
    funcall_expr         go to state 74
    assert_expr          go to state 75
    inline_command_expr  go to state 76


State 166

  142 intslot_acc: expr opINTNAME • class_name_expr

    IDENT  shift, and go to state 78
    '('    shift, and go to state 79

    class_name_expr  go to state 269


State 167

  143 intslot_acc: expr opINTNAMER • class_name_expr

    IDENT  shift, and go to state 78
    '('    shift, and go to state 79

    class_name_expr  go to state 270


State 168

  121 expr: expr opSHL • expr

    rwDECLARE           shift, and go to state 5
    rwDECLARESINGLETON  shift, and go to state 6
    rwBREAK             shift, and go to state 85
    rwASSERT            shift, and go to state 20
    INTCONST            shift, and go to state 21
    TTAG                shift, and go to state 86
    VAR                 shift, and go to state 23
    IDENT               shift, and go to state 24
    STRATOM             shift, and go to state 26
    TAGATOM             shift, and go to state 27
    FLTCONST            shift, and go to state 28
    '-'                 shift, and go to state 29
    '*'                 shift, and go to state 30
    '('                 shift, and go to state 31
    '~'                 shift, and go to state 32
    '!'                 shift, and go to state 33
    rwPRINT             shift, and go to state 34
    rwPRINTF            shift, and go to state 35
    rwSPRINTF           shift, and go to state 36
    rwRANDOMF           shift, and go to state 37
    rwFLOOR             shift, and go to state 38
    rwCEIL              shift, and go to state 39
    rwFABS              shift, and go to state 40
    rwSIN               shift, and go to state 41
    rwCOS               shift, and go to state 42
    rwATAN              shift, and go to state 43
    rwTANH              shift, and go to state 44
    rwSQRT              shift, and go to state 45
    rwISZERO            shift, and go to state 46
    rwFMOD              shift, and go to state 47
    rwMIN               shift, and go to state 48
    rwMAX               shift, and go to state 49
    rwATAN2             shift, and go to state 50
    rwPOW               shift, and go to state 51
    rwCLAMP             shift, and go to state 52
    rwCLAMPF            shift, and go to state 53
    rwLERP              shift, and go to state 54
    rwSMOOTHSTEP        shift, and go to state 55
    rwFN                shift, and go to state 56

    object_decl          go to state 63
    expr                 go to state 271
    slot_acc             go to state 71
    intslot_acc          go to state 72
    stmt_expr            go to state 90
    funcall_expr         go to state 74
    assert_expr          go to state 75
    inline_command_expr  go to state 76


State 169

  122 expr: expr opSHR • expr

    rwDECLARE           shift, and go to state 5
    rwDECLARESINGLETON  shift, and go to state 6
    rwBREAK             shift, and go to state 85
    rwASSERT            shift, and go to state 20
    INTCONST            shift, and go to state 21
    TTAG                shift, and go to state 86
    VAR                 shift, and go to state 23
    IDENT               shift, and go to state 24
    STRATOM             shift, and go to state 26
    TAGATOM             shift, and go to state 27
    FLTCONST            shift, and go to state 28
    '-'                 shift, and go to state 29
    '*'                 shift, and go to state 30
    '('                 shift, and go to state 31
    '~'                 shift, and go to state 32
    '!'                 shift, and go to state 33
    rwPRINT             shift, and go to state 34
    rwPRINTF            shift, and go to state 35
    rwSPRINTF           shift, and go to state 36
    rwRANDOMF           shift, and go to state 37
    rwFLOOR             shift, and go to state 38
    rwCEIL              shift, and go to state 39
    rwFABS              shift, and go to state 40
    rwSIN               shift, and go to state 41
    rwCOS               shift, and go to state 42
    rwATAN              shift, and go to state 43
    rwTANH              shift, and go to state 44
    rwSQRT              shift, and go to state 45
    rwISZERO            shift, and go to state 46
    rwFMOD              shift, and go to state 47
    rwMIN               shift, and go to state 48
    rwMAX               shift, and go to state 49
    rwATAN2             shift, and go to state 50
    rwPOW               shift, and go to state 51
    rwCLAMP             shift, and go to state 52
    rwCLAMPF            shift, and go to state 53
    rwLERP              shift, and go to state 54
    rwSMOOTHSTEP        shift, and go to state 55
    rwFN                shift, and go to state 56

    object_decl          go to state 63
    expr                 go to state 272
    slot_acc             go to state 71
    intslot_acc          go to state 72
    stmt_expr            go to state 90
    funcall_expr         go to state 74
    assert_expr          go to state 75
    inline_command_expr  go to state 76


State 170

  118 expr: expr opEQ • expr

    rwDECLARE           shift, and go to state 5
    rwDECLARESINGLETON  shift, and go to state 6
    rwBREAK             shift, and go to state 85
    rwASSERT            shift, and go to state 20
    INTCONST            shift, and go to state 21
    TTAG                shift, and go to state 86
    VAR                 shift, and go to state 23
    IDENT               shift, and go to state 24
    STRATOM             shift, and go to state 26
    TAGATOM             shift, and go to state 27
    FLTCONST            shift, and go to state 28
    '-'                 shift, and go to state 29
    '*'                 shift, and go to state 30
    '('                 shift, and go to state 31
    '~'                 shift, and go to state 32
    '!'                 shift, and go to state 33
    rwPRINT             shift, and go to state 34
    rwPRINTF            shift, and go to state 35
    rwSPRINTF           shift, and go to state 36
    rwRANDOMF           shift, and go to state 37
    rwFLOOR             shift, and go to state 38
    rwCEIL              shift, and go to state 39
    rwFABS              shift, and go to state 40
    rwSIN               shift, and go to state 41
    rwCOS               shift, and go to state 42
    rwATAN              shift, and go to state 43
    rwTANH              shift, and go to state 44
    rwSQRT              shift, and go to state 45
    rwISZERO            shift, and go to state 46
    rwFMOD              shift, and go to state 47
    rwMIN               shift, and go to state 48
    rwMAX               shift, and go to state 49
    rwATAN2             shift, and go to state 50
    rwPOW               shift, and go to state 51
    rwCLAMP             shift, and go to state 52
    rwCLAMPF            shift, and go to state 53
    rwLERP              shift, and go to state 54
    rwSMOOTHSTEP        shift, and go to state 55
    rwFN                shift, and go to state 56

    object_decl          go to state 63
    expr                 go to state 273
    slot_acc             go to state 71
    intslot_acc          go to state 72
    stmt_expr            go to state 90
    funcall_expr         go to state 74
    assert_expr          go to state 75
    inline_command_expr  go to state 76


State 171

  119 expr: expr opNE • expr

    rwDECLARE           shift, and go to state 5
    rwDECLARESINGLETON  shift, and go to state 6
    rwBREAK             shift, and go to state 85
    rwASSERT            shift, and go to state 20
    INTCONST            shift, and go to state 21
    TTAG                shift, and go to state 86
    VAR                 shift, and go to state 23
    IDENT               shift, and go to state 24
    STRATOM             shift, and go to state 26
    TAGATOM             shift, and go to state 27
    FLTCONST            shift, and go to state 28
    '-'                 shift, and go to state 29
    '*'                 shift, and go to state 30
    '('                 shift, and go to state 31
    '~'                 shift, and go to state 32
    '!'                 shift, and go to state 33
    rwPRINT             shift, and go to state 34
    rwPRINTF            shift, and go to state 35
    rwSPRINTF           shift, and go to state 36
    rwRANDOMF           shift, and go to state 37
    rwFLOOR             shift, and go to state 38
    rwCEIL              shift, and go to state 39
    rwFABS              shift, and go to state 40
    rwSIN               shift, and go to state 41
    rwCOS               shift, and go to state 42
    rwATAN              shift, and go to state 43
    rwTANH              shift, and go to state 44
    rwSQRT              shift, and go to state 45
    rwISZERO            shift, and go to state 46
    rwFMOD              shift, and go to state 47
    rwMIN               shift, and go to state 48
    rwMAX               shift, and go to state 49
    rwATAN2             shift, and go to state 50
    rwPOW               shift, and go to state 51
    rwCLAMP             shift, and go to state 52
    rwCLAMPF            shift, and go to state 53
    rwLERP              shift, and go to state 54
    rwSMOOTHSTEP        shift, and go to state 55
    rwFN                shift, and go to state 56

    object_decl          go to state 63
    expr                 go to state 274
    slot_acc             go to state 71
    intslot_acc          go to state 72
    stmt_expr            go to state 90
    funcall_expr         go to state 74
    assert_expr          go to state 75
    inline_command_expr  go to state 76


State 172

  116 expr: expr opGE • expr

    rwDECLARE           shift, and go to state 5
    rwDECLARESINGLETON  shift, and go to state 6
    rwBREAK             shift, and go to state 85
    rwASSERT            shift, and go to state 20
    INTCONST            shift, and go to state 21
    TTAG                shift, and go to state 86
    VAR                 shift, and go to state 23
    IDENT               shift, and go to state 24
    STRATOM             shift, and go to state 26
    TAGATOM             shift, and go to state 27
    FLTCONST            shift, and go to state 28
    '-'                 shift, and go to state 29
    '*'                 shift, and go to state 30
    '('                 shift, and go to state 31
    '~'                 shift, and go to state 32
    '!'                 shift, and go to state 33
    rwPRINT             shift, and go to state 34
    rwPRINTF            shift, and go to state 35
    rwSPRINTF           shift, and go to state 36
    rwRANDOMF           shift, and go to state 37
    rwFLOOR             shift, and go to state 38
    rwCEIL              shift, and go to state 39
    rwFABS              shift, and go to state 40
    rwSIN               shift, and go to state 41
    rwCOS               shift, and go to state 42
    rwATAN              shift, and go to state 43
    rwTANH              shift, and go to state 44
    rwSQRT              shift, and go to state 45
    rwISZERO            shift, and go to state 46
    rwFMOD              shift, and go to state 47
    rwMIN               shift, and go to state 48
    rwMAX               shift, and go to state 49
    rwATAN2             shift, and go to state 50
    rwPOW               shift, and go to state 51
    rwCLAMP             shift, and go to state 52
    rwCLAMPF            shift, and go to state 53
    rwLERP              shift, and go to state 54
    rwSMOOTHSTEP        shift, and go to state 55
    rwFN                shift, and go to state 56

    object_decl          go to state 63
    expr                 go to state 275
    slot_acc             go to state 71
    intslot_acc          go to state 72
    stmt_expr            go to state 90
    funcall_expr         go to state 74
    assert_expr          go to state 75
    inline_command_expr  go to state 76


State 173

  117 expr: expr opLE • expr

    rwDECLARE           shift, and go to state 5
    rwDECLARESINGLETON  shift, and go to state 6
    rwBREAK             shift, and go to state 85
    rwASSERT            shift, and go to state 20
    INTCONST            shift, and go to state 21
    TTAG                shift, and go to state 86
    VAR                 shift, and go to state 23
    IDENT               shift, and go to state 24
    STRATOM             shift, and go to state 26
    TAGATOM             shift, and go to state 27
    FLTCONST            shift, and go to state 28
    '-'                 shift, and go to state 29
    '*'                 shift, and go to state 30
    '('                 shift, and go to state 31
    '~'                 shift, and go to state 32
    '!'                 shift, and go to state 33
    rwPRINT             shift, and go to state 34
    rwPRINTF            shift, and go to state 35
    rwSPRINTF           shift, and go to state 36
    rwRANDOMF           shift, and go to state 37
    rwFLOOR             shift, and go to state 38
    rwCEIL              shift, and go to state 39
    rwFABS              shift, and go to state 40
    rwSIN               shift, and go to state 41
    rwCOS               shift, and go to state 42
    rwATAN              shift, and go to state 43
    rwTANH              shift, and go to state 44
    rwSQRT              shift, and go to state 45
    rwISZERO            shift, and go to state 46
    rwFMOD              shift, and go to state 47
    rwMIN               shift, and go to state 48
    rwMAX               shift, and go to state 49
    rwATAN2             shift, and go to state 50
    rwPOW               shift, and go to state 51
    rwCLAMP             shift, and go to state 52
    rwCLAMPF            shift, and go to state 53
    rwLERP              shift, and go to state 54
    rwSMOOTHSTEP        shift, and go to state 55
    rwFN                shift, and go to state 56

    object_decl          go to state 63
    expr                 go to state 276
    slot_acc             go to state 71
    intslot_acc          go to state 72
    stmt_expr            go to state 90
    funcall_expr         go to state 74
    assert_expr          go to state 75
    inline_command_expr  go to state 76


State 174

  123 expr: expr opAND • expr

    rwDECLARE           shift, and go to state 5
    rwDECLARESINGLETON  shift, and go to state 6
    rwBREAK             shift, and go to state 85
    rwASSERT            shift, and go to state 20
    INTCONST            shift, and go to state 21
    TTAG                shift, and go to state 86
    VAR                 shift, and go to state 23
    IDENT               shift, and go to state 24
    STRATOM             shift, and go to state 26
    TAGATOM             shift, and go to state 27
    FLTCONST            shift, and go to state 28
    '-'                 shift, and go to state 29
    '*'                 shift, and go to state 30
    '('                 shift, and go to state 31
    '~'                 shift, and go to state 32
    '!'                 shift, and go to state 33
    rwPRINT             shift, and go to state 34
    rwPRINTF            shift, and go to state 35
    rwSPRINTF           shift, and go to state 36
    rwRANDOMF           shift, and go to state 37
    rwFLOOR             shift, and go to state 38
    rwCEIL              shift, and go to state 39
    rwFABS              shift, and go to state 40
    rwSIN               shift, and go to state 41
    rwCOS               shift, and go to state 42
    rwATAN              shift, and go to state 43
    rwTANH              shift, and go to state 44
    rwSQRT              shift, and go to state 45
    rwISZERO            shift, and go to state 46
    rwFMOD              shift, and go to state 47
    rwMIN               shift, and go to state 48
    rwMAX               shift, and go to state 49
    rwATAN2             shift, and go to state 50
    rwPOW               shift, and go to state 51
    rwCLAMP             shift, and go to state 52
    rwCLAMPF            shift, and go to state 53
    rwLERP              shift, and go to state 54
    rwSMOOTHSTEP        shift, and go to state 55
    rwFN                shift, and go to state 56

    object_decl          go to state 63
    expr                 go to state 277
    slot_acc             go to state 71
    intslot_acc          go to state 72
    stmt_expr            go to state 90
    funcall_expr         go to state 74
    assert_expr          go to state 75
    inline_command_expr  go to state 76


State 175

  120 expr: expr opOR • expr

    rwDECLARE           shift, and go to state 5
    rwDECLARESINGLETON  shift, and go to state 6
    rwBREAK             shift, and go to state 85
    rwASSERT            shift, and go to state 20
    INTCONST            shift, and go to state 21
    TTAG                shift, and go to state 86
    VAR                 shift, and go to state 23
    IDENT               shift, and go to state 24
    STRATOM             shift, and go to state 26
    TAGATOM             shift, and go to state 27
    FLTCONST            shift, and go to state 28
    '-'                 shift, and go to state 29
    '*'                 shift, and go to state 30
    '('                 shift, and go to state 31
    '~'                 shift, and go to state 32
    '!'                 shift, and go to state 33
    rwPRINT             shift, and go to state 34
    rwPRINTF            shift, and go to state 35
    rwSPRINTF           shift, and go to state 36
    rwRANDOMF           shift, and go to state 37
    rwFLOOR             shift, and go to state 38
    rwCEIL              shift, and go to state 39
    rwFABS              shift, and go to state 40
    rwSIN               shift, and go to state 41
    rwCOS               shift, and go to state 42
    rwATAN              shift, and go to state 43
    rwTANH              shift, and go to state 44
    rwSQRT              shift, and go to state 45
    rwISZERO            shift, and go to state 46
    rwFMOD              shift, and go to state 47
    rwMIN               shift, and go to state 48
    rwMAX               shift, and go to state 49
    rwATAN2             shift, and go to state 50
    rwPOW               shift, and go to state 51
    rwCLAMP             shift, and go to state 52
    rwCLAMPF            shift, and go to state 53
    rwLERP              shift, and go to state 54
    rwSMOOTHSTEP        shift, and go to state 55
    rwFN                shift, and go to state 56

    object_decl          go to state 63
    expr                 go to state 278
    slot_acc             go to state 71
    intslot_acc          go to state 72
    stmt_expr            go to state 90
    funcall_expr         go to state 74
    assert_expr          go to state 75
    inline_command_expr  go to state 76


State 176

  124 expr: expr opSTREQ • expr

    rwDECLARE           shift, and go to state 5
    rwDECLARESINGLETON  shift, and go to state 6
    rwBREAK             shift, and go to state 85
    rwASSERT            shift, and go to state 20
    INTCONST            shift, and go to state 21
    TTAG                shift, and go to state 86
    VAR                 shift, and go to state 23
    IDENT               shift, and go to state 24
    STRATOM             shift, and go to state 26
    TAGATOM             shift, and go to state 27
    FLTCONST            shift, and go to state 28
    '-'                 shift, and go to state 29
    '*'                 shift, and go to state 30
    '('                 shift, and go to state 31
    '~'                 shift, and go to state 32
    '!'                 shift, and go to state 33
    rwPRINT             shift, and go to state 34
    rwPRINTF            shift, and go to state 35
    rwSPRINTF           shift, and go to state 36
    rwRANDOMF           shift, and go to state 37
    rwFLOOR             shift, and go to state 38
    rwCEIL              shift, and go to state 39
    rwFABS              shift, and go to state 40
    rwSIN               shift, and go to state 41
    rwCOS               shift, and go to state 42
    rwATAN              shift, and go to state 43
    rwTANH              shift, and go to state 44
    rwSQRT              shift, and go to state 45
    rwISZERO            shift, and go to state 46
    rwFMOD              shift, and go to state 47
    rwMIN               shift, and go to state 48
    rwMAX               shift, and go to state 49
    rwATAN2             shift, and go to state 50
    rwPOW               shift, and go to state 51
    rwCLAMP             shift, and go to state 52
    rwCLAMPF            shift, and go to state 53
    rwLERP              shift, and go to state 54
    rwSMOOTHSTEP        shift, and go to state 55
    rwFN                shift, and go to state 56

    object_decl          go to state 63
    expr                 go to state 279
    slot_acc             go to state 71
    intslot_acc          go to state 72
    stmt_expr            go to state 90
    funcall_expr         go to state 74
    assert_expr          go to state 75
    inline_command_expr  go to state 76


State 177

  125 expr: expr opSTRNE • expr

    rwDECLARE           shift, and go to state 5
    rwDECLARESINGLETON  shift, and go to state 6
    rwBREAK             shift, and go to state 85
    rwASSERT            shift, and go to state 20
    INTCONST            shift, and go to state 21
    TTAG                shift, and go to state 86
    VAR                 shift, and go to state 23
    IDENT               shift, and go to state 24
    STRATOM             shift, and go to state 26
    TAGATOM             shift, and go to state 27
    FLTCONST            shift, and go to state 28
    '-'                 shift, and go to state 29
    '*'                 shift, and go to state 30
    '('                 shift, and go to state 31
    '~'                 shift, and go to state 32
    '!'                 shift, and go to state 33
    rwPRINT             shift, and go to state 34
    rwPRINTF            shift, and go to state 35
    rwSPRINTF           shift, and go to state 36
    rwRANDOMF           shift, and go to state 37
    rwFLOOR             shift, and go to state 38
    rwCEIL              shift, and go to state 39
    rwFABS              shift, and go to state 40
    rwSIN               shift, and go to state 41
    rwCOS               shift, and go to state 42
    rwATAN              shift, and go to state 43
    rwTANH              shift, and go to state 44
    rwSQRT              shift, and go to state 45
    rwISZERO            shift, and go to state 46
    rwFMOD              shift, and go to state 47
    rwMIN               shift, and go to state 48
    rwMAX               shift, and go to state 49
    rwATAN2             shift, and go to state 50
    rwPOW               shift, and go to state 51
    rwCLAMP             shift, and go to state 52
    rwCLAMPF            shift, and go to state 53
    rwLERP              shift, and go to state 54
    rwSMOOTHSTEP        shift, and go to state 55
    rwFN                shift, and go to state 56

    object_decl          go to state 63
    expr                 go to state 280
    slot_acc             go to state 71
    intslot_acc          go to state 72
    stmt_expr            go to state 90
    funcall_expr         go to state 74
    assert_expr          go to state 75
    inline_command_expr  go to state 76


State 178

  110 expr: expr '?' • expr ':' expr
  111     | expr '?' • '{' expr_list '}' ':' '{' expr_list '}'
  112     | expr '?' • expr ':' '{' expr_list '}'
  113     | expr '?' • '{' expr_list '}' ':' expr

    rwDECLARE           shift, and go to state 5
    rwDECLARESINGLETON  shift, and go to state 6
    rwBREAK             shift, and go to state 85
    rwASSERT            shift, and go to state 20
    INTCONST            shift, and go to state 21
    TTAG                shift, and go to state 86
    VAR                 shift, and go to state 23
    IDENT               shift, and go to state 24
    STRATOM             shift, and go to state 26
    TAGATOM             shift, and go to state 27
    FLTCONST            shift, and go to state 28
    '-'                 shift, and go to state 29
    '*'                 shift, and go to state 30
    '('                 shift, and go to state 31
    '{'                 shift, and go to state 281
    '~'                 shift, and go to state 32
    '!'                 shift, and go to state 33
    rwPRINT             shift, and go to state 34
    rwPRINTF            shift, and go to state 35
    rwSPRINTF           shift, and go to state 36
    rwRANDOMF           shift, and go to state 37
    rwFLOOR             shift, and go to state 38
    rwCEIL              shift, and go to state 39
    rwFABS              shift, and go to state 40
    rwSIN               shift, and go to state 41
    rwCOS               shift, and go to state 42
    rwATAN              shift, and go to state 43
    rwTANH              shift, and go to state 44
    rwSQRT              shift, and go to state 45
    rwISZERO            shift, and go to state 46
    rwFMOD              shift, and go to state 47
    rwMIN               shift, and go to state 48
    rwMAX               shift, and go to state 49
    rwATAN2             shift, and go to state 50
    rwPOW               shift, and go to state 51
    rwCLAMP             shift, and go to state 52
    rwCLAMPF            shift, and go to state 53
    rwLERP              shift, and go to state 54
    rwSMOOTHSTEP        shift, and go to state 55
    rwFN                shift, and go to state 56

    object_decl          go to state 63
    expr                 go to state 282
    slot_acc             go to state 71
    intslot_acc          go to state 72
    stmt_expr            go to state 90
    funcall_expr         go to state 74
    assert_expr          go to state 75
    inline_command_expr  go to state 76


State 179

  170 stmt_expr: slot_acc '=' • expr
  171          | slot_acc '=' • '{' expr_list '}'
  172          | slot_acc '=' • '[' expr_list ']'

    rwDECLARE           shift, and go to state 5
    rwDECLARESINGLETON  shift, and go to state 6
    rwBREAK             shift, and go to state 85
    rwASSERT            shift, and go to state 20
    INTCONST            shift, and go to state 21
    TTAG                shift, and go to state 86
    VAR                 shift, and go to state 23
    IDENT               shift, and go to state 24
    STRATOM             shift, and go to state 26
    TAGATOM             shift, and go to state 27
    FLTCONST            shift, and go to state 28
    '-'                 shift, and go to state 29
    '*'                 shift, and go to state 30
    '('                 shift, and go to state 31
    '{'                 shift, and go to state 283
    '~'                 shift, and go to state 32
    '!'                 shift, and go to state 33
    rwPRINT             shift, and go to state 34
    rwPRINTF            shift, and go to state 35
    rwSPRINTF           shift, and go to state 36
    rwRANDOMF           shift, and go to state 37
    rwFLOOR             shift, and go to state 38
    rwCEIL              shift, and go to state 39
    rwFABS              shift, and go to state 40
    rwSIN               shift, and go to state 41
    rwCOS               shift, and go to state 42
    rwATAN              shift, and go to state 43
    rwTANH              shift, and go to state 44
    rwSQRT              shift, and go to state 45
    rwISZERO            shift, and go to state 46
    rwFMOD              shift, and go to state 47
    rwMIN               shift, and go to state 48
    rwMAX               shift, and go to state 49
    rwATAN2             shift, and go to state 50
    rwPOW               shift, and go to state 51
    rwCLAMP             shift, and go to state 52
    rwCLAMPF            shift, and go to state 53
    rwLERP              shift, and go to state 54
    rwSMOOTHSTEP        shift, and go to state 55
    rwFN                shift, and go to state 56
    '['                 shift, and go to state 284

    object_decl          go to state 63
    expr                 go to state 285
    slot_acc             go to state 71
    intslot_acc          go to state 72
    stmt_expr            go to state 90
    funcall_expr         go to state 74
    assert_expr          go to state 75
    inline_command_expr  go to state 76


State 180

  169 stmt_expr: slot_acc assign_op_struct •

    $default  reduce using rule 169 (stmt_expr)


State 181

   30 fn_decl_stmt: rwDEFINE IDENT '(' • func_var_list_decl ')' '{' statement_list '}'

    VAR  shift, and go to state 250

    $default  reduce using rule 32 (func_var_list_decl)

    func_var_list_decl  go to state 286
    func_var_list       go to state 252
    param               go to state 253


State 182

   31 fn_decl_stmt: rwDEFINE IDENT opCOLONCOLON • IDENT '(' func_var_list_decl ')' '{' statement_list '}'

    IDENT  shift, and go to state 287


State 183

   99 expr: expr • '^' expr
  100     | expr • '%' expr
  101     | expr • '&' expr
  102     | expr • '|' expr
  103     | expr • '+' expr
  104     | expr • '-' expr
  105     | expr • '*' expr
  106     | expr • '/' expr
  110     | expr • '?' expr ':' expr
  111     | expr • '?' '{' expr_list '}' ':' '{' expr_list '}'
  112     | expr • '?' expr ':' '{' expr_list '}'
  113     | expr • '?' '{' expr_list '}' ':' expr
  114     | expr • '<' expr
  115     | expr • '>' expr
  116     | expr • opGE expr
  117     | expr • opLE expr
  118     | expr • opEQ expr
  119     | expr • opNE expr
  120     | expr • opOR expr
  121     | expr • opSHL expr
  122     | expr • opSHR expr
  123     | expr • opAND expr
  124     | expr • opSTREQ expr
  125     | expr • opSTRNE expr
  126     | expr • '@' expr
  140 slot_acc: expr • '.' IDENT
  141         | expr • '.' IDENT '[' aidx_expr ']'
  142 intslot_acc: expr • opINTNAME class_name_expr
  143            | expr • opINTNAMER class_name_expr
  145 class_name_expr: '(' expr • ')'
  175 funcall_expr: expr • '.' IDENT '(' func_arg_list_decl ')'

    '+'         shift, and go to state 154
    '-'         shift, and go to state 155
    '*'         shift, and go to state 156
    '/'         shift, and go to state 157
    '<'         shift, and go to state 158
    '>'         shift, and go to state 159
    '.'         shift, and go to state 160
    '|'         shift, and go to state 161
    '&'         shift, and go to state 162
    '%'         shift, and go to state 163
    ')'         shift, and go to state 288
    '^'         shift, and go to state 164
    '@'         shift, and go to state 165
    opINTNAME   shift, and go to state 166
    opINTNAMER  shift, and go to state 167
    opSHL       shift, and go to state 168
    opSHR       shift, and go to state 169
    opEQ        shift, and go to state 170
    opNE        shift, and go to state 171
    opGE        shift, and go to state 172
    opLE        shift, and go to state 173
    opAND       shift, and go to state 174
    opOR        shift, and go to state 175
    opSTREQ     shift, and go to state 176
    opSTRNE     shift, and go to state 177
    '?'         shift, and go to state 178


State 184

   45 object_decl: rwDECLARE class_name_expr '(' • object_name parent_block object_args ')' '{' object_declare_block '}'
   46            | rwDECLARE class_name_expr '(' • object_name parent_block object_args ')'
   47            | rwDECLARE class_name_expr '(' • '[' object_name ']' parent_block object_args ')' '{' object_declare_block '}'
   48            | rwDECLARE class_name_expr '(' • '[' object_name ']' parent_block object_args ')'

    rwDECLARE           shift, and go to state 5
    rwDECLARESINGLETON  shift, and go to state 6
    rwBREAK             shift, and go to state 85
    rwASSERT            shift, and go to state 20
    INTCONST            shift, and go to state 21
    TTAG                shift, and go to state 86
    VAR                 shift, and go to state 23
    IDENT               shift, and go to state 24
    STRATOM             shift, and go to state 26
    TAGATOM             shift, and go to state 27
    FLTCONST            shift, and go to state 28
    '-'                 shift, and go to state 29
    '*'                 shift, and go to state 30
    '('                 shift, and go to state 31
    '~'                 shift, and go to state 32
    '!'                 shift, and go to state 33
    rwPRINT             shift, and go to state 34
    rwPRINTF            shift, and go to state 35
    rwSPRINTF           shift, and go to state 36
    rwRANDOMF           shift, and go to state 37
    rwFLOOR             shift, and go to state 38
    rwCEIL              shift, and go to state 39
    rwFABS              shift, and go to state 40
    rwSIN               shift, and go to state 41
    rwCOS               shift, and go to state 42
    rwATAN              shift, and go to state 43
    rwTANH              shift, and go to state 44
    rwSQRT              shift, and go to state 45
    rwISZERO            shift, and go to state 46
    rwFMOD              shift, and go to state 47
    rwMIN               shift, and go to state 48
    rwMAX               shift, and go to state 49
    rwATAN2             shift, and go to state 50
    rwPOW               shift, and go to state 51
    rwCLAMP             shift, and go to state 52
    rwCLAMPF            shift, and go to state 53
    rwLERP              shift, and go to state 54
    rwSMOOTHSTEP        shift, and go to state 55
    rwFN                shift, and go to state 56
    '['                 shift, and go to state 289

    $default  reduce using rule 53 (object_name)

    object_decl          go to state 63
    object_name          go to state 290
    expr                 go to state 291
    slot_acc             go to state 71
    intslot_acc          go to state 72
    stmt_expr            go to state 90
    funcall_expr         go to state 74
    assert_expr          go to state 75
    inline_command_expr  go to state 76


State 185

   49 object_decl: rwDECLARESINGLETON class_name_expr '(' • object_name parent_block object_args ')' '{' object_declare_block '}'
   50            | rwDECLARESINGLETON class_name_expr '(' • object_name parent_block object_args ')'

    rwDECLARE           shift, and go to state 5
    rwDECLARESINGLETON  shift, and go to state 6
    rwBREAK             shift, and go to state 85
    rwASSERT            shift, and go to state 20
    INTCONST            shift, and go to state 21
    TTAG                shift, and go to state 86
    VAR                 shift, and go to state 23
    IDENT               shift, and go to state 24
    STRATOM             shift, and go to state 26
    TAGATOM             shift, and go to state 27
    FLTCONST            shift, and go to state 28
    '-'                 shift, and go to state 29
    '*'                 shift, and go to state 30
    '('                 shift, and go to state 31
    '~'                 shift, and go to state 32
    '!'                 shift, and go to state 33
    rwPRINT             shift, and go to state 34
    rwPRINTF            shift, and go to state 35
    rwSPRINTF           shift, and go to state 36
    rwRANDOMF           shift, and go to state 37
    rwFLOOR             shift, and go to state 38
    rwCEIL              shift, and go to state 39
    rwFABS              shift, and go to state 40
    rwSIN               shift, and go to state 41
    rwCOS               shift, and go to state 42
    rwATAN              shift, and go to state 43
    rwTANH              shift, and go to state 44
    rwSQRT              shift, and go to state 45
    rwISZERO            shift, and go to state 46
    rwFMOD              shift, and go to state 47
    rwMIN               shift, and go to state 48
    rwMAX               shift, and go to state 49
    rwATAN2             shift, and go to state 50
    rwPOW               shift, and go to state 51
    rwCLAMP             shift, and go to state 52
    rwCLAMPF            shift, and go to state 53
    rwLERP              shift, and go to state 54
    rwSMOOTHSTEP        shift, and go to state 55
    rwFN                shift, and go to state 56

    $default  reduce using rule 53 (object_name)

    object_decl          go to state 63
    object_name          go to state 292
    expr                 go to state 291
    slot_acc             go to state 71
    intslot_acc          go to state 72
    stmt_expr            go to state 90
    funcall_expr         go to state 74
    assert_expr          go to state 75
    inline_command_expr  go to state 76


State 186

   72 if_stmt: rwIF '(' expr • ')' stmt_block
   73        | rwIF '(' expr • ')' stmt_block rwELSE stmt_block
   99 expr: expr • '^' expr
  100     | expr • '%' expr
  101     | expr • '&' expr
  102     | expr • '|' expr
  103     | expr • '+' expr
  104     | expr • '-' expr
  105     | expr • '*' expr
  106     | expr • '/' expr
  110     | expr • '?' expr ':' expr
  111     | expr • '?' '{' expr_list '}' ':' '{' expr_list '}'
  112     | expr • '?' expr ':' '{' expr_list '}'
  113     | expr • '?' '{' expr_list '}' ':' expr
  114     | expr • '<' expr
  115     | expr • '>' expr
  116     | expr • opGE expr
  117     | expr • opLE expr
  118     | expr • opEQ expr
  119     | expr • opNE expr
  120     | expr • opOR expr
  121     | expr • opSHL expr
  122     | expr • opSHR expr
  123     | expr • opAND expr
  124     | expr • opSTREQ expr
  125     | expr • opSTRNE expr
  126     | expr • '@' expr
  140 slot_acc: expr • '.' IDENT
  141         | expr • '.' IDENT '[' aidx_expr ']'
  142 intslot_acc: expr • opINTNAME class_name_expr
  143            | expr • opINTNAMER class_name_expr
  175 funcall_expr: expr • '.' IDENT '(' func_arg_list_decl ')'

    '+'         shift, and go to state 154
    '-'         shift, and go to state 155
    '*'         shift, and go to state 156
    '/'         shift, and go to state 157
    '<'         shift, and go to state 158
    '>'         shift, and go to state 159
    '.'         shift, and go to state 160
    '|'         shift, and go to state 161
    '&'         shift, and go to state 162
    '%'         shift, and go to state 163
    ')'         shift, and go to state 293
    '^'         shift, and go to state 164
    '@'         shift, and go to state 165
    opINTNAME   shift, and go to state 166
    opINTNAMER  shift, and go to state 167
    opSHL       shift, and go to state 168
    opSHR       shift, and go to state 169
    opEQ        shift, and go to state 170
    opNE        shift, and go to state 171
    opGE        shift, and go to state 172
    opLE        shift, and go to state 173
    opAND       shift, and go to state 174
    opOR        shift, and go to state 175
    opSTREQ     shift, and go to state 176
    opSTRNE     shift, and go to state 177
    '?'         shift, and go to state 178


State 187

   99 expr: expr • '^' expr
  100     | expr • '%' expr
  101     | expr • '&' expr
  102     | expr • '|' expr
  103     | expr • '+' expr
  104     | expr • '-' expr
  105     | expr • '*' expr
  106     | expr • '/' expr
  110     | expr • '?' expr ':' expr
  111     | expr • '?' '{' expr_list '}' ':' '{' expr_list '}'
  112     | expr • '?' expr ':' '{' expr_list '}'
  113     | expr • '?' '{' expr_list '}' ':' expr
  114     | expr • '<' expr
  115     | expr • '>' expr
  116     | expr • opGE expr
  117     | expr • opLE expr
  118     | expr • opEQ expr
  119     | expr • opNE expr
  120     | expr • opOR expr
  121     | expr • opSHL expr
  122     | expr • opSHR expr
  123     | expr • opAND expr
  124     | expr • opSTREQ expr
  125     | expr • opSTRNE expr
  126     | expr • '@' expr
  140 slot_acc: expr • '.' IDENT
  141         | expr • '.' IDENT '[' aidx_expr ']'
  142 intslot_acc: expr • opINTNAME class_name_expr
  143            | expr • opINTNAMER class_name_expr
  175 funcall_expr: expr • '.' IDENT '(' func_arg_list_decl ')'
  208 expr_list: expr •

    '+'         shift, and go to state 154
    '-'         shift, and go to state 155
    '*'         shift, and go to state 156
    '/'         shift, and go to state 157
    '<'         shift, and go to state 158
    '>'         shift, and go to state 159
    '.'         shift, and go to state 160
    '|'         shift, and go to state 161
    '&'         shift, and go to state 162
    '%'         shift, and go to state 163
    '^'         shift, and go to state 164
    '@'         shift, and go to state 165
    opINTNAME   shift, and go to state 166
    opINTNAMER  shift, and go to state 167
    opSHL       shift, and go to state 168
    opSHR       shift, and go to state 169
    opEQ        shift, and go to state 170
    opNE        shift, and go to state 171
    opGE        shift, and go to state 172
    opLE        shift, and go to state 173
    opAND       shift, and go to state 174
    opOR        shift, and go to state 175
    opSTREQ     shift, and go to state 176
    opSTRNE     shift, and go to state 177
    '?'         shift, and go to state 178

    $default  reduce using rule 208 (expr_list)


State 188

   22 stmt: rwRETURN '{' expr_list • '}' ';'
  209 expr_list: expr_list • ',' expr

    ','  shift, and go to state 294
    '}'  shift, and go to state 295


State 189

   21 stmt: rwRETURN expr ';' •

    $default  reduce using rule 21 (stmt)


State 190

   74 while_stmt: rwWHILE '(' expr • ')' stmt_block
   99 expr: expr • '^' expr
  100     | expr • '%' expr
  101     | expr • '&' expr
  102     | expr • '|' expr
  103     | expr • '+' expr
  104     | expr • '-' expr
  105     | expr • '*' expr
  106     | expr • '/' expr
  110     | expr • '?' expr ':' expr
  111     | expr • '?' '{' expr_list '}' ':' '{' expr_list '}'
  112     | expr • '?' expr ':' '{' expr_list '}'
  113     | expr • '?' '{' expr_list '}' ':' expr
  114     | expr • '<' expr
  115     | expr • '>' expr
  116     | expr • opGE expr
  117     | expr • opLE expr
  118     | expr • opEQ expr
  119     | expr • opNE expr
  120     | expr • opOR expr
  121     | expr • opSHL expr
  122     | expr • opSHR expr
  123     | expr • opAND expr
  124     | expr • opSTREQ expr
  125     | expr • opSTRNE expr
  126     | expr • '@' expr
  140 slot_acc: expr • '.' IDENT
  141         | expr • '.' IDENT '[' aidx_expr ']'
  142 intslot_acc: expr • opINTNAME class_name_expr
  143            | expr • opINTNAMER class_name_expr
  175 funcall_expr: expr • '.' IDENT '(' func_arg_list_decl ')'

    '+'         shift, and go to state 154
    '-'         shift, and go to state 155
    '*'         shift, and go to state 156
    '/'         shift, and go to state 157
    '<'         shift, and go to state 158
    '>'         shift, and go to state 159
    '.'         shift, and go to state 160
    '|'         shift, and go to state 161
    '&'         shift, and go to state 162
    '%'         shift, and go to state 163
    ')'         shift, and go to state 296
    '^'         shift, and go to state 164
    '@'         shift, and go to state 165
    opINTNAME   shift, and go to state 166
    opINTNAMER  shift, and go to state 167
    opSHL       shift, and go to state 168
    opSHR       shift, and go to state 169
    opEQ        shift, and go to state 170
    opNE        shift, and go to state 171
    opGE        shift, and go to state 172
    opLE        shift, and go to state 173
    opAND       shift, and go to state 174
    opOR        shift, and go to state 175
    opSTREQ     shift, and go to state 176
    opSTRNE     shift, and go to state 177
    '?'         shift, and go to state 178


State 191

   11 statement_list: statement_list • stmt
   63 stmt_block: '{' statement_list • '}'

    rwDECLARE           shift, and go to state 5
    rwDECLARESINGLETON  shift, and go to state 6
    rwBREAK             shift, and go to state 7
    rwCONTINUE          shift, and go to state 8
    rwIF                shift, and go to state 9
    rwRETURN            shift, and go to state 10
    rwWHILE             shift, and go to state 11
    rwDO                shift, and go to state 12
    rwFOR               shift, and go to state 13
    rwFOREACH           shift, and go to state 14
    rwFOREACHSTR        shift, and go to state 15
    rwDATABLOCK         shift, and go to state 16
    rwSWITCH            shift, and go to state 17
    rwSWITCHSTR         shift, and go to state 18
    rwASSERT            shift, and go to state 20
    INTCONST            shift, and go to state 21
    TTAG                shift, and go to state 22
    VAR                 shift, and go to state 23
    IDENT               shift, and go to state 24
    DOCBLOCK            shift, and go to state 25
    STRATOM             shift, and go to state 26
    TAGATOM             shift, and go to state 27
    FLTCONST            shift, and go to state 28
    '-'                 shift, and go to state 29
    '*'                 shift, and go to state 30
    '('                 shift, and go to state 31
    '}'                 shift, and go to state 297
    '~'                 shift, and go to state 32
    '!'                 shift, and go to state 33
    rwPRINT             shift, and go to state 34
    rwPRINTF            shift, and go to state 35
    rwSPRINTF           shift, and go to state 36
    rwRANDOMF           shift, and go to state 37
    rwFLOOR             shift, and go to state 38
    rwCEIL              shift, and go to state 39
    rwFABS              shift, and go to state 40
    rwSIN               shift, and go to state 41
    rwCOS               shift, and go to state 42
    rwATAN              shift, and go to state 43
    rwTANH              shift, and go to state 44
    rwSQRT              shift, and go to state 45
    rwISZERO            shift, and go to state 46
    rwFMOD              shift, and go to state 47
    rwMIN               shift, and go to state 48
    rwMAX               shift, and go to state 49
    rwATAN2             shift, and go to state 50
    rwPOW               shift, and go to state 51
    rwCLAMP             shift, and go to state 52
    rwCLAMPF            shift, and go to state 53
    rwLERP              shift, and go to state 54
    rwSMOOTHSTEP        shift, and go to state 55
    rwFN                shift, and go to state 56
    '['                 shift, and go to state 57

    stmt                 go to state 298
    datablock_decl       go to state 62
    object_decl          go to state 63
    switch_stmt          go to state 64
    if_stmt              go to state 65
    while_stmt           go to state 66
    for_stmt             go to state 67
    foreach_stmt         go to state 68
    expression_stmt      go to state 69
    expr                 go to state 70
    slot_acc             go to state 71
    intslot_acc          go to state 72
    stmt_expr            go to state 73
    funcall_expr         go to state 74
    assert_expr          go to state 75
    inline_command_expr  go to state 76


State 192

   75 while_stmt: rwDO stmt_block rwWHILE • '(' expr ')'

    '('  shift, and go to state 299


State 193

   84 for_stmt: rwFOR '(' VAR • rwIN expr opDOTDOT expr ')' stmt_block
   85         | rwFOR '(' VAR • rwIN rwRANGE expr opDOTDOT expr ')' stmt_block
   86         | rwFOR '(' VAR • rwIN expr opDOTDOT expr rwSTEP expr ')' stmt_block
   87         | rwFOR '(' VAR • rwIN rwRANGE expr opDOTDOT expr rwSTEP expr ')' stmt_block
   88         | rwFOR '(' VAR • rwIN rwRANGE expr ')' stmt_block
  137 expr: VAR •
  138     | VAR • '[' aidx_expr ']'
  162 stmt_expr: VAR • '=' expr
  163          | VAR • '=' '{' expr_list '}'
  164          | VAR • '=' '[' expr_list ']'
  165          | VAR • '[' aidx_expr ']' '=' expr
  166          | VAR • '[' aidx_expr ']' '=' '{' expr_list '}'
  167          | VAR • assign_op_struct
  168          | VAR • '[' aidx_expr ']' assign_op_struct
  176 funcall_expr: VAR • '(' func_arg_list_decl ')'

    rwIN          shift, and go to state 300
    '='           shift, and go to state 104
    '('           shift, and go to state 105
    opMINUSMINUS  shift, and go to state 106
    opPLUSPLUS    shift, and go to state 107
    opPLASN       shift, and go to state 108
    opMIASN       shift, and go to state 109
    opMLASN       shift, and go to state 110
    opDVASN       shift, and go to state 111
    opMODASN      shift, and go to state 112
    opANDASN      shift, and go to state 113
    opXORASN      shift, and go to state 114
    opORASN       shift, and go to state 115
    opSLASN       shift, and go to state 116
    opSRASN       shift, and go to state 117
    '['           shift, and go to state 118

    $default  reduce using rule 137 (expr)

    assign_op_struct  go to state 119


State 194

   80 for_stmt: rwFOR '(' ';' • expr ';' expr ')' stmt_block
   81         | rwFOR '(' ';' • expr ';' ')' stmt_block
   82         | rwFOR '(' ';' • ';' expr ')' stmt_block
   83         | rwFOR '(' ';' • ';' ')' stmt_block

    rwDECLARE           shift, and go to state 5
    rwDECLARESINGLETON  shift, and go to state 6
    rwBREAK             shift, and go to state 85
    rwASSERT            shift, and go to state 20
    INTCONST            shift, and go to state 21
    TTAG                shift, and go to state 86
    VAR                 shift, and go to state 23
    IDENT               shift, and go to state 24
    STRATOM             shift, and go to state 26
    TAGATOM             shift, and go to state 27
    FLTCONST            shift, and go to state 28
    '-'                 shift, and go to state 29
    '*'                 shift, and go to state 30
    '('                 shift, and go to state 31
    ';'                 shift, and go to state 301
    '~'                 shift, and go to state 32
    '!'                 shift, and go to state 33
    rwPRINT             shift, and go to state 34
    rwPRINTF            shift, and go to state 35
    rwSPRINTF           shift, and go to state 36
    rwRANDOMF           shift, and go to state 37
    rwFLOOR             shift, and go to state 38
    rwCEIL              shift, and go to state 39
    rwFABS              shift, and go to state 40
    rwSIN               shift, and go to state 41
    rwCOS               shift, and go to state 42
    rwATAN              shift, and go to state 43
    rwTANH              shift, and go to state 44
    rwSQRT              shift, and go to state 45
    rwISZERO            shift, and go to state 46
    rwFMOD              shift, and go to state 47
    rwMIN               shift, and go to state 48
    rwMAX               shift, and go to state 49
    rwATAN2             shift, and go to state 50
    rwPOW               shift, and go to state 51
    rwCLAMP             shift, and go to state 52
    rwCLAMPF            shift, and go to state 53
    rwLERP              shift, and go to state 54
    rwSMOOTHSTEP        shift, and go to state 55
    rwFN                shift, and go to state 56

    object_decl          go to state 63
    expr                 go to state 302
    slot_acc             go to state 71
    intslot_acc          go to state 72
    stmt_expr            go to state 90
    funcall_expr         go to state 74
    assert_expr          go to state 75
    inline_command_expr  go to state 76


State 195

   76 for_stmt: rwFOR '(' expr • ';' expr ';' expr ')' stmt_block
   77         | rwFOR '(' expr • ';' expr ';' ')' stmt_block
   78         | rwFOR '(' expr • ';' ';' expr ')' stmt_block
   79         | rwFOR '(' expr • ';' ';' ')' stmt_block
   99 expr: expr • '^' expr
  100     | expr • '%' expr
  101     | expr • '&' expr
  102     | expr • '|' expr
  103     | expr • '+' expr
  104     | expr • '-' expr
  105     | expr • '*' expr
  106     | expr • '/' expr
  110     | expr • '?' expr ':' expr
  111     | expr • '?' '{' expr_list '}' ':' '{' expr_list '}'
  112     | expr • '?' expr ':' '{' expr_list '}'
  113     | expr • '?' '{' expr_list '}' ':' expr
  114     | expr • '<' expr
  115     | expr • '>' expr
  116     | expr • opGE expr
  117     | expr • opLE expr
  118     | expr • opEQ expr
  119     | expr • opNE expr
  120     | expr • opOR expr
  121     | expr • opSHL expr
  122     | expr • opSHR expr
  123     | expr • opAND expr
  124     | expr • opSTREQ expr
  125     | expr • opSTRNE expr
  126     | expr • '@' expr
  140 slot_acc: expr • '.' IDENT
  141         | expr • '.' IDENT '[' aidx_expr ']'
  142 intslot_acc: expr • opINTNAME class_name_expr
  143            | expr • opINTNAMER class_name_expr
  175 funcall_expr: expr • '.' IDENT '(' func_arg_list_decl ')'

    '+'         shift, and go to state 154
    '-'         shift, and go to state 155
    '*'         shift, and go to state 156
    '/'         shift, and go to state 157
    '<'         shift, and go to state 158
    '>'         shift, and go to state 159
    '.'         shift, and go to state 160
    '|'         shift, and go to state 161
    '&'         shift, and go to state 162
    '%'         shift, and go to state 163
    ';'         shift, and go to state 303
    '^'         shift, and go to state 164
    '@'         shift, and go to state 165
    opINTNAME   shift, and go to state 166
    opINTNAMER  shift, and go to state 167
    opSHL       shift, and go to state 168
    opSHR       shift, and go to state 169
    opEQ        shift, and go to state 170
    opNE        shift, and go to state 171
    opGE        shift, and go to state 172
    opLE        shift, and go to state 173
    opAND       shift, and go to state 174
    opOR        shift, and go to state 175
    opSTREQ     shift, and go to state 176
    opSTRNE     shift, and go to state 177
    '?'         shift, and go to state 178


State 196

   89 foreach_stmt: rwFOREACH '(' VAR • rwIN expr ')' stmt_block
   91             | rwFOREACH '(' VAR • rwIN expr opDOTDOT expr ')' stmt_block
   92             | rwFOREACH '(' VAR • rwIN rwRANGE expr opDOTDOT expr ')' stmt_block
   93             | rwFOREACH '(' VAR • rwIN expr opDOTDOT expr rwSTEP expr ')' stmt_block
   94             | rwFOREACH '(' VAR • rwIN rwRANGE expr opDOTDOT expr rwSTEP expr ')' stmt_block
   95             | rwFOREACH '(' VAR • rwIN rwRANGE expr ')' stmt_block

    rwIN  shift, and go to state 304


State 197

   90 foreach_stmt: rwFOREACHSTR '(' VAR • rwIN expr ')' stmt_block

    rwIN  shift, and go to state 305


State 198

   44 datablock_decl: rwDATABLOCK class_name_expr '(' • expr parent_block ')' '{' slot_assign_list_opt '}' ';'

    rwDECLARE           shift, and go to state 5
    rwDECLARESINGLETON  shift, and go to state 6
    rwBREAK             shift, and go to state 85
    rwASSERT            shift, and go to state 20
    INTCONST            shift, and go to state 21
    TTAG                shift, and go to state 86
    VAR                 shift, and go to state 23
    IDENT               shift, and go to state 24
    STRATOM             shift, and go to state 26
    TAGATOM             shift, and go to state 27
    FLTCONST            shift, and go to state 28
    '-'                 shift, and go to state 29
    '*'                 shift, and go to state 30
    '('                 shift, and go to state 31
    '~'                 shift, and go to state 32
    '!'                 shift, and go to state 33
    rwPRINT             shift, and go to state 34
    rwPRINTF            shift, and go to state 35
    rwSPRINTF           shift, and go to state 36
    rwRANDOMF           shift, and go to state 37
    rwFLOOR             shift, and go to state 38
    rwCEIL              shift, and go to state 39
    rwFABS              shift, and go to state 40
    rwSIN               shift, and go to state 41
    rwCOS               shift, and go to state 42
    rwATAN              shift, and go to state 43
    rwTANH              shift, and go to state 44
    rwSQRT              shift, and go to state 45
    rwISZERO            shift, and go to state 46
    rwFMOD              shift, and go to state 47
    rwMIN               shift, and go to state 48
    rwMAX               shift, and go to state 49
    rwATAN2             shift, and go to state 50
    rwPOW               shift, and go to state 51
    rwCLAMP             shift, and go to state 52
    rwCLAMPF            shift, and go to state 53
    rwLERP              shift, and go to state 54
    rwSMOOTHSTEP        shift, and go to state 55
    rwFN                shift, and go to state 56

    object_decl          go to state 63
    expr                 go to state 306
    slot_acc             go to state 71
    intslot_acc          go to state 72
    stmt_expr            go to state 90
    funcall_expr         go to state 74
    assert_expr          go to state 75
    inline_command_expr  go to state 76


State 199

   65 switch_stmt: rwSWITCH '(' expr • ')' '{' case_block '}'
   99 expr: expr • '^' expr
  100     | expr • '%' expr
  101     | expr • '&' expr
  102     | expr • '|' expr
  103     | expr • '+' expr
  104     | expr • '-' expr
  105     | expr • '*' expr
  106     | expr • '/' expr
  110     | expr • '?' expr ':' expr
  111     | expr • '?' '{' expr_list '}' ':' '{' expr_list '}'
  112     | expr • '?' expr ':' '{' expr_list '}'
  113     | expr • '?' '{' expr_list '}' ':' expr
  114     | expr • '<' expr
  115     | expr • '>' expr
  116     | expr • opGE expr
  117     | expr • opLE expr
  118     | expr • opEQ expr
  119     | expr • opNE expr
  120     | expr • opOR expr
  121     | expr • opSHL expr
  122     | expr • opSHR expr
  123     | expr • opAND expr
  124     | expr • opSTREQ expr
  125     | expr • opSTRNE expr
  126     | expr • '@' expr
  140 slot_acc: expr • '.' IDENT
  141         | expr • '.' IDENT '[' aidx_expr ']'
  142 intslot_acc: expr • opINTNAME class_name_expr
  143            | expr • opINTNAMER class_name_expr
  175 funcall_expr: expr • '.' IDENT '(' func_arg_list_decl ')'

    '+'         shift, and go to state 154
    '-'         shift, and go to state 155
    '*'         shift, and go to state 156
    '/'         shift, and go to state 157
    '<'         shift, and go to state 158
    '>'         shift, and go to state 159
    '.'         shift, and go to state 160
    '|'         shift, and go to state 161
    '&'         shift, and go to state 162
    '%'         shift, and go to state 163
    ')'         shift, and go to state 307
    '^'         shift, and go to state 164
    '@'         shift, and go to state 165
    opINTNAME   shift, and go to state 166
    opINTNAMER  shift, and go to state 167
    opSHL       shift, and go to state 168
    opSHR       shift, and go to state 169
    opEQ        shift, and go to state 170
    opNE        shift, and go to state 171
    opGE        shift, and go to state 172
    opLE        shift, and go to state 173
    opAND       shift, and go to state 174
    opOR        shift, and go to state 175
    opSTREQ     shift, and go to state 176
    opSTRNE     shift, and go to state 177
    '?'         shift, and go to state 178


State 200

   66 switch_stmt: rwSWITCHSTR '(' expr • ')' '{' case_block '}'
   99 expr: expr • '^' expr
  100     | expr • '%' expr
  101     | expr • '&' expr
  102     | expr • '|' expr
  103     | expr • '+' expr
  104     | expr • '-' expr
  105     | expr • '*' expr
  106     | expr • '/' expr
  110     | expr • '?' expr ':' expr
  111     | expr • '?' '{' expr_list '}' ':' '{' expr_list '}'
  112     | expr • '?' expr ':' '{' expr_list '}'
  113     | expr • '?' '{' expr_list '}' ':' expr
  114     | expr • '<' expr
  115     | expr • '>' expr
  116     | expr • opGE expr
  117     | expr • opLE expr
  118     | expr • opEQ expr
  119     | expr • opNE expr
  120     | expr • opOR expr
  121     | expr • opSHL expr
  122     | expr • opSHR expr
  123     | expr • opAND expr
  124     | expr • opSTREQ expr
  125     | expr • opSTRNE expr
  126     | expr • '@' expr
  140 slot_acc: expr • '.' IDENT
  141         | expr • '.' IDENT '[' aidx_expr ']'
  142 intslot_acc: expr • opINTNAME class_name_expr
  143            | expr • opINTNAMER class_name_expr
  175 funcall_expr: expr • '.' IDENT '(' func_arg_list_decl ')'

    '+'         shift, and go to state 154
    '-'         shift, and go to state 155
    '*'         shift, and go to state 156
    '/'         shift, and go to state 157
    '<'         shift, and go to state 158
    '>'         shift, and go to state 159
    '.'         shift, and go to state 160
    '|'         shift, and go to state 161
    '&'         shift, and go to state 162
    '%'         shift, and go to state 163
    ')'         shift, and go to state 308
    '^'         shift, and go to state 164
    '@'         shift, and go to state 165
    opINTNAME   shift, and go to state 166
    opINTNAMER  shift, and go to state 167
    opSHL       shift, and go to state 168
    opSHR       shift, and go to state 169
    opEQ        shift, and go to state 170
    opNE        shift, and go to state 171
    opGE        shift, and go to state 172
    opLE        shift, and go to state 173
    opAND       shift, and go to state 174
    opOR        shift, and go to state 175
    opSTREQ     shift, and go to state 176
    opSTRNE     shift, and go to state 177
    '?'         shift, and go to state 178


State 201

    7 package_decl: rwPACKAGE IDENT '{' • fn_decl_list '}' ';'

    rwDEFINE  shift, and go to state 4

    fn_decl_list  go to state 309
    fn_decl_stmt  go to state 310


State 202

   99 expr: expr • '^' expr
  100     | expr • '%' expr
  101     | expr • '&' expr
  102     | expr • '|' expr
  103     | expr • '+' expr
  104     | expr • '-' expr
  105     | expr • '*' expr
  106     | expr • '/' expr
  110     | expr • '?' expr ':' expr
  111     | expr • '?' '{' expr_list '}' ':' '{' expr_list '}'
  112     | expr • '?' expr ':' '{' expr_list '}'
  113     | expr • '?' '{' expr_list '}' ':' expr
  114     | expr • '<' expr
  115     | expr • '>' expr
  116     | expr • opGE expr
  117     | expr • opLE expr
  118     | expr • opEQ expr
  119     | expr • opNE expr
  120     | expr • opOR expr
  121     | expr • opSHL expr
  122     | expr • opSHR expr
  123     | expr • opAND expr
  124     | expr • opSTREQ expr
  125     | expr • opSTRNE expr
  126     | expr • '@' expr
  140 slot_acc: expr • '.' IDENT
  141         | expr • '.' IDENT '[' aidx_expr ']'
  142 intslot_acc: expr • opINTNAME class_name_expr
  143            | expr • opINTNAMER class_name_expr
  175 funcall_expr: expr • '.' IDENT '(' func_arg_list_decl ')'
  183 assert_expr: rwASSERT '(' expr • ')'
  184            | rwASSERT '(' expr • ',' STRATOM ')'

    '+'         shift, and go to state 154
    '-'         shift, and go to state 155
    '*'         shift, and go to state 156
    '/'         shift, and go to state 157
    '<'         shift, and go to state 158
    '>'         shift, and go to state 159
    '.'         shift, and go to state 160
    '|'         shift, and go to state 161
    '&'         shift, and go to state 162
    '%'         shift, and go to state 163
    ')'         shift, and go to state 311
    ','         shift, and go to state 312
    '^'         shift, and go to state 164
    '@'         shift, and go to state 165
    opINTNAME   shift, and go to state 166
    opINTNAMER  shift, and go to state 167
    opSHL       shift, and go to state 168
    opSHR       shift, and go to state 169
    opEQ        shift, and go to state 170
    opNE        shift, and go to state 171
    opGE        shift, and go to state 172
    opLE        shift, and go to state 173
    opAND       shift, and go to state 174
    opOR        shift, and go to state 175
    opSTREQ     shift, and go to state 176
    opSTRNE     shift, and go to state 177
    '?'         shift, and go to state 178


State 203

   24 stmt: TTAG '=' expr • ';'
   25     | TTAG '=' expr • ',' expr ';'
   99 expr: expr • '^' expr
  100     | expr • '%' expr
  101     | expr • '&' expr
  102     | expr • '|' expr
  103     | expr • '+' expr
  104     | expr • '-' expr
  105     | expr • '*' expr
  106     | expr • '/' expr
  110     | expr • '?' expr ':' expr
  111     | expr • '?' '{' expr_list '}' ':' '{' expr_list '}'
  112     | expr • '?' expr ':' '{' expr_list '}'
  113     | expr • '?' '{' expr_list '}' ':' expr
  114     | expr • '<' expr
  115     | expr • '>' expr
  116     | expr • opGE expr
  117     | expr • opLE expr
  118     | expr • opEQ expr
  119     | expr • opNE expr
  120     | expr • opOR expr
  121     | expr • opSHL expr
  122     | expr • opSHR expr
  123     | expr • opAND expr
  124     | expr • opSTREQ expr
  125     | expr • opSTRNE expr
  126     | expr • '@' expr
  140 slot_acc: expr • '.' IDENT
  141         | expr • '.' IDENT '[' aidx_expr ']'
  142 intslot_acc: expr • opINTNAME class_name_expr
  143            | expr • opINTNAMER class_name_expr
  175 funcall_expr: expr • '.' IDENT '(' func_arg_list_decl ')'

    '+'         shift, and go to state 154
    '-'         shift, and go to state 155
    '*'         shift, and go to state 156
    '/'         shift, and go to state 157
    '<'         shift, and go to state 158
    '>'         shift, and go to state 159
    '.'         shift, and go to state 160
    '|'         shift, and go to state 161
    '&'         shift, and go to state 162
    '%'         shift, and go to state 163
    ','         shift, and go to state 313
    ';'         shift, and go to state 314
    '^'         shift, and go to state 164
    '@'         shift, and go to state 165
    opINTNAME   shift, and go to state 166
    opINTNAMER  shift, and go to state 167
    opSHL       shift, and go to state 168
    opSHR       shift, and go to state 169
    opEQ        shift, and go to state 170
    opNE        shift, and go to state 171
    opGE        shift, and go to state 172
    opLE        shift, and go to state 173
    opAND       shift, and go to state 174
    opOR        shift, and go to state 175
    opSTREQ     shift, and go to state 176
    opSTRNE     shift, and go to state 177
    '?'         shift, and go to state 178


State 204

  163 stmt_expr: VAR '=' '{' • expr_list '}'

    rwDECLARE           shift, and go to state 5
    rwDECLARESINGLETON  shift, and go to state 6
    rwBREAK             shift, and go to state 85
    rwASSERT            shift, and go to state 20
    INTCONST            shift, and go to state 21
    TTAG                shift, and go to state 86
    VAR                 shift, and go to state 23
    IDENT               shift, and go to state 24
    STRATOM             shift, and go to state 26
    TAGATOM             shift, and go to state 27
    FLTCONST            shift, and go to state 28
    '-'                 shift, and go to state 29
    '*'                 shift, and go to state 30
    '('                 shift, and go to state 31
    '~'                 shift, and go to state 32
    '!'                 shift, and go to state 33
    rwPRINT             shift, and go to state 34
    rwPRINTF            shift, and go to state 35
    rwSPRINTF           shift, and go to state 36
    rwRANDOMF           shift, and go to state 37
    rwFLOOR             shift, and go to state 38
    rwCEIL              shift, and go to state 39
    rwFABS              shift, and go to state 40
    rwSIN               shift, and go to state 41
    rwCOS               shift, and go to state 42
    rwATAN              shift, and go to state 43
    rwTANH              shift, and go to state 44
    rwSQRT              shift, and go to state 45
    rwISZERO            shift, and go to state 46
    rwFMOD              shift, and go to state 47
    rwMIN               shift, and go to state 48
    rwMAX               shift, and go to state 49
    rwATAN2             shift, and go to state 50
    rwPOW               shift, and go to state 51
    rwCLAMP             shift, and go to state 52
    rwCLAMPF            shift, and go to state 53
    rwLERP              shift, and go to state 54
    rwSMOOTHSTEP        shift, and go to state 55
    rwFN                shift, and go to state 56

    object_decl          go to state 63
    expr                 go to state 187
    slot_acc             go to state 71
    intslot_acc          go to state 72
    stmt_expr            go to state 90
    funcall_expr         go to state 74
    assert_expr          go to state 75
    inline_command_expr  go to state 76
    expr_list            go to state 315


State 205

  164 stmt_expr: VAR '=' '[' • expr_list ']'

    rwDECLARE           shift, and go to state 5
    rwDECLARESINGLETON  shift, and go to state 6
    rwBREAK             shift, and go to state 85
    rwASSERT            shift, and go to state 20
    INTCONST            shift, and go to state 21
    TTAG                shift, and go to state 86
    VAR                 shift, and go to state 23
    IDENT               shift, and go to state 24
    STRATOM             shift, and go to state 26
    TAGATOM             shift, and go to state 27
    FLTCONST            shift, and go to state 28
    '-'                 shift, and go to state 29
    '*'                 shift, and go to state 30
    '('                 shift, and go to state 31
    '~'                 shift, and go to state 32
    '!'                 shift, and go to state 33
    rwPRINT             shift, and go to state 34
    rwPRINTF            shift, and go to state 35
    rwSPRINTF           shift, and go to state 36
    rwRANDOMF           shift, and go to state 37
    rwFLOOR             shift, and go to state 38
    rwCEIL              shift, and go to state 39
    rwFABS              shift, and go to state 40
    rwSIN               shift, and go to state 41
    rwCOS               shift, and go to state 42
    rwATAN              shift, and go to state 43
    rwTANH              shift, and go to state 44
    rwSQRT              shift, and go to state 45
    rwISZERO            shift, and go to state 46
    rwFMOD              shift, and go to state 47
    rwMIN               shift, and go to state 48
    rwMAX               shift, and go to state 49
    rwATAN2             shift, and go to state 50
    rwPOW               shift, and go to state 51
    rwCLAMP             shift, and go to state 52
    rwCLAMPF            shift, and go to state 53
    rwLERP              shift, and go to state 54
    rwSMOOTHSTEP        shift, and go to state 55
    rwFN                shift, and go to state 56

    object_decl          go to state 63
    expr                 go to state 187
    slot_acc             go to state 71
    intslot_acc          go to state 72
    stmt_expr            go to state 90
    funcall_expr         go to state 74
    assert_expr          go to state 75
    inline_command_expr  go to state 76
    expr_list            go to state 316


State 206

   99 expr: expr • '^' expr
  100     | expr • '%' expr
  101     | expr • '&' expr
  102     | expr • '|' expr
  103     | expr • '+' expr
  104     | expr • '-' expr
  105     | expr • '*' expr
  106     | expr • '/' expr
  110     | expr • '?' expr ':' expr
  111     | expr • '?' '{' expr_list '}' ':' '{' expr_list '}'
  112     | expr • '?' expr ':' '{' expr_list '}'
  113     | expr • '?' '{' expr_list '}' ':' expr
  114     | expr • '<' expr
  115     | expr • '>' expr
  116     | expr • opGE expr
  117     | expr • opLE expr
  118     | expr • opEQ expr
  119     | expr • opNE expr
  120     | expr • opOR expr
  121     | expr • opSHL expr
  122     | expr • opSHR expr
  123     | expr • opAND expr
  124     | expr • opSTREQ expr
  125     | expr • opSTRNE expr
  126     | expr • '@' expr
  140 slot_acc: expr • '.' IDENT
  141         | expr • '.' IDENT '[' aidx_expr ']'
  142 intslot_acc: expr • opINTNAME class_name_expr
  143            | expr • opINTNAMER class_name_expr
  162 stmt_expr: VAR '=' expr •
  175 funcall_expr: expr • '.' IDENT '(' func_arg_list_decl ')'

    '+'         shift, and go to state 154
    '-'         shift, and go to state 155
    '*'         shift, and go to state 156
    '/'         shift, and go to state 157
    '<'         shift, and go to state 158
    '>'         shift, and go to state 159
    '.'         shift, and go to state 160
    '|'         shift, and go to state 161
    '&'         shift, and go to state 162
    '%'         shift, and go to state 163
    '^'         shift, and go to state 164
    '@'         shift, and go to state 165
    opINTNAME   shift, and go to state 166
    opINTNAMER  shift, and go to state 167
    opSHL       shift, and go to state 168
    opSHR       shift, and go to state 169
    opEQ        shift, and go to state 170
    opNE        shift, and go to state 171
    opGE        shift, and go to state 172
    opLE        shift, and go to state 173
    opAND       shift, and go to state 174
    opOR        shift, and go to state 175
    opSTREQ     shift, and go to state 176
    opSTRNE     shift, and go to state 177
    '?'         shift, and go to state 178

    $default  reduce using rule 162 (stmt_expr)


State 207

  178 func_arg_item: '{' • expr_list '}'

    rwDECLARE           shift, and go to state 5
    rwDECLARESINGLETON  shift, and go to state 6
    rwBREAK             shift, and go to state 85
    rwASSERT            shift, and go to state 20
    INTCONST            shift, and go to state 21
    TTAG                shift, and go to state 86
    VAR                 shift, and go to state 23
    IDENT               shift, and go to state 24
    STRATOM             shift, and go to state 26
    TAGATOM             shift, and go to state 27
    FLTCONST            shift, and go to state 28
    '-'                 shift, and go to state 29
    '*'                 shift, and go to state 30
    '('                 shift, and go to state 31
    '~'                 shift, and go to state 32
    '!'                 shift, and go to state 33
    rwPRINT             shift, and go to state 34
    rwPRINTF            shift, and go to state 35
    rwSPRINTF           shift, and go to state 36
    rwRANDOMF           shift, and go to state 37
    rwFLOOR             shift, and go to state 38
    rwCEIL              shift, and go to state 39
    rwFABS              shift, and go to state 40
    rwSIN               shift, and go to state 41
    rwCOS               shift, and go to state 42
    rwATAN              shift, and go to state 43
    rwTANH              shift, and go to state 44
    rwSQRT              shift, and go to state 45
    rwISZERO            shift, and go to state 46
    rwFMOD              shift, and go to state 47
    rwMIN               shift, and go to state 48
    rwMAX               shift, and go to state 49
    rwATAN2             shift, and go to state 50
    rwPOW               shift, and go to state 51
    rwCLAMP             shift, and go to state 52
    rwCLAMPF            shift, and go to state 53
    rwLERP              shift, and go to state 54
    rwSMOOTHSTEP        shift, and go to state 55
    rwFN                shift, and go to state 56

    object_decl          go to state 63
    expr                 go to state 187
    slot_acc             go to state 71
    intslot_acc          go to state 72
    stmt_expr            go to state 90
    funcall_expr         go to state 74
    assert_expr          go to state 75
    inline_command_expr  go to state 76
    expr_list            go to state 317


State 208

   99 expr: expr • '^' expr
  100     | expr • '%' expr
  101     | expr • '&' expr
  102     | expr • '|' expr
  103     | expr • '+' expr
  104     | expr • '-' expr
  105     | expr • '*' expr
  106     | expr • '/' expr
  110     | expr • '?' expr ':' expr
  111     | expr • '?' '{' expr_list '}' ':' '{' expr_list '}'
  112     | expr • '?' expr ':' '{' expr_list '}'
  113     | expr • '?' '{' expr_list '}' ':' expr
  114     | expr • '<' expr
  115     | expr • '>' expr
  116     | expr • opGE expr
  117     | expr • opLE expr
  118     | expr • opEQ expr
  119     | expr • opNE expr
  120     | expr • opOR expr
  121     | expr • opSHL expr
  122     | expr • opSHR expr
  123     | expr • opAND expr
  124     | expr • opSTREQ expr
  125     | expr • opSTRNE expr
  126     | expr • '@' expr
  140 slot_acc: expr • '.' IDENT
  141         | expr • '.' IDENT '[' aidx_expr ']'
  142 intslot_acc: expr • opINTNAME class_name_expr
  143            | expr • opINTNAMER class_name_expr
  175 funcall_expr: expr • '.' IDENT '(' func_arg_list_decl ')'
  177 func_arg_item: expr •

    '+'         shift, and go to state 154
    '-'         shift, and go to state 155
    '*'         shift, and go to state 156
    '/'         shift, and go to state 157
    '<'         shift, and go to state 158
    '>'         shift, and go to state 159
    '.'         shift, and go to state 160
    '|'         shift, and go to state 161
    '&'         shift, and go to state 162
    '%'         shift, and go to state 163
    '^'         shift, and go to state 164
    '@'         shift, and go to state 165
    opINTNAME   shift, and go to state 166
    opINTNAMER  shift, and go to state 167
    opSHL       shift, and go to state 168
    opSHR       shift, and go to state 169
    opEQ        shift, and go to state 170
    opNE        shift, and go to state 171
    opGE        shift, and go to state 172
    opLE        shift, and go to state 173
    opAND       shift, and go to state 174
    opOR        shift, and go to state 175
    opSTREQ     shift, and go to state 176
    opSTRNE     shift, and go to state 177
    '?'         shift, and go to state 178

    $default  reduce using rule 177 (func_arg_item)


State 209

  179 func_arg_list: func_arg_item •

    $default  reduce using rule 179 (func_arg_list)


State 210

  180 func_arg_list: func_arg_list • ',' func_arg_item
  182 func_arg_list_decl: func_arg_list •

    ','  shift, and go to state 318

    $default  reduce using rule 182 (func_arg_list_decl)


State 211

  176 funcall_expr: VAR '(' func_arg_list_decl • ')'

    ')'  shift, and go to state 319


State 212

   99 expr: expr • '^' expr
  100     | expr • '%' expr
  101     | expr • '&' expr
  102     | expr • '|' expr
  103     | expr • '+' expr
  104     | expr • '-' expr
  105     | expr • '*' expr
  106     | expr • '/' expr
  110     | expr • '?' expr ':' expr
  111     | expr • '?' '{' expr_list '}' ':' '{' expr_list '}'
  112     | expr • '?' expr ':' '{' expr_list '}'
  113     | expr • '?' '{' expr_list '}' ':' expr
  114     | expr • '<' expr
  115     | expr • '>' expr
  116     | expr • opGE expr
  117     | expr • opLE expr
  118     | expr • opEQ expr
  119     | expr • opNE expr
  120     | expr • opOR expr
  121     | expr • opSHL expr
  122     | expr • opSHR expr
  123     | expr • opAND expr
  124     | expr • opSTREQ expr
  125     | expr • opSTRNE expr
  126     | expr • '@' expr
  140 slot_acc: expr • '.' IDENT
  141         | expr • '.' IDENT '[' aidx_expr ']'
  142 intslot_acc: expr • opINTNAME class_name_expr
  143            | expr • opINTNAMER class_name_expr
  148 assign_op_struct: opPLASN expr •
  175 funcall_expr: expr • '.' IDENT '(' func_arg_list_decl ')'

    '+'         shift, and go to state 154
    '-'         shift, and go to state 155
    '*'         shift, and go to state 156
    '/'         shift, and go to state 157
    '<'         shift, and go to state 158
    '>'         shift, and go to state 159
    '.'         shift, and go to state 160
    '|'         shift, and go to state 161
    '&'         shift, and go to state 162
    '%'         shift, and go to state 163
    '^'         shift, and go to state 164
    '@'         shift, and go to state 165
    opINTNAME   shift, and go to state 166
    opINTNAMER  shift, and go to state 167
    opSHL       shift, and go to state 168
    opSHR       shift, and go to state 169
    opEQ        shift, and go to state 170
    opNE        shift, and go to state 171
    opGE        shift, and go to state 172
    opLE        shift, and go to state 173
    opAND       shift, and go to state 174
    opOR        shift, and go to state 175
    opSTREQ     shift, and go to state 176
    opSTRNE     shift, and go to state 177
    '?'         shift, and go to state 178

    $default  reduce using rule 148 (assign_op_struct)


State 213

   99 expr: expr • '^' expr
  100     | expr • '%' expr
  101     | expr • '&' expr
  102     | expr • '|' expr
  103     | expr • '+' expr
  104     | expr • '-' expr
  105     | expr • '*' expr
  106     | expr • '/' expr
  110     | expr • '?' expr ':' expr
  111     | expr • '?' '{' expr_list '}' ':' '{' expr_list '}'
  112     | expr • '?' expr ':' '{' expr_list '}'
  113     | expr • '?' '{' expr_list '}' ':' expr
  114     | expr • '<' expr
  115     | expr • '>' expr
  116     | expr • opGE expr
  117     | expr • opLE expr
  118     | expr • opEQ expr
  119     | expr • opNE expr
  120     | expr • opOR expr
  121     | expr • opSHL expr
  122     | expr • opSHR expr
  123     | expr • opAND expr
  124     | expr • opSTREQ expr
  125     | expr • opSTRNE expr
  126     | expr • '@' expr
  140 slot_acc: expr • '.' IDENT
  141         | expr • '.' IDENT '[' aidx_expr ']'
  142 intslot_acc: expr • opINTNAME class_name_expr
  143            | expr • opINTNAMER class_name_expr
  149 assign_op_struct: opMIASN expr •
  175 funcall_expr: expr • '.' IDENT '(' func_arg_list_decl ')'

    '+'         shift, and go to state 154
    '-'         shift, and go to state 155
    '*'         shift, and go to state 156
    '/'         shift, and go to state 157
    '<'         shift, and go to state 158
    '>'         shift, and go to state 159
    '.'         shift, and go to state 160
    '|'         shift, and go to state 161
    '&'         shift, and go to state 162
    '%'         shift, and go to state 163
    '^'         shift, and go to state 164
    '@'         shift, and go to state 165
    opINTNAME   shift, and go to state 166
    opINTNAMER  shift, and go to state 167
    opSHL       shift, and go to state 168
    opSHR       shift, and go to state 169
    opEQ        shift, and go to state 170
    opNE        shift, and go to state 171
    opGE        shift, and go to state 172
    opLE        shift, and go to state 173
    opAND       shift, and go to state 174
    opOR        shift, and go to state 175
    opSTREQ     shift, and go to state 176
    opSTRNE     shift, and go to state 177
    '?'         shift, and go to state 178

    $default  reduce using rule 149 (assign_op_struct)


State 214

   99 expr: expr • '^' expr
  100     | expr • '%' expr
  101     | expr • '&' expr
  102     | expr • '|' expr
  103     | expr • '+' expr
  104     | expr • '-' expr
  105     | expr • '*' expr
  106     | expr • '/' expr
  110     | expr • '?' expr ':' expr
  111     | expr • '?' '{' expr_list '}' ':' '{' expr_list '}'
  112     | expr • '?' expr ':' '{' expr_list '}'
  113     | expr • '?' '{' expr_list '}' ':' expr
  114     | expr • '<' expr
  115     | expr • '>' expr
  116     | expr • opGE expr
  117     | expr • opLE expr
  118     | expr • opEQ expr
  119     | expr • opNE expr
  120     | expr • opOR expr
  121     | expr • opSHL expr
  122     | expr • opSHR expr
  123     | expr • opAND expr
  124     | expr • opSTREQ expr
  125     | expr • opSTRNE expr
  126     | expr • '@' expr
  140 slot_acc: expr • '.' IDENT
  141         | expr • '.' IDENT '[' aidx_expr ']'
  142 intslot_acc: expr • opINTNAME class_name_expr
  143            | expr • opINTNAMER class_name_expr
  150 assign_op_struct: opMLASN expr •
  175 funcall_expr: expr • '.' IDENT '(' func_arg_list_decl ')'

    '+'         shift, and go to state 154
    '-'         shift, and go to state 155
    '*'         shift, and go to state 156
    '/'         shift, and go to state 157
    '<'         shift, and go to state 158
    '>'         shift, and go to state 159
    '.'         shift, and go to state 160
    '|'         shift, and go to state 161
    '&'         shift, and go to state 162
    '%'         shift, and go to state 163
    '^'         shift, and go to state 164
    '@'         shift, and go to state 165
    opINTNAME   shift, and go to state 166
    opINTNAMER  shift, and go to state 167
    opSHL       shift, and go to state 168
    opSHR       shift, and go to state 169
    opEQ        shift, and go to state 170
    opNE        shift, and go to state 171
    opGE        shift, and go to state 172
    opLE        shift, and go to state 173
    opAND       shift, and go to state 174
    opOR        shift, and go to state 175
    opSTREQ     shift, and go to state 176
    opSTRNE     shift, and go to state 177
    '?'         shift, and go to state 178

    $default  reduce using rule 150 (assign_op_struct)


State 215

   99 expr: expr • '^' expr
  100     | expr • '%' expr
  101     | expr • '&' expr
  102     | expr • '|' expr
  103     | expr • '+' expr
  104     | expr • '-' expr
  105     | expr • '*' expr
  106     | expr • '/' expr
  110     | expr • '?' expr ':' expr
  111     | expr • '?' '{' expr_list '}' ':' '{' expr_list '}'
  112     | expr • '?' expr ':' '{' expr_list '}'
  113     | expr • '?' '{' expr_list '}' ':' expr
  114     | expr • '<' expr
  115     | expr • '>' expr
  116     | expr • opGE expr
  117     | expr • opLE expr
  118     | expr • opEQ expr
  119     | expr • opNE expr
  120     | expr • opOR expr
  121     | expr • opSHL expr
  122     | expr • opSHR expr
  123     | expr • opAND expr
  124     | expr • opSTREQ expr
  125     | expr • opSTRNE expr
  126     | expr • '@' expr
  140 slot_acc: expr • '.' IDENT
  141         | expr • '.' IDENT '[' aidx_expr ']'
  142 intslot_acc: expr • opINTNAME class_name_expr
  143            | expr • opINTNAMER class_name_expr
  151 assign_op_struct: opDVASN expr •
  175 funcall_expr: expr • '.' IDENT '(' func_arg_list_decl ')'

    '+'         shift, and go to state 154
    '-'         shift, and go to state 155
    '*'         shift, and go to state 156
    '/'         shift, and go to state 157
    '<'         shift, and go to state 158
    '>'         shift, and go to state 159
    '.'         shift, and go to state 160
    '|'         shift, and go to state 161
    '&'         shift, and go to state 162
    '%'         shift, and go to state 163
    '^'         shift, and go to state 164
    '@'         shift, and go to state 165
    opINTNAME   shift, and go to state 166
    opINTNAMER  shift, and go to state 167
    opSHL       shift, and go to state 168
    opSHR       shift, and go to state 169
    opEQ        shift, and go to state 170
    opNE        shift, and go to state 171
    opGE        shift, and go to state 172
    opLE        shift, and go to state 173
    opAND       shift, and go to state 174
    opOR        shift, and go to state 175
    opSTREQ     shift, and go to state 176
    opSTRNE     shift, and go to state 177
    '?'         shift, and go to state 178

    $default  reduce using rule 151 (assign_op_struct)


State 216

   99 expr: expr • '^' expr
  100     | expr • '%' expr
  101     | expr • '&' expr
  102     | expr • '|' expr
  103     | expr • '+' expr
  104     | expr • '-' expr
  105     | expr • '*' expr
  106     | expr • '/' expr
  110     | expr • '?' expr ':' expr
  111     | expr • '?' '{' expr_list '}' ':' '{' expr_list '}'
  112     | expr • '?' expr ':' '{' expr_list '}'
  113     | expr • '?' '{' expr_list '}' ':' expr
  114     | expr • '<' expr
  115     | expr • '>' expr
  116     | expr • opGE expr
  117     | expr • opLE expr
  118     | expr • opEQ expr
  119     | expr • opNE expr
  120     | expr • opOR expr
  121     | expr • opSHL expr
  122     | expr • opSHR expr
  123     | expr • opAND expr
  124     | expr • opSTREQ expr
  125     | expr • opSTRNE expr
  126     | expr • '@' expr
  140 slot_acc: expr • '.' IDENT
  141         | expr • '.' IDENT '[' aidx_expr ']'
  142 intslot_acc: expr • opINTNAME class_name_expr
  143            | expr • opINTNAMER class_name_expr
  152 assign_op_struct: opMODASN expr •
  175 funcall_expr: expr • '.' IDENT '(' func_arg_list_decl ')'

    '+'         shift, and go to state 154
    '-'         shift, and go to state 155
    '*'         shift, and go to state 156
    '/'         shift, and go to state 157
    '<'         shift, and go to state 158
    '>'         shift, and go to state 159
    '.'         shift, and go to state 160
    '|'         shift, and go to state 161
    '&'         shift, and go to state 162
    '%'         shift, and go to state 163
    '^'         shift, and go to state 164
    '@'         shift, and go to state 165
    opINTNAME   shift, and go to state 166
    opINTNAMER  shift, and go to state 167
    opSHL       shift, and go to state 168
    opSHR       shift, and go to state 169
    opEQ        shift, and go to state 170
    opNE        shift, and go to state 171
    opGE        shift, and go to state 172
    opLE        shift, and go to state 173
    opAND       shift, and go to state 174
    opOR        shift, and go to state 175
    opSTREQ     shift, and go to state 176
    opSTRNE     shift, and go to state 177
    '?'         shift, and go to state 178

    $default  reduce using rule 152 (assign_op_struct)


State 217

   99 expr: expr • '^' expr
  100     | expr • '%' expr
  101     | expr • '&' expr
  102     | expr • '|' expr
  103     | expr • '+' expr
  104     | expr • '-' expr
  105     | expr • '*' expr
  106     | expr • '/' expr
  110     | expr • '?' expr ':' expr
  111     | expr • '?' '{' expr_list '}' ':' '{' expr_list '}'
  112     | expr • '?' expr ':' '{' expr_list '}'
  113     | expr • '?' '{' expr_list '}' ':' expr
  114     | expr • '<' expr
  115     | expr • '>' expr
  116     | expr • opGE expr
  117     | expr • opLE expr
  118     | expr • opEQ expr
  119     | expr • opNE expr
  120     | expr • opOR expr
  121     | expr • opSHL expr
  122     | expr • opSHR expr
  123     | expr • opAND expr
  124     | expr • opSTREQ expr
  125     | expr • opSTRNE expr
  126     | expr • '@' expr
  140 slot_acc: expr • '.' IDENT
  141         | expr • '.' IDENT '[' aidx_expr ']'
  142 intslot_acc: expr • opINTNAME class_name_expr
  143            | expr • opINTNAMER class_name_expr
  153 assign_op_struct: opANDASN expr •
  175 funcall_expr: expr • '.' IDENT '(' func_arg_list_decl ')'

    '+'         shift, and go to state 154
    '-'         shift, and go to state 155
    '*'         shift, and go to state 156
    '/'         shift, and go to state 157
    '<'         shift, and go to state 158
    '>'         shift, and go to state 159
    '.'         shift, and go to state 160
    '|'         shift, and go to state 161
    '&'         shift, and go to state 162
    '%'         shift, and go to state 163
    '^'         shift, and go to state 164
    '@'         shift, and go to state 165
    opINTNAME   shift, and go to state 166
    opINTNAMER  shift, and go to state 167
    opSHL       shift, and go to state 168
    opSHR       shift, and go to state 169
    opEQ        shift, and go to state 170
    opNE        shift, and go to state 171
    opGE        shift, and go to state 172
    opLE        shift, and go to state 173
    opAND       shift, and go to state 174
    opOR        shift, and go to state 175
    opSTREQ     shift, and go to state 176
    opSTRNE     shift, and go to state 177
    '?'         shift, and go to state 178

    $default  reduce using rule 153 (assign_op_struct)


State 218

   99 expr: expr • '^' expr
  100     | expr • '%' expr
  101     | expr • '&' expr
  102     | expr • '|' expr
  103     | expr • '+' expr
  104     | expr • '-' expr
  105     | expr • '*' expr
  106     | expr • '/' expr
  110     | expr • '?' expr ':' expr
  111     | expr • '?' '{' expr_list '}' ':' '{' expr_list '}'
  112     | expr • '?' expr ':' '{' expr_list '}'
  113     | expr • '?' '{' expr_list '}' ':' expr
  114     | expr • '<' expr
  115     | expr • '>' expr
  116     | expr • opGE expr
  117     | expr • opLE expr
  118     | expr • opEQ expr
  119     | expr • opNE expr
  120     | expr • opOR expr
  121     | expr • opSHL expr
  122     | expr • opSHR expr
  123     | expr • opAND expr
  124     | expr • opSTREQ expr
  125     | expr • opSTRNE expr
  126     | expr • '@' expr
  140 slot_acc: expr • '.' IDENT
  141         | expr • '.' IDENT '[' aidx_expr ']'
  142 intslot_acc: expr • opINTNAME class_name_expr
  143            | expr • opINTNAMER class_name_expr
  154 assign_op_struct: opXORASN expr •
  175 funcall_expr: expr • '.' IDENT '(' func_arg_list_decl ')'

    '+'         shift, and go to state 154
    '-'         shift, and go to state 155
    '*'         shift, and go to state 156
    '/'         shift, and go to state 157
    '<'         shift, and go to state 158
    '>'         shift, and go to state 159
    '.'         shift, and go to state 160
    '|'         shift, and go to state 161
    '&'         shift, and go to state 162
    '%'         shift, and go to state 163
    '^'         shift, and go to state 164
    '@'         shift, and go to state 165
    opINTNAME   shift, and go to state 166
    opINTNAMER  shift, and go to state 167
    opSHL       shift, and go to state 168
    opSHR       shift, and go to state 169
    opEQ        shift, and go to state 170
    opNE        shift, and go to state 171
    opGE        shift, and go to state 172
    opLE        shift, and go to state 173
    opAND       shift, and go to state 174
    opOR        shift, and go to state 175
    opSTREQ     shift, and go to state 176
    opSTRNE     shift, and go to state 177
    '?'         shift, and go to state 178

    $default  reduce using rule 154 (assign_op_struct)


State 219

   99 expr: expr • '^' expr
  100     | expr • '%' expr
  101     | expr • '&' expr
  102     | expr • '|' expr
  103     | expr • '+' expr
  104     | expr • '-' expr
  105     | expr • '*' expr
  106     | expr • '/' expr
  110     | expr • '?' expr ':' expr
  111     | expr • '?' '{' expr_list '}' ':' '{' expr_list '}'
  112     | expr • '?' expr ':' '{' expr_list '}'
  113     | expr • '?' '{' expr_list '}' ':' expr
  114     | expr • '<' expr
  115     | expr • '>' expr
  116     | expr • opGE expr
  117     | expr • opLE expr
  118     | expr • opEQ expr
  119     | expr • opNE expr
  120     | expr • opOR expr
  121     | expr • opSHL expr
  122     | expr • opSHR expr
  123     | expr • opAND expr
  124     | expr • opSTREQ expr
  125     | expr • opSTRNE expr
  126     | expr • '@' expr
  140 slot_acc: expr • '.' IDENT
  141         | expr • '.' IDENT '[' aidx_expr ']'
  142 intslot_acc: expr • opINTNAME class_name_expr
  143            | expr • opINTNAMER class_name_expr
  155 assign_op_struct: opORASN expr •
  175 funcall_expr: expr • '.' IDENT '(' func_arg_list_decl ')'

    '+'         shift, and go to state 154
    '-'         shift, and go to state 155
    '*'         shift, and go to state 156
    '/'         shift, and go to state 157
    '<'         shift, and go to state 158
    '>'         shift, and go to state 159
    '.'         shift, and go to state 160
    '|'         shift, and go to state 161
    '&'         shift, and go to state 162
    '%'         shift, and go to state 163
    '^'         shift, and go to state 164
    '@'         shift, and go to state 165
    opINTNAME   shift, and go to state 166
    opINTNAMER  shift, and go to state 167
    opSHL       shift, and go to state 168
    opSHR       shift, and go to state 169
    opEQ        shift, and go to state 170
    opNE        shift, and go to state 171
    opGE        shift, and go to state 172
    opLE        shift, and go to state 173
    opAND       shift, and go to state 174
    opOR        shift, and go to state 175
    opSTREQ     shift, and go to state 176
    opSTRNE     shift, and go to state 177
    '?'         shift, and go to state 178

    $default  reduce using rule 155 (assign_op_struct)


State 220

   99 expr: expr • '^' expr
  100     | expr • '%' expr
  101     | expr • '&' expr
  102     | expr • '|' expr
  103     | expr • '+' expr
  104     | expr • '-' expr
  105     | expr • '*' expr
  106     | expr • '/' expr
  110     | expr • '?' expr ':' expr
  111     | expr • '?' '{' expr_list '}' ':' '{' expr_list '}'
  112     | expr • '?' expr ':' '{' expr_list '}'
  113     | expr • '?' '{' expr_list '}' ':' expr
  114     | expr • '<' expr
  115     | expr • '>' expr
  116     | expr • opGE expr
  117     | expr • opLE expr
  118     | expr • opEQ expr
  119     | expr • opNE expr
  120     | expr • opOR expr
  121     | expr • opSHL expr
  122     | expr • opSHR expr
  123     | expr • opAND expr
  124     | expr • opSTREQ expr
  125     | expr • opSTRNE expr
  126     | expr • '@' expr
  140 slot_acc: expr • '.' IDENT
  141         | expr • '.' IDENT '[' aidx_expr ']'
  142 intslot_acc: expr • opINTNAME class_name_expr
  143            | expr • opINTNAMER class_name_expr
  156 assign_op_struct: opSLASN expr •
  175 funcall_expr: expr • '.' IDENT '(' func_arg_list_decl ')'

    '+'         shift, and go to state 154
    '-'         shift, and go to state 155
    '*'         shift, and go to state 156
    '/'         shift, and go to state 157
    '<'         shift, and go to state 158
    '>'         shift, and go to state 159
    '.'         shift, and go to state 160
    '|'         shift, and go to state 161
    '&'         shift, and go to state 162
    '%'         shift, and go to state 163
    '^'         shift, and go to state 164
    '@'         shift, and go to state 165
    opINTNAME   shift, and go to state 166
    opINTNAMER  shift, and go to state 167
    opSHL       shift, and go to state 168
    opSHR       shift, and go to state 169
    opEQ        shift, and go to state 170
    opNE        shift, and go to state 171
    opGE        shift, and go to state 172
    opLE        shift, and go to state 173
    opAND       shift, and go to state 174
    opOR        shift, and go to state 175
    opSTREQ     shift, and go to state 176
    opSTRNE     shift, and go to state 177
    '?'         shift, and go to state 178

    $default  reduce using rule 156 (assign_op_struct)


State 221

   99 expr: expr • '^' expr
  100     | expr • '%' expr
  101     | expr • '&' expr
  102     | expr • '|' expr
  103     | expr • '+' expr
  104     | expr • '-' expr
  105     | expr • '*' expr
  106     | expr • '/' expr
  110     | expr • '?' expr ':' expr
  111     | expr • '?' '{' expr_list '}' ':' '{' expr_list '}'
  112     | expr • '?' expr ':' '{' expr_list '}'
  113     | expr • '?' '{' expr_list '}' ':' expr
  114     | expr • '<' expr
  115     | expr • '>' expr
  116     | expr • opGE expr
  117     | expr • opLE expr
  118     | expr • opEQ expr
  119     | expr • opNE expr
  120     | expr • opOR expr
  121     | expr • opSHL expr
  122     | expr • opSHR expr
  123     | expr • opAND expr
  124     | expr • opSTREQ expr
  125     | expr • opSTRNE expr
  126     | expr • '@' expr
  140 slot_acc: expr • '.' IDENT
  141         | expr • '.' IDENT '[' aidx_expr ']'
  142 intslot_acc: expr • opINTNAME class_name_expr
  143            | expr • opINTNAMER class_name_expr
  157 assign_op_struct: opSRASN expr •
  175 funcall_expr: expr • '.' IDENT '(' func_arg_list_decl ')'

    '+'         shift, and go to state 154
    '-'         shift, and go to state 155
    '*'         shift, and go to state 156
    '/'         shift, and go to state 157
    '<'         shift, and go to state 158
    '>'         shift, and go to state 159
    '.'         shift, and go to state 160
    '|'         shift, and go to state 161
    '&'         shift, and go to state 162
    '%'         shift, and go to state 163
    '^'         shift, and go to state 164
    '@'         shift, and go to state 165
    opINTNAME   shift, and go to state 166
    opINTNAMER  shift, and go to state 167
    opSHL       shift, and go to state 168
    opSHR       shift, and go to state 169
    opEQ        shift, and go to state 170
    opNE        shift, and go to state 171
    opGE        shift, and go to state 172
    opLE        shift, and go to state 173
    opAND       shift, and go to state 174
    opOR        shift, and go to state 175
    opSTREQ     shift, and go to state 176
    opSTRNE     shift, and go to state 177
    '?'         shift, and go to state 178

    $default  reduce using rule 157 (assign_op_struct)


State 222

   99 expr: expr • '^' expr
  100     | expr • '%' expr
  101     | expr • '&' expr
  102     | expr • '|' expr
  103     | expr • '+' expr
  104     | expr • '-' expr
  105     | expr • '*' expr
  106     | expr • '/' expr
  110     | expr • '?' expr ':' expr
  111     | expr • '?' '{' expr_list '}' ':' '{' expr_list '}'
  112     | expr • '?' expr ':' '{' expr_list '}'
  113     | expr • '?' '{' expr_list '}' ':' expr
  114     | expr • '<' expr
  115     | expr • '>' expr
  116     | expr • opGE expr
  117     | expr • opLE expr
  118     | expr • opEQ expr
  119     | expr • opNE expr
  120     | expr • opOR expr
  121     | expr • opSHL expr
  122     | expr • opSHR expr
  123     | expr • opAND expr
  124     | expr • opSTREQ expr
  125     | expr • opSTRNE expr
  126     | expr • '@' expr
  140 slot_acc: expr • '.' IDENT
  141         | expr • '.' IDENT '[' aidx_expr ']'
  142 intslot_acc: expr • opINTNAME class_name_expr
  143            | expr • opINTNAMER class_name_expr
  175 funcall_expr: expr • '.' IDENT '(' func_arg_list_decl ')'
  223 aidx_expr: expr •

    '+'         shift, and go to state 154
    '-'         shift, and go to state 155
    '*'         shift, and go to state 156
    '/'         shift, and go to state 157
    '<'         shift, and go to state 158
    '>'         shift, and go to state 159
    '.'         shift, and go to state 160
    '|'         shift, and go to state 161
    '&'         shift, and go to state 162
    '%'         shift, and go to state 163
    '^'         shift, and go to state 164
    '@'         shift, and go to state 165
    opINTNAME   shift, and go to state 166
    opINTNAMER  shift, and go to state 167
    opSHL       shift, and go to state 168
    opSHR       shift, and go to state 169
    opEQ        shift, and go to state 170
    opNE        shift, and go to state 171
    opGE        shift, and go to state 172
    opLE        shift, and go to state 173
    opAND       shift, and go to state 174
    opOR        shift, and go to state 175
    opSTREQ     shift, and go to state 176
    opSTRNE     shift, and go to state 177
    '?'         shift, and go to state 178

    $default  reduce using rule 223 (aidx_expr)


State 223

  138 expr: VAR '[' aidx_expr • ']'
  165 stmt_expr: VAR '[' aidx_expr • ']' '=' expr
  166          | VAR '[' aidx_expr • ']' '=' '{' expr_list '}'
  168          | VAR '[' aidx_expr • ']' assign_op_struct
  224 aidx_expr: aidx_expr • ',' expr

    ','  shift, and go to state 320
    ']'  shift, and go to state 321


State 224

  173 funcall_expr: IDENT '(' func_arg_list_decl • ')'

    ')'  shift, and go to state 322


State 225

  174 funcall_expr: IDENT opCOLONCOLON IDENT • '(' func_arg_list_decl ')'

    '('  shift, and go to state 323


State 226

   98 expr: '(' expr ')' •

    $default  reduce using rule 98 (expr)


State 227

  185 inline_command_expr: rwPRINT '(' expr_list • ')'
  209 expr_list: expr_list • ',' expr

    ')'  shift, and go to state 324
    ','  shift, and go to state 294


State 228

  186 inline_command_expr: rwPRINTF '(' expr_list • ')'
  209 expr_list: expr_list • ',' expr

    ')'  shift, and go to state 325
    ','  shift, and go to state 294


State 229

  187 inline_command_expr: rwSPRINTF '(' expr_list • ')'
  209 expr_list: expr_list • ',' expr

    ')'  shift, and go to state 326
    ','  shift, and go to state 294


State 230

  188 inline_command_expr: rwRANDOMF '(' ')' •

    $default  reduce using rule 188 (inline_command_expr)


State 231

  189 inline_command_expr: rwRANDOMF '(' expr_list • ')'
  209 expr_list: expr_list • ',' expr

    ')'  shift, and go to state 327
    ','  shift, and go to state 294


State 232

  190 inline_command_expr: rwFLOOR '(' expr_list • ')'
  209 expr_list: expr_list • ',' expr

    ')'  shift, and go to state 328
    ','  shift, and go to state 294


State 233

  191 inline_command_expr: rwCEIL '(' expr_list • ')'
  209 expr_list: expr_list • ',' expr

    ')'  shift, and go to state 329
    ','  shift, and go to state 294


State 234

  192 inline_command_expr: rwFABS '(' expr_list • ')'
  209 expr_list: expr_list • ',' expr

    ')'  shift, and go to state 330
    ','  shift, and go to state 294


State 235

  193 inline_command_expr: rwSIN '(' expr_list • ')'
  209 expr_list: expr_list • ',' expr

    ')'  shift, and go to state 331
    ','  shift, and go to state 294


State 236

  194 inline_command_expr: rwCOS '(' expr_list • ')'
  209 expr_list: expr_list • ',' expr

    ')'  shift, and go to state 332
    ','  shift, and go to state 294


State 237

  195 inline_command_expr: rwATAN '(' expr_list • ')'
  209 expr_list: expr_list • ',' expr

    ')'  shift, and go to state 333
    ','  shift, and go to state 294


State 238

  196 inline_command_expr: rwTANH '(' expr_list • ')'
  209 expr_list: expr_list • ',' expr

    ')'  shift, and go to state 334
    ','  shift, and go to state 294


State 239

  197 inline_command_expr: rwSQRT '(' expr_list • ')'
  209 expr_list: expr_list • ',' expr

    ')'  shift, and go to state 335
    ','  shift, and go to state 294


State 240

  198 inline_command_expr: rwISZERO '(' expr_list • ')'
  209 expr_list: expr_list • ',' expr

    ')'  shift, and go to state 336
    ','  shift, and go to state 294


State 241

  199 inline_command_expr: rwFMOD '(' expr_list • ')'
  209 expr_list: expr_list • ',' expr

    ')'  shift, and go to state 337
    ','  shift, and go to state 294


State 242

  200 inline_command_expr: rwMIN '(' expr_list • ')'
  209 expr_list: expr_list • ',' expr

    ')'  shift, and go to state 338
    ','  shift, and go to state 294


State 243

  201 inline_command_expr: rwMAX '(' expr_list • ')'
  209 expr_list: expr_list • ',' expr

    ')'  shift, and go to state 339
    ','  shift, and go to state 294


State 244

  202 inline_command_expr: rwATAN2 '(' expr_list • ')'
  209 expr_list: expr_list • ',' expr

    ')'  shift, and go to state 340
    ','  shift, and go to state 294


State 245

  203 inline_command_expr: rwPOW '(' expr_list • ')'
  209 expr_list: expr_list • ',' expr

    ')'  shift, and go to state 341
    ','  shift, and go to state 294


State 246

  204 inline_command_expr: rwCLAMP '(' expr_list • ')'
  209 expr_list: expr_list • ',' expr

    ')'  shift, and go to state 342
    ','  shift, and go to state 294


State 247

  205 inline_command_expr: rwCLAMPF '(' expr_list • ')'
  209 expr_list: expr_list • ',' expr

    ')'  shift, and go to state 343
    ','  shift, and go to state 294


State 248

  206 inline_command_expr: rwLERP '(' expr_list • ')'
  209 expr_list: expr_list • ',' expr

    ')'  shift, and go to state 344
    ','  shift, and go to state 294


State 249

  207 inline_command_expr: rwSMOOTHSTEP '(' expr_list • ')'
  209 expr_list: expr_list • ',' expr

    ')'  shift, and go to state 345
    ','  shift, and go to state 294


State 250

   36 param: VAR •
   37      | VAR • '?'
   38      | VAR • '=' expr
   39      | VAR • '?' '=' expr

    '='  shift, and go to state 346
    '?'  shift, and go to state 347

    $default  reduce using rule 36 (param)


State 251

  139 expr: rwFN '(' func_var_list_decl • ')' '{' statement_list '}'

    ')'  shift, and go to state 348


State 252

   33 func_var_list_decl: func_var_list •
   35 func_var_list: func_var_list • ',' param

    ','  shift, and go to state 349

    $default  reduce using rule 33 (func_var_list_decl)


State 253

   34 func_var_list: param •

    $default  reduce using rule 34 (func_var_list)


State 254

   43 unpack_param: VAR '?' •

    $default  reduce using rule 43 (unpack_param)


State 255

   41 unpack_var_list: unpack_var_list ',' • unpack_param

    VAR  shift, and go to state 150

    unpack_param  go to state 350


State 256

   27 stmt: '[' unpack_var_list ']' • '=' expr ';'
   28     | '[' unpack_var_list ']' • '=' '{' expr_list '}' ';'
   29     | '[' unpack_var_list ']' • '=' '[' expr_list ']' ';'

    '='  shift, and go to state 351


State 257

   99 expr: expr • '^' expr
  100     | expr • '%' expr
  101     | expr • '&' expr
  102     | expr • '|' expr
  103     | expr • '+' expr
  103     | expr '+' expr •
  104     | expr • '-' expr
  105     | expr • '*' expr
  106     | expr • '/' expr
  110     | expr • '?' expr ':' expr
  111     | expr • '?' '{' expr_list '}' ':' '{' expr_list '}'
  112     | expr • '?' expr ':' '{' expr_list '}'
  113     | expr • '?' '{' expr_list '}' ':' expr
  114     | expr • '<' expr
  115     | expr • '>' expr
  116     | expr • opGE expr
  117     | expr • opLE expr
  118     | expr • opEQ expr
  119     | expr • opNE expr
  120     | expr • opOR expr
  121     | expr • opSHL expr
  122     | expr • opSHR expr
  123     | expr • opAND expr
  124     | expr • opSTREQ expr
  125     | expr • opSTRNE expr
  126     | expr • '@' expr
  140 slot_acc: expr • '.' IDENT
  141         | expr • '.' IDENT '[' aidx_expr ']'
  142 intslot_acc: expr • opINTNAME class_name_expr
  143            | expr • opINTNAMER class_name_expr
  175 funcall_expr: expr • '.' IDENT '(' func_arg_list_decl ')'

    '*'         shift, and go to state 156
    '/'         shift, and go to state 157
    '.'         shift, and go to state 160
    '%'         shift, and go to state 163
    opINTNAME   shift, and go to state 166
    opINTNAMER  shift, and go to state 167

    $default  reduce using rule 103 (expr)


State 258

   99 expr: expr • '^' expr
  100     | expr • '%' expr
  101     | expr • '&' expr
  102     | expr • '|' expr
  103     | expr • '+' expr
  104     | expr • '-' expr
  104     | expr '-' expr •
  105     | expr • '*' expr
  106     | expr • '/' expr
  110     | expr • '?' expr ':' expr
  111     | expr • '?' '{' expr_list '}' ':' '{' expr_list '}'
  112     | expr • '?' expr ':' '{' expr_list '}'
  113     | expr • '?' '{' expr_list '}' ':' expr
  114     | expr • '<' expr
  115     | expr • '>' expr
  116     | expr • opGE expr
  117     | expr • opLE expr
  118     | expr • opEQ expr
  119     | expr • opNE expr
  120     | expr • opOR expr
  121     | expr • opSHL expr
  122     | expr • opSHR expr
  123     | expr • opAND expr
  124     | expr • opSTREQ expr
  125     | expr • opSTRNE expr
  126     | expr • '@' expr
  140 slot_acc: expr • '.' IDENT
  141         | expr • '.' IDENT '[' aidx_expr ']'
  142 intslot_acc: expr • opINTNAME class_name_expr
  143            | expr • opINTNAMER class_name_expr
  175 funcall_expr: expr • '.' IDENT '(' func_arg_list_decl ')'

    '*'         shift, and go to state 156
    '/'         shift, and go to state 157
    '.'         shift, and go to state 160
    '%'         shift, and go to state 163
    opINTNAME   shift, and go to state 166
    opINTNAMER  shift, and go to state 167

    $default  reduce using rule 104 (expr)


State 259

   99 expr: expr • '^' expr
  100     | expr • '%' expr
  101     | expr • '&' expr
  102     | expr • '|' expr
  103     | expr • '+' expr
  104     | expr • '-' expr
  105     | expr • '*' expr
  105     | expr '*' expr •
  106     | expr • '/' expr
  110     | expr • '?' expr ':' expr
  111     | expr • '?' '{' expr_list '}' ':' '{' expr_list '}'
  112     | expr • '?' expr ':' '{' expr_list '}'
  113     | expr • '?' '{' expr_list '}' ':' expr
  114     | expr • '<' expr
  115     | expr • '>' expr
  116     | expr • opGE expr
  117     | expr • opLE expr
  118     | expr • opEQ expr
  119     | expr • opNE expr
  120     | expr • opOR expr
  121     | expr • opSHL expr
  122     | expr • opSHR expr
  123     | expr • opAND expr
  124     | expr • opSTREQ expr
  125     | expr • opSTRNE expr
  126     | expr • '@' expr
  140 slot_acc: expr • '.' IDENT
  141         | expr • '.' IDENT '[' aidx_expr ']'
  142 intslot_acc: expr • opINTNAME class_name_expr
  143            | expr • opINTNAMER class_name_expr
  175 funcall_expr: expr • '.' IDENT '(' func_arg_list_decl ')'

    '.'         shift, and go to state 160
    opINTNAME   shift, and go to state 166
    opINTNAMER  shift, and go to state 167

    $default  reduce using rule 105 (expr)


State 260

   99 expr: expr • '^' expr
  100     | expr • '%' expr
  101     | expr • '&' expr
  102     | expr • '|' expr
  103     | expr • '+' expr
  104     | expr • '-' expr
  105     | expr • '*' expr
  106     | expr • '/' expr
  106     | expr '/' expr •
  110     | expr • '?' expr ':' expr
  111     | expr • '?' '{' expr_list '}' ':' '{' expr_list '}'
  112     | expr • '?' expr ':' '{' expr_list '}'
  113     | expr • '?' '{' expr_list '}' ':' expr
  114     | expr • '<' expr
  115     | expr • '>' expr
  116     | expr • opGE expr
  117     | expr • opLE expr
  118     | expr • opEQ expr
  119     | expr • opNE expr
  120     | expr • opOR expr
  121     | expr • opSHL expr
  122     | expr • opSHR expr
  123     | expr • opAND expr
  124     | expr • opSTREQ expr
  125     | expr • opSTRNE expr
  126     | expr • '@' expr
  140 slot_acc: expr • '.' IDENT
  141         | expr • '.' IDENT '[' aidx_expr ']'
  142 intslot_acc: expr • opINTNAME class_name_expr
  143            | expr • opINTNAMER class_name_expr
  175 funcall_expr: expr • '.' IDENT '(' func_arg_list_decl ')'

    '.'         shift, and go to state 160
    opINTNAME   shift, and go to state 166
    opINTNAMER  shift, and go to state 167

    $default  reduce using rule 106 (expr)


State 261

   99 expr: expr • '^' expr
  100     | expr • '%' expr
  101     | expr • '&' expr
  102     | expr • '|' expr
  103     | expr • '+' expr
  104     | expr • '-' expr
  105     | expr • '*' expr
  106     | expr • '/' expr
  110     | expr • '?' expr ':' expr
  111     | expr • '?' '{' expr_list '}' ':' '{' expr_list '}'
  112     | expr • '?' expr ':' '{' expr_list '}'
  113     | expr • '?' '{' expr_list '}' ':' expr
  114     | expr • '<' expr
  114     | expr '<' expr •
  115     | expr • '>' expr
  116     | expr • opGE expr
  117     | expr • opLE expr
  118     | expr • opEQ expr
  119     | expr • opNE expr
  120     | expr • opOR expr
  121     | expr • opSHL expr
  122     | expr • opSHR expr
  123     | expr • opAND expr
  124     | expr • opSTREQ expr
  125     | expr • opSTRNE expr
  126     | expr • '@' expr
  140 slot_acc: expr • '.' IDENT
  141         | expr • '.' IDENT '[' aidx_expr ']'
  142 intslot_acc: expr • opINTNAME class_name_expr
  143            | expr • opINTNAMER class_name_expr
  175 funcall_expr: expr • '.' IDENT '(' func_arg_list_decl ')'

    '+'         shift, and go to state 154
    '-'         shift, and go to state 155
    '*'         shift, and go to state 156
    '/'         shift, and go to state 157
    '.'         shift, and go to state 160
    '%'         shift, and go to state 163
    '@'         shift, and go to state 165
    opINTNAME   shift, and go to state 166
    opINTNAMER  shift, and go to state 167
    opSHL       shift, and go to state 168
    opSHR       shift, and go to state 169
    opSTREQ     shift, and go to state 176
    opSTRNE     shift, and go to state 177

    $default  reduce using rule 114 (expr)


State 262

   99 expr: expr • '^' expr
  100     | expr • '%' expr
  101     | expr • '&' expr
  102     | expr • '|' expr
  103     | expr • '+' expr
  104     | expr • '-' expr
  105     | expr • '*' expr
  106     | expr • '/' expr
  110     | expr • '?' expr ':' expr
  111     | expr • '?' '{' expr_list '}' ':' '{' expr_list '}'
  112     | expr • '?' expr ':' '{' expr_list '}'
  113     | expr • '?' '{' expr_list '}' ':' expr
  114     | expr • '<' expr
  115     | expr • '>' expr
  115     | expr '>' expr •
  116     | expr • opGE expr
  117     | expr • opLE expr
  118     | expr • opEQ expr
  119     | expr • opNE expr
  120     | expr • opOR expr
  121     | expr • opSHL expr
  122     | expr • opSHR expr
  123     | expr • opAND expr
  124     | expr • opSTREQ expr
  125     | expr • opSTRNE expr
  126     | expr • '@' expr
  140 slot_acc: expr • '.' IDENT
  141         | expr • '.' IDENT '[' aidx_expr ']'
  142 intslot_acc: expr • opINTNAME class_name_expr
  143            | expr • opINTNAMER class_name_expr
  175 funcall_expr: expr • '.' IDENT '(' func_arg_list_decl ')'

    '+'         shift, and go to state 154
    '-'         shift, and go to state 155
    '*'         shift, and go to state 156
    '/'         shift, and go to state 157
    '.'         shift, and go to state 160
    '%'         shift, and go to state 163
    '@'         shift, and go to state 165
    opINTNAME   shift, and go to state 166
    opINTNAMER  shift, and go to state 167
    opSHL       shift, and go to state 168
    opSHR       shift, and go to state 169
    opSTREQ     shift, and go to state 176
    opSTRNE     shift, and go to state 177

    $default  reduce using rule 115 (expr)


State 263

  140 slot_acc: expr '.' IDENT •
  141         | expr '.' IDENT • '[' aidx_expr ']'
  175 funcall_expr: expr '.' IDENT • '(' func_arg_list_decl ')'

    '('  shift, and go to state 352
    '['  shift, and go to state 353

    $default  reduce using rule 140 (slot_acc)


State 264

   99 expr: expr • '^' expr
  100     | expr • '%' expr
  101     | expr • '&' expr
  102     | expr • '|' expr
  102     | expr '|' expr •
  103     | expr • '+' expr
  104     | expr • '-' expr
  105     | expr • '*' expr
  106     | expr • '/' expr
  110     | expr • '?' expr ':' expr
  111     | expr • '?' '{' expr_list '}' ':' '{' expr_list '}'
  112     | expr • '?' expr ':' '{' expr_list '}'
  113     | expr • '?' '{' expr_list '}' ':' expr
  114     | expr • '<' expr
  115     | expr • '>' expr
  116     | expr • opGE expr
  117     | expr • opLE expr
  118     | expr • opEQ expr
  119     | expr • opNE expr
  120     | expr • opOR expr
  121     | expr • opSHL expr
  122     | expr • opSHR expr
  123     | expr • opAND expr
  124     | expr • opSTREQ expr
  125     | expr • opSTRNE expr
  126     | expr • '@' expr
  140 slot_acc: expr • '.' IDENT
  141         | expr • '.' IDENT '[' aidx_expr ']'
  142 intslot_acc: expr • opINTNAME class_name_expr
  143            | expr • opINTNAMER class_name_expr
  175 funcall_expr: expr • '.' IDENT '(' func_arg_list_decl ')'

    '+'         shift, and go to state 154
    '-'         shift, and go to state 155
    '*'         shift, and go to state 156
    '/'         shift, and go to state 157
    '<'         shift, and go to state 158
    '>'         shift, and go to state 159
    '.'         shift, and go to state 160
    '&'         shift, and go to state 162
    '%'         shift, and go to state 163
    '^'         shift, and go to state 164
    '@'         shift, and go to state 165
    opINTNAME   shift, and go to state 166
    opINTNAMER  shift, and go to state 167
    opSHL       shift, and go to state 168
    opSHR       shift, and go to state 169
    opEQ        shift, and go to state 170
    opNE        shift, and go to state 171
    opGE        shift, and go to state 172
    opLE        shift, and go to state 173
    opSTREQ     shift, and go to state 176
    opSTRNE     shift, and go to state 177

    $default  reduce using rule 102 (expr)


State 265

   99 expr: expr • '^' expr
  100     | expr • '%' expr
  101     | expr • '&' expr
  101     | expr '&' expr •
  102     | expr • '|' expr
  103     | expr • '+' expr
  104     | expr • '-' expr
  105     | expr • '*' expr
  106     | expr • '/' expr
  110     | expr • '?' expr ':' expr
  111     | expr • '?' '{' expr_list '}' ':' '{' expr_list '}'
  112     | expr • '?' expr ':' '{' expr_list '}'
  113     | expr • '?' '{' expr_list '}' ':' expr
  114     | expr • '<' expr
  115     | expr • '>' expr
  116     | expr • opGE expr
  117     | expr • opLE expr
  118     | expr • opEQ expr
  119     | expr • opNE expr
  120     | expr • opOR expr
  121     | expr • opSHL expr
  122     | expr • opSHR expr
  123     | expr • opAND expr
  124     | expr • opSTREQ expr
  125     | expr • opSTRNE expr
  126     | expr • '@' expr
  140 slot_acc: expr • '.' IDENT
  141         | expr • '.' IDENT '[' aidx_expr ']'
  142 intslot_acc: expr • opINTNAME class_name_expr
  143            | expr • opINTNAMER class_name_expr
  175 funcall_expr: expr • '.' IDENT '(' func_arg_list_decl ')'

    '+'         shift, and go to state 154
    '-'         shift, and go to state 155
    '*'         shift, and go to state 156
    '/'         shift, and go to state 157
    '<'         shift, and go to state 158
    '>'         shift, and go to state 159
    '.'         shift, and go to state 160
    '%'         shift, and go to state 163
    '@'         shift, and go to state 165
    opINTNAME   shift, and go to state 166
    opINTNAMER  shift, and go to state 167
    opSHL       shift, and go to state 168
    opSHR       shift, and go to state 169
    opEQ        shift, and go to state 170
    opNE        shift, and go to state 171
    opGE        shift, and go to state 172
    opLE        shift, and go to state 173
    opSTREQ     shift, and go to state 176
    opSTRNE     shift, and go to state 177

    $default  reduce using rule 101 (expr)


State 266

   99 expr: expr • '^' expr
  100     | expr • '%' expr
  100     | expr '%' expr •
  101     | expr • '&' expr
  102     | expr • '|' expr
  103     | expr • '+' expr
  104     | expr • '-' expr
  105     | expr • '*' expr
  106     | expr • '/' expr
  110     | expr • '?' expr ':' expr
  111     | expr • '?' '{' expr_list '}' ':' '{' expr_list '}'
  112     | expr • '?' expr ':' '{' expr_list '}'
  113     | expr • '?' '{' expr_list '}' ':' expr
  114     | expr • '<' expr
  115     | expr • '>' expr
  116     | expr • opGE expr
  117     | expr • opLE expr
  118     | expr • opEQ expr
  119     | expr • opNE expr
  120     | expr • opOR expr
  121     | expr • opSHL expr
  122     | expr • opSHR expr
  123     | expr • opAND expr
  124     | expr • opSTREQ expr
  125     | expr • opSTRNE expr
  126     | expr • '@' expr
  140 slot_acc: expr • '.' IDENT
  141         | expr • '.' IDENT '[' aidx_expr ']'
  142 intslot_acc: expr • opINTNAME class_name_expr
  143            | expr • opINTNAMER class_name_expr
  175 funcall_expr: expr • '.' IDENT '(' func_arg_list_decl ')'

    '.'         shift, and go to state 160
    opINTNAME   shift, and go to state 166
    opINTNAMER  shift, and go to state 167

    $default  reduce using rule 100 (expr)


State 267

   99 expr: expr • '^' expr
   99     | expr '^' expr •
  100     | expr • '%' expr
  101     | expr • '&' expr
  102     | expr • '|' expr
  103     | expr • '+' expr
  104     | expr • '-' expr
  105     | expr • '*' expr
  106     | expr • '/' expr
  110     | expr • '?' expr ':' expr
  111     | expr • '?' '{' expr_list '}' ':' '{' expr_list '}'
  112     | expr • '?' expr ':' '{' expr_list '}'
  113     | expr • '?' '{' expr_list '}' ':' expr
  114     | expr • '<' expr
  115     | expr • '>' expr
  116     | expr • opGE expr
  117     | expr • opLE expr
  118     | expr • opEQ expr
  119     | expr • opNE expr
  120     | expr • opOR expr
  121     | expr • opSHL expr
  122     | expr • opSHR expr
  123     | expr • opAND expr
  124     | expr • opSTREQ expr
  125     | expr • opSTRNE expr
  126     | expr • '@' expr
  140 slot_acc: expr • '.' IDENT
  141         | expr • '.' IDENT '[' aidx_expr ']'
  142 intslot_acc: expr • opINTNAME class_name_expr
  143            | expr • opINTNAMER class_name_expr
  175 funcall_expr: expr • '.' IDENT '(' func_arg_list_decl ')'

    '+'         shift, and go to state 154
    '-'         shift, and go to state 155
    '*'         shift, and go to state 156
    '/'         shift, and go to state 157
    '<'         shift, and go to state 158
    '>'         shift, and go to state 159
    '.'         shift, and go to state 160
    '&'         shift, and go to state 162
    '%'         shift, and go to state 163
    '@'         shift, and go to state 165
    opINTNAME   shift, and go to state 166
    opINTNAMER  shift, and go to state 167
    opSHL       shift, and go to state 168
    opSHR       shift, and go to state 169
    opEQ        shift, and go to state 170
    opNE        shift, and go to state 171
    opGE        shift, and go to state 172
    opLE        shift, and go to state 173
    opSTREQ     shift, and go to state 176
    opSTRNE     shift, and go to state 177

    $default  reduce using rule 99 (expr)


State 268

   99 expr: expr • '^' expr
  100     | expr • '%' expr
  101     | expr • '&' expr
  102     | expr • '|' expr
  103     | expr • '+' expr
  104     | expr • '-' expr
  105     | expr • '*' expr
  106     | expr • '/' expr
  110     | expr • '?' expr ':' expr
  111     | expr • '?' '{' expr_list '}' ':' '{' expr_list '}'
  112     | expr • '?' expr ':' '{' expr_list '}'
  113     | expr • '?' '{' expr_list '}' ':' expr
  114     | expr • '<' expr
  115     | expr • '>' expr
  116     | expr • opGE expr
  117     | expr • opLE expr
  118     | expr • opEQ expr
  119     | expr • opNE expr
  120     | expr • opOR expr
  121     | expr • opSHL expr
  122     | expr • opSHR expr
  123     | expr • opAND expr
  124     | expr • opSTREQ expr
  125     | expr • opSTRNE expr
  126     | expr • '@' expr
  126     | expr '@' expr •
  140 slot_acc: expr • '.' IDENT
  141         | expr • '.' IDENT '[' aidx_expr ']'
  142 intslot_acc: expr • opINTNAME class_name_expr
  143            | expr • opINTNAMER class_name_expr
  175 funcall_expr: expr • '.' IDENT '(' func_arg_list_decl ')'

    '+'         shift, and go to state 154
    '-'         shift, and go to state 155
    '*'         shift, and go to state 156
    '/'         shift, and go to state 157
    '.'         shift, and go to state 160
    '%'         shift, and go to state 163
    opINTNAME   shift, and go to state 166
    opINTNAMER  shift, and go to state 167
    opSHL       shift, and go to state 168
    opSHR       shift, and go to state 169

    $default  reduce using rule 126 (expr)


State 269

  142 intslot_acc: expr opINTNAME class_name_expr •

    $default  reduce using rule 142 (intslot_acc)


State 270

  143 intslot_acc: expr opINTNAMER class_name_expr •

    $default  reduce using rule 143 (intslot_acc)


State 271

   99 expr: expr • '^' expr
  100     | expr • '%' expr
  101     | expr • '&' expr
  102     | expr • '|' expr
  103     | expr • '+' expr
  104     | expr • '-' expr
  105     | expr • '*' expr
  106     | expr • '/' expr
  110     | expr • '?' expr ':' expr
  111     | expr • '?' '{' expr_list '}' ':' '{' expr_list '}'
  112     | expr • '?' expr ':' '{' expr_list '}'
  113     | expr • '?' '{' expr_list '}' ':' expr
  114     | expr • '<' expr
  115     | expr • '>' expr
  116     | expr • opGE expr
  117     | expr • opLE expr
  118     | expr • opEQ expr
  119     | expr • opNE expr
  120     | expr • opOR expr
  121     | expr • opSHL expr
  121     | expr opSHL expr •
  122     | expr • opSHR expr
  123     | expr • opAND expr
  124     | expr • opSTREQ expr
  125     | expr • opSTRNE expr
  126     | expr • '@' expr
  140 slot_acc: expr • '.' IDENT
  141         | expr • '.' IDENT '[' aidx_expr ']'
  142 intslot_acc: expr • opINTNAME class_name_expr
  143            | expr • opINTNAMER class_name_expr
  175 funcall_expr: expr • '.' IDENT '(' func_arg_list_decl ')'

    '+'         shift, and go to state 154
    '-'         shift, and go to state 155
    '*'         shift, and go to state 156
    '/'         shift, and go to state 157
    '.'         shift, and go to state 160
    '%'         shift, and go to state 163
    opINTNAME   shift, and go to state 166
    opINTNAMER  shift, and go to state 167

    $default  reduce using rule 121 (expr)


State 272

   99 expr: expr • '^' expr
  100     | expr • '%' expr
  101     | expr • '&' expr
  102     | expr • '|' expr
  103     | expr • '+' expr
  104     | expr • '-' expr
  105     | expr • '*' expr
  106     | expr • '/' expr
  110     | expr • '?' expr ':' expr
  111     | expr • '?' '{' expr_list '}' ':' '{' expr_list '}'
  112     | expr • '?' expr ':' '{' expr_list '}'
  113     | expr • '?' '{' expr_list '}' ':' expr
  114     | expr • '<' expr
  115     | expr • '>' expr
  116     | expr • opGE expr
  117     | expr • opLE expr
  118     | expr • opEQ expr
  119     | expr • opNE expr
  120     | expr • opOR expr
  121     | expr • opSHL expr
  122     | expr • opSHR expr
  122     | expr opSHR expr •
  123     | expr • opAND expr
  124     | expr • opSTREQ expr
  125     | expr • opSTRNE expr
  126     | expr • '@' expr
  140 slot_acc: expr • '.' IDENT
  141         | expr • '.' IDENT '[' aidx_expr ']'
  142 intslot_acc: expr • opINTNAME class_name_expr
  143            | expr • opINTNAMER class_name_expr
  175 funcall_expr: expr • '.' IDENT '(' func_arg_list_decl ')'

    '+'         shift, and go to state 154
    '-'         shift, and go to state 155
    '*'         shift, and go to state 156
    '/'         shift, and go to state 157
    '.'         shift, and go to state 160
    '%'         shift, and go to state 163
    opINTNAME   shift, and go to state 166
    opINTNAMER  shift, and go to state 167

    $default  reduce using rule 122 (expr)


State 273

   99 expr: expr • '^' expr
  100     | expr • '%' expr
  101     | expr • '&' expr
  102     | expr • '|' expr
  103     | expr • '+' expr
  104     | expr • '-' expr
  105     | expr • '*' expr
  106     | expr • '/' expr
  110     | expr • '?' expr ':' expr
  111     | expr • '?' '{' expr_list '}' ':' '{' expr_list '}'
  112     | expr • '?' expr ':' '{' expr_list '}'
  113     | expr • '?' '{' expr_list '}' ':' expr
  114     | expr • '<' expr
  115     | expr • '>' expr
  116     | expr • opGE expr
  117     | expr • opLE expr
  118     | expr • opEQ expr
  118     | expr opEQ expr •
  119     | expr • opNE expr
  120     | expr • opOR expr
  121     | expr • opSHL expr
  122     | expr • opSHR expr
  123     | expr • opAND expr
  124     | expr • opSTREQ expr
  125     | expr • opSTRNE expr
  126     | expr • '@' expr
  140 slot_acc: expr • '.' IDENT
  141         | expr • '.' IDENT '[' aidx_expr ']'
  142 intslot_acc: expr • opINTNAME class_name_expr
  143            | expr • opINTNAMER class_name_expr
  175 funcall_expr: expr • '.' IDENT '(' func_arg_list_decl ')'

    '+'         shift, and go to state 154
    '-'         shift, and go to state 155
    '*'         shift, and go to state 156
    '/'         shift, and go to state 157
    '<'         shift, and go to state 158
    '>'         shift, and go to state 159
    '.'         shift, and go to state 160
    '%'         shift, and go to state 163
    '@'         shift, and go to state 165
    opINTNAME   shift, and go to state 166
    opINTNAMER  shift, and go to state 167
    opSHL       shift, and go to state 168
    opSHR       shift, and go to state 169
    opGE        shift, and go to state 172
    opLE        shift, and go to state 173
    opSTREQ     shift, and go to state 176
    opSTRNE     shift, and go to state 177

    $default  reduce using rule 118 (expr)


State 274

   99 expr: expr • '^' expr
  100     | expr • '%' expr
  101     | expr • '&' expr
  102     | expr • '|' expr
  103     | expr • '+' expr
  104     | expr • '-' expr
  105     | expr • '*' expr
  106     | expr • '/' expr
  110     | expr • '?' expr ':' expr
  111     | expr • '?' '{' expr_list '}' ':' '{' expr_list '}'
  112     | expr • '?' expr ':' '{' expr_list '}'
  113     | expr • '?' '{' expr_list '}' ':' expr
  114     | expr • '<' expr
  115     | expr • '>' expr
  116     | expr • opGE expr
  117     | expr • opLE expr
  118     | expr • opEQ expr
  119     | expr • opNE expr
  119     | expr opNE expr •
  120     | expr • opOR expr
  121     | expr • opSHL expr
  122     | expr • opSHR expr
  123     | expr • opAND expr
  124     | expr • opSTREQ expr
  125     | expr • opSTRNE expr
  126     | expr • '@' expr
  140 slot_acc: expr • '.' IDENT
  141         | expr • '.' IDENT '[' aidx_expr ']'
  142 intslot_acc: expr • opINTNAME class_name_expr
  143            | expr • opINTNAMER class_name_expr
  175 funcall_expr: expr • '.' IDENT '(' func_arg_list_decl ')'

    '+'         shift, and go to state 154
    '-'         shift, and go to state 155
    '*'         shift, and go to state 156
    '/'         shift, and go to state 157
    '<'         shift, and go to state 158
    '>'         shift, and go to state 159
    '.'         shift, and go to state 160
    '%'         shift, and go to state 163
    '@'         shift, and go to state 165
    opINTNAME   shift, and go to state 166
    opINTNAMER  shift, and go to state 167
    opSHL       shift, and go to state 168
    opSHR       shift, and go to state 169
    opGE        shift, and go to state 172
    opLE        shift, and go to state 173
    opSTREQ     shift, and go to state 176
    opSTRNE     shift, and go to state 177

    $default  reduce using rule 119 (expr)


State 275

   99 expr: expr • '^' expr
  100     | expr • '%' expr
  101     | expr • '&' expr
  102     | expr • '|' expr
  103     | expr • '+' expr
  104     | expr • '-' expr
  105     | expr • '*' expr
  106     | expr • '/' expr
  110     | expr • '?' expr ':' expr
  111     | expr • '?' '{' expr_list '}' ':' '{' expr_list '}'
  112     | expr • '?' expr ':' '{' expr_list '}'
  113     | expr • '?' '{' expr_list '}' ':' expr
  114     | expr • '<' expr
  115     | expr • '>' expr
  116     | expr • opGE expr
  116     | expr opGE expr •
  117     | expr • opLE expr
  118     | expr • opEQ expr
  119     | expr • opNE expr
  120     | expr • opOR expr
  121     | expr • opSHL expr
  122     | expr • opSHR expr
  123     | expr • opAND expr
  124     | expr • opSTREQ expr
  125     | expr • opSTRNE expr
  126     | expr • '@' expr
  140 slot_acc: expr • '.' IDENT
  141         | expr • '.' IDENT '[' aidx_expr ']'
  142 intslot_acc: expr • opINTNAME class_name_expr
  143            | expr • opINTNAMER class_name_expr
  175 funcall_expr: expr • '.' IDENT '(' func_arg_list_decl ')'

    '+'         shift, and go to state 154
    '-'         shift, and go to state 155
    '*'         shift, and go to state 156
    '/'         shift, and go to state 157
    '.'         shift, and go to state 160
    '%'         shift, and go to state 163
    '@'         shift, and go to state 165
    opINTNAME   shift, and go to state 166
    opINTNAMER  shift, and go to state 167
    opSHL       shift, and go to state 168
    opSHR       shift, and go to state 169
    opSTREQ     shift, and go to state 176
    opSTRNE     shift, and go to state 177

    $default  reduce using rule 116 (expr)


State 276

   99 expr: expr • '^' expr
  100     | expr • '%' expr
  101     | expr • '&' expr
  102     | expr • '|' expr
  103     | expr • '+' expr
  104     | expr • '-' expr
  105     | expr • '*' expr
  106     | expr • '/' expr
  110     | expr • '?' expr ':' expr
  111     | expr • '?' '{' expr_list '}' ':' '{' expr_list '}'
  112     | expr • '?' expr ':' '{' expr_list '}'
  113     | expr • '?' '{' expr_list '}' ':' expr
  114     | expr • '<' expr
  115     | expr • '>' expr
  116     | expr • opGE expr
  117     | expr • opLE expr
  117     | expr opLE expr •
  118     | expr • opEQ expr
  119     | expr • opNE expr
  120     | expr • opOR expr
  121     | expr • opSHL expr
  122     | expr • opSHR expr
  123     | expr • opAND expr
  124     | expr • opSTREQ expr
  125     | expr • opSTRNE expr
  126     | expr • '@' expr
  140 slot_acc: expr • '.' IDENT
  141         | expr • '.' IDENT '[' aidx_expr ']'
  142 intslot_acc: expr • opINTNAME class_name_expr
  143            | expr • opINTNAMER class_name_expr
  175 funcall_expr: expr • '.' IDENT '(' func_arg_list_decl ')'

    '+'         shift, and go to state 154
    '-'         shift, and go to state 155
    '*'         shift, and go to state 156
    '/'         shift, and go to state 157
    '.'         shift, and go to state 160
    '%'         shift, and go to state 163
    '@'         shift, and go to state 165
    opINTNAME   shift, and go to state 166
    opINTNAMER  shift, and go to state 167
    opSHL       shift, and go to state 168
    opSHR       shift, and go to state 169
    opSTREQ     shift, and go to state 176
    opSTRNE     shift, and go to state 177

    $default  reduce using rule 117 (expr)


State 277

   99 expr: expr • '^' expr
  100     | expr • '%' expr
  101     | expr • '&' expr
  102     | expr • '|' expr
  103     | expr • '+' expr
  104     | expr • '-' expr
  105     | expr • '*' expr
  106     | expr • '/' expr
  110     | expr • '?' expr ':' expr
  111     | expr • '?' '{' expr_list '}' ':' '{' expr_list '}'
  112     | expr • '?' expr ':' '{' expr_list '}'
  113     | expr • '?' '{' expr_list '}' ':' expr
  114     | expr • '<' expr
  115     | expr • '>' expr
  116     | expr • opGE expr
  117     | expr • opLE expr
  118     | expr • opEQ expr
  119     | expr • opNE expr
  120     | expr • opOR expr
  121     | expr • opSHL expr
  122     | expr • opSHR expr
  123     | expr • opAND expr
  123     | expr opAND expr •
  124     | expr • opSTREQ expr
  125     | expr • opSTRNE expr
  126     | expr • '@' expr
  140 slot_acc: expr • '.' IDENT
  141         | expr • '.' IDENT '[' aidx_expr ']'
  142 intslot_acc: expr • opINTNAME class_name_expr
  143            | expr • opINTNAMER class_name_expr
  175 funcall_expr: expr • '.' IDENT '(' func_arg_list_decl ')'

    '+'         shift, and go to state 154
    '-'         shift, and go to state 155
    '*'         shift, and go to state 156
    '/'         shift, and go to state 157
    '<'         shift, and go to state 158
    '>'         shift, and go to state 159
    '.'         shift, and go to state 160
    '|'         shift, and go to state 161
    '&'         shift, and go to state 162
    '%'         shift, and go to state 163
    '^'         shift, and go to state 164
    '@'         shift, and go to state 165
    opINTNAME   shift, and go to state 166
    opINTNAMER  shift, and go to state 167
    opSHL       shift, and go to state 168
    opSHR       shift, and go to state 169
    opEQ        shift, and go to state 170
    opNE        shift, and go to state 171
    opGE        shift, and go to state 172
    opLE        shift, and go to state 173
    opSTREQ     shift, and go to state 176
    opSTRNE     shift, and go to state 177

    $default  reduce using rule 123 (expr)


State 278

   99 expr: expr • '^' expr
  100     | expr • '%' expr
  101     | expr • '&' expr
  102     | expr • '|' expr
  103     | expr • '+' expr
  104     | expr • '-' expr
  105     | expr • '*' expr
  106     | expr • '/' expr
  110     | expr • '?' expr ':' expr
  111     | expr • '?' '{' expr_list '}' ':' '{' expr_list '}'
  112     | expr • '?' expr ':' '{' expr_list '}'
  113     | expr • '?' '{' expr_list '}' ':' expr
  114     | expr • '<' expr
  115     | expr • '>' expr
  116     | expr • opGE expr
  117     | expr • opLE expr
  118     | expr • opEQ expr
  119     | expr • opNE expr
  120     | expr • opOR expr
  120     | expr opOR expr •
  121     | expr • opSHL expr
  122     | expr • opSHR expr
  123     | expr • opAND expr
  124     | expr • opSTREQ expr
  125     | expr • opSTRNE expr
  126     | expr • '@' expr
  140 slot_acc: expr • '.' IDENT
  141         | expr • '.' IDENT '[' aidx_expr ']'
  142 intslot_acc: expr • opINTNAME class_name_expr
  143            | expr • opINTNAMER class_name_expr
  175 funcall_expr: expr • '.' IDENT '(' func_arg_list_decl ')'

    '+'         shift, and go to state 154
    '-'         shift, and go to state 155
    '*'         shift, and go to state 156
    '/'         shift, and go to state 157
    '<'         shift, and go to state 158
    '>'         shift, and go to state 159
    '.'         shift, and go to state 160
    '|'         shift, and go to state 161
    '&'         shift, and go to state 162
    '%'         shift, and go to state 163
    '^'         shift, and go to state 164
    '@'         shift, and go to state 165
    opINTNAME   shift, and go to state 166
    opINTNAMER  shift, and go to state 167
    opSHL       shift, and go to state 168
    opSHR       shift, and go to state 169
    opEQ        shift, and go to state 170
    opNE        shift, and go to state 171
    opGE        shift, and go to state 172
    opLE        shift, and go to state 173
    opAND       shift, and go to state 174
    opSTREQ     shift, and go to state 176
    opSTRNE     shift, and go to state 177

    $default  reduce using rule 120 (expr)


State 279

   99 expr: expr • '^' expr
  100     | expr • '%' expr
  101     | expr • '&' expr
  102     | expr • '|' expr
  103     | expr • '+' expr
  104     | expr • '-' expr
  105     | expr • '*' expr
  106     | expr • '/' expr
  110     | expr • '?' expr ':' expr
  111     | expr • '?' '{' expr_list '}' ':' '{' expr_list '}'
  112     | expr • '?' expr ':' '{' expr_list '}'
  113     | expr • '?' '{' expr_list '}' ':' expr
  114     | expr • '<' expr
  115     | expr • '>' expr
  116     | expr • opGE expr
  117     | expr • opLE expr
  118     | expr • opEQ expr
  119     | expr • opNE expr
  120     | expr • opOR expr
  121     | expr • opSHL expr
  122     | expr • opSHR expr
  123     | expr • opAND expr
  124     | expr • opSTREQ expr
  124     | expr opSTREQ expr •
  125     | expr • opSTRNE expr
  126     | expr • '@' expr
  140 slot_acc: expr • '.' IDENT
  141         | expr • '.' IDENT '[' aidx_expr ']'
  142 intslot_acc: expr • opINTNAME class_name_expr
  143            | expr • opINTNAMER class_name_expr
  175 funcall_expr: expr • '.' IDENT '(' func_arg_list_decl ')'

    '+'         shift, and go to state 154
    '-'         shift, and go to state 155
    '*'         shift, and go to state 156
    '/'         shift, and go to state 157
    '.'         shift, and go to state 160
    '%'         shift, and go to state 163
    opINTNAME   shift, and go to state 166
    opINTNAMER  shift, and go to state 167
    opSHL       shift, and go to state 168
    opSHR       shift, and go to state 169

    $default  reduce using rule 124 (expr)


State 280

   99 expr: expr • '^' expr
  100     | expr • '%' expr
  101     | expr • '&' expr
  102     | expr • '|' expr
  103     | expr • '+' expr
  104     | expr • '-' expr
  105     | expr • '*' expr
  106     | expr • '/' expr
  110     | expr • '?' expr ':' expr
  111     | expr • '?' '{' expr_list '}' ':' '{' expr_list '}'
  112     | expr • '?' expr ':' '{' expr_list '}'
  113     | expr • '?' '{' expr_list '}' ':' expr
  114     | expr • '<' expr
  115     | expr • '>' expr
  116     | expr • opGE expr
  117     | expr • opLE expr
  118     | expr • opEQ expr
  119     | expr • opNE expr
  120     | expr • opOR expr
  121     | expr • opSHL expr
  122     | expr • opSHR expr
  123     | expr • opAND expr
  124     | expr • opSTREQ expr
  125     | expr • opSTRNE expr
  125     | expr opSTRNE expr •
  126     | expr • '@' expr
  140 slot_acc: expr • '.' IDENT
  141         | expr • '.' IDENT '[' aidx_expr ']'
  142 intslot_acc: expr • opINTNAME class_name_expr
  143            | expr • opINTNAMER class_name_expr
  175 funcall_expr: expr • '.' IDENT '(' func_arg_list_decl ')'

    '+'         shift, and go to state 154
    '-'         shift, and go to state 155
    '*'         shift, and go to state 156
    '/'         shift, and go to state 157
    '.'         shift, and go to state 160
    '%'         shift, and go to state 163
    opINTNAME   shift, and go to state 166
    opINTNAMER  shift, and go to state 167
    opSHL       shift, and go to state 168
    opSHR       shift, and go to state 169

    $default  reduce using rule 125 (expr)


State 281

  111 expr: expr '?' '{' • expr_list '}' ':' '{' expr_list '}'
  113     | expr '?' '{' • expr_list '}' ':' expr

    rwDECLARE           shift, and go to state 5
    rwDECLARESINGLETON  shift, and go to state 6
    rwBREAK             shift, and go to state 85
    rwASSERT            shift, and go to state 20
    INTCONST            shift, and go to state 21
    TTAG                shift, and go to state 86
    VAR                 shift, and go to state 23
    IDENT               shift, and go to state 24
    STRATOM             shift, and go to state 26
    TAGATOM             shift, and go to state 27
    FLTCONST            shift, and go to state 28
    '-'                 shift, and go to state 29
    '*'                 shift, and go to state 30
    '('                 shift, and go to state 31
    '~'                 shift, and go to state 32
    '!'                 shift, and go to state 33
    rwPRINT             shift, and go to state 34
    rwPRINTF            shift, and go to state 35
    rwSPRINTF           shift, and go to state 36
    rwRANDOMF           shift, and go to state 37
    rwFLOOR             shift, and go to state 38
    rwCEIL              shift, and go to state 39
    rwFABS              shift, and go to state 40
    rwSIN               shift, and go to state 41
    rwCOS               shift, and go to state 42
    rwATAN              shift, and go to state 43
    rwTANH              shift, and go to state 44
    rwSQRT              shift, and go to state 45
    rwISZERO            shift, and go to state 46
    rwFMOD              shift, and go to state 47
    rwMIN               shift, and go to state 48
    rwMAX               shift, and go to state 49
    rwATAN2             shift, and go to state 50
    rwPOW               shift, and go to state 51
    rwCLAMP             shift, and go to state 52
    rwCLAMPF            shift, and go to state 53
    rwLERP              shift, and go to state 54
    rwSMOOTHSTEP        shift, and go to state 55
    rwFN                shift, and go to state 56

    object_decl          go to state 63
    expr                 go to state 187
    slot_acc             go to state 71
    intslot_acc          go to state 72
    stmt_expr            go to state 90
    funcall_expr         go to state 74
    assert_expr          go to state 75
    inline_command_expr  go to state 76
    expr_list            go to state 354


State 282

   99 expr: expr • '^' expr
  100     | expr • '%' expr
  101     | expr • '&' expr
  102     | expr • '|' expr
  103     | expr • '+' expr
  104     | expr • '-' expr
  105     | expr • '*' expr
  106     | expr • '/' expr
  110     | expr • '?' expr ':' expr
  110     | expr '?' expr • ':' expr
  111     | expr • '?' '{' expr_list '}' ':' '{' expr_list '}'
  112     | expr • '?' expr ':' '{' expr_list '}'
  112     | expr '?' expr • ':' '{' expr_list '}'
  113     | expr • '?' '{' expr_list '}' ':' expr
  114     | expr • '<' expr
  115     | expr • '>' expr
  116     | expr • opGE expr
  117     | expr • opLE expr
  118     | expr • opEQ expr
  119     | expr • opNE expr
  120     | expr • opOR expr
  121     | expr • opSHL expr
  122     | expr • opSHR expr
  123     | expr • opAND expr
  124     | expr • opSTREQ expr
  125     | expr • opSTRNE expr
  126     | expr • '@' expr
  140 slot_acc: expr • '.' IDENT
  141         | expr • '.' IDENT '[' aidx_expr ']'
  142 intslot_acc: expr • opINTNAME class_name_expr
  143            | expr • opINTNAMER class_name_expr
  175 funcall_expr: expr • '.' IDENT '(' func_arg_list_decl ')'

    '+'         shift, and go to state 154
    '-'         shift, and go to state 155
    '*'         shift, and go to state 156
    '/'         shift, and go to state 157
    '<'         shift, and go to state 158
    '>'         shift, and go to state 159
    '.'         shift, and go to state 160
    '|'         shift, and go to state 161
    '&'         shift, and go to state 162
    '%'         shift, and go to state 163
    ':'         shift, and go to state 355
    '^'         shift, and go to state 164
    '@'         shift, and go to state 165
    opINTNAME   shift, and go to state 166
    opINTNAMER  shift, and go to state 167
    opSHL       shift, and go to state 168
    opSHR       shift, and go to state 169
    opEQ        shift, and go to state 170
    opNE        shift, and go to state 171
    opGE        shift, and go to state 172
    opLE        shift, and go to state 173
    opAND       shift, and go to state 174
    opOR        shift, and go to state 175
    opSTREQ     shift, and go to state 176
    opSTRNE     shift, and go to state 177
    '?'         shift, and go to state 178


State 283

  171 stmt_expr: slot_acc '=' '{' • expr_list '}'

    rwDECLARE           shift, and go to state 5
    rwDECLARESINGLETON  shift, and go to state 6
    rwBREAK             shift, and go to state 85
    rwASSERT            shift, and go to state 20
    INTCONST            shift, and go to state 21
    TTAG                shift, and go to state 86
    VAR                 shift, and go to state 23
    IDENT               shift, and go to state 24
    STRATOM             shift, and go to state 26
    TAGATOM             shift, and go to state 27
    FLTCONST            shift, and go to state 28
    '-'                 shift, and go to state 29
    '*'                 shift, and go to state 30
    '('                 shift, and go to state 31
    '~'                 shift, and go to state 32
    '!'                 shift, and go to state 33
    rwPRINT             shift, and go to state 34
    rwPRINTF            shift, and go to state 35
    rwSPRINTF           shift, and go to state 36
    rwRANDOMF           shift, and go to state 37
    rwFLOOR             shift, and go to state 38
    rwCEIL              shift, and go to state 39
    rwFABS              shift, and go to state 40
    rwSIN               shift, and go to state 41
    rwCOS               shift, and go to state 42
    rwATAN              shift, and go to state 43
    rwTANH              shift, and go to state 44
    rwSQRT              shift, and go to state 45
    rwISZERO            shift, and go to state 46
    rwFMOD              shift, and go to state 47
    rwMIN               shift, and go to state 48
    rwMAX               shift, and go to state 49
    rwATAN2             shift, and go to state 50
    rwPOW               shift, and go to state 51
    rwCLAMP             shift, and go to state 52
    rwCLAMPF            shift, and go to state 53
    rwLERP              shift, and go to state 54
    rwSMOOTHSTEP        shift, and go to state 55
    rwFN                shift, and go to state 56

    object_decl          go to state 63
    expr                 go to state 187
    slot_acc             go to state 71
    intslot_acc          go to state 72
    stmt_expr            go to state 90
    funcall_expr         go to state 74
    assert_expr          go to state 75
    inline_command_expr  go to state 76
    expr_list            go to state 356


State 284

  172 stmt_expr: slot_acc '=' '[' • expr_list ']'

    rwDECLARE           shift, and go to state 5
    rwDECLARESINGLETON  shift, and go to state 6
    rwBREAK             shift, and go to state 85
    rwASSERT            shift, and go to state 20
    INTCONST            shift, and go to state 21
    TTAG                shift, and go to state 86
    VAR                 shift, and go to state 23
    IDENT               shift, and go to state 24
    STRATOM             shift, and go to state 26
    TAGATOM             shift, and go to state 27
    FLTCONST            shift, and go to state 28
    '-'                 shift, and go to state 29
    '*'                 shift, and go to state 30
    '('                 shift, and go to state 31
    '~'                 shift, and go to state 32
    '!'                 shift, and go to state 33
    rwPRINT             shift, and go to state 34
    rwPRINTF            shift, and go to state 35
    rwSPRINTF           shift, and go to state 36
    rwRANDOMF           shift, and go to state 37
    rwFLOOR             shift, and go to state 38
    rwCEIL              shift, and go to state 39
    rwFABS              shift, and go to state 40
    rwSIN               shift, and go to state 41
    rwCOS               shift, and go to state 42
    rwATAN              shift, and go to state 43
    rwTANH              shift, and go to state 44
    rwSQRT              shift, and go to state 45
    rwISZERO            shift, and go to state 46
    rwFMOD              shift, and go to state 47
    rwMIN               shift, and go to state 48
    rwMAX               shift, and go to state 49
    rwATAN2             shift, and go to state 50
    rwPOW               shift, and go to state 51
    rwCLAMP             shift, and go to state 52
    rwCLAMPF            shift, and go to state 53
    rwLERP              shift, and go to state 54
    rwSMOOTHSTEP        shift, and go to state 55
    rwFN                shift, and go to state 56

    object_decl          go to state 63
    expr                 go to state 187
    slot_acc             go to state 71
    intslot_acc          go to state 72
    stmt_expr            go to state 90
    funcall_expr         go to state 74
    assert_expr          go to state 75
    inline_command_expr  go to state 76
    expr_list            go to state 357


State 285

   99 expr: expr • '^' expr
  100     | expr • '%' expr
  101     | expr • '&' expr
  102     | expr • '|' expr
  103     | expr • '+' expr
  104     | expr • '-' expr
  105     | expr • '*' expr
  106     | expr • '/' expr
  110     | expr • '?' expr ':' expr
  111     | expr • '?' '{' expr_list '}' ':' '{' expr_list '}'
  112     | expr • '?' expr ':' '{' expr_list '}'
  113     | expr • '?' '{' expr_list '}' ':' expr
  114     | expr • '<' expr
  115     | expr • '>' expr
  116     | expr • opGE expr
  117     | expr • opLE expr
  118     | expr • opEQ expr
  119     | expr • opNE expr
  120     | expr • opOR expr
  121     | expr • opSHL expr
  122     | expr • opSHR expr
  123     | expr • opAND expr
  124     | expr • opSTREQ expr
  125     | expr • opSTRNE expr
  126     | expr • '@' expr
  140 slot_acc: expr • '.' IDENT
  141         | expr • '.' IDENT '[' aidx_expr ']'
  142 intslot_acc: expr • opINTNAME class_name_expr
  143            | expr • opINTNAMER class_name_expr
  170 stmt_expr: slot_acc '=' expr •
  175 funcall_expr: expr • '.' IDENT '(' func_arg_list_decl ')'

    '+'         shift, and go to state 154
    '-'         shift, and go to state 155
    '*'         shift, and go to state 156
    '/'         shift, and go to state 157
    '<'         shift, and go to state 158
    '>'         shift, and go to state 159
    '.'         shift, and go to state 160
    '|'         shift, and go to state 161
    '&'         shift, and go to state 162
    '%'         shift, and go to state 163
    '^'         shift, and go to state 164
    '@'         shift, and go to state 165
    opINTNAME   shift, and go to state 166
    opINTNAMER  shift, and go to state 167
    opSHL       shift, and go to state 168
    opSHR       shift, and go to state 169
    opEQ        shift, and go to state 170
    opNE        shift, and go to state 171
    opGE        shift, and go to state 172
    opLE        shift, and go to state 173
    opAND       shift, and go to state 174
    opOR        shift, and go to state 175
    opSTREQ     shift, and go to state 176
    opSTRNE     shift, and go to state 177
    '?'         shift, and go to state 178

    $default  reduce using rule 170 (stmt_expr)


State 286

   30 fn_decl_stmt: rwDEFINE IDENT '(' func_var_list_decl • ')' '{' statement_list '}'

    ')'  shift, and go to state 358


State 287

   31 fn_decl_stmt: rwDEFINE IDENT opCOLONCOLON IDENT • '(' func_var_list_decl ')' '{' statement_list '}'

    '('  shift, and go to state 359


State 288

  145 class_name_expr: '(' expr ')' •

    $default  reduce using rule 145 (class_name_expr)


State 289

   47 object_decl: rwDECLARE class_name_expr '(' '[' • object_name ']' parent_block object_args ')' '{' object_declare_block '}'
   48            | rwDECLARE class_name_expr '(' '[' • object_name ']' parent_block object_args ')'

    rwDECLARE           shift, and go to state 5
    rwDECLARESINGLETON  shift, and go to state 6
    rwBREAK             shift, and go to state 85
    rwASSERT            shift, and go to state 20
    INTCONST            shift, and go to state 21
    TTAG                shift, and go to state 86
    VAR                 shift, and go to state 23
    IDENT               shift, and go to state 24
    STRATOM             shift, and go to state 26
    TAGATOM             shift, and go to state 27
    FLTCONST            shift, and go to state 28
    '-'                 shift, and go to state 29
    '*'                 shift, and go to state 30
    '('                 shift, and go to state 31
    '~'                 shift, and go to state 32
    '!'                 shift, and go to state 33
    rwPRINT             shift, and go to state 34
    rwPRINTF            shift, and go to state 35
    rwSPRINTF           shift, and go to state 36
    rwRANDOMF           shift, and go to state 37
    rwFLOOR             shift, and go to state 38
    rwCEIL              shift, and go to state 39
    rwFABS              shift, and go to state 40
    rwSIN               shift, and go to state 41
    rwCOS               shift, and go to state 42
    rwATAN              shift, and go to state 43
    rwTANH              shift, and go to state 44
    rwSQRT              shift, and go to state 45
    rwISZERO            shift, and go to state 46
    rwFMOD              shift, and go to state 47
    rwMIN               shift, and go to state 48
    rwMAX               shift, and go to state 49
    rwATAN2             shift, and go to state 50
    rwPOW               shift, and go to state 51
    rwCLAMP             shift, and go to state 52
    rwCLAMPF            shift, and go to state 53
    rwLERP              shift, and go to state 54
    rwSMOOTHSTEP        shift, and go to state 55
    rwFN                shift, and go to state 56

    $default  reduce using rule 53 (object_name)

    object_decl          go to state 63
    object_name          go to state 360
    expr                 go to state 291
    slot_acc             go to state 71
    intslot_acc          go to state 72
    stmt_expr            go to state 90
    funcall_expr         go to state 74
    assert_expr          go to state 75
    inline_command_expr  go to state 76


State 290

   45 object_decl: rwDECLARE class_name_expr '(' object_name • parent_block object_args ')' '{' object_declare_block '}'
   46            | rwDECLARE class_name_expr '(' object_name • parent_block object_args ')'

    ':'  shift, and go to state 361

    $default  reduce using rule 51 (parent_block)

    parent_block  go to state 362


State 291

   54 object_name: expr •
   99 expr: expr • '^' expr
  100     | expr • '%' expr
  101     | expr • '&' expr
  102     | expr • '|' expr
  103     | expr • '+' expr
  104     | expr • '-' expr
  105     | expr • '*' expr
  106     | expr • '/' expr
  110     | expr • '?' expr ':' expr
  111     | expr • '?' '{' expr_list '}' ':' '{' expr_list '}'
  112     | expr • '?' expr ':' '{' expr_list '}'
  113     | expr • '?' '{' expr_list '}' ':' expr
  114     | expr • '<' expr
  115     | expr • '>' expr
  116     | expr • opGE expr
  117     | expr • opLE expr
  118     | expr • opEQ expr
  119     | expr • opNE expr
  120     | expr • opOR expr
  121     | expr • opSHL expr
  122     | expr • opSHR expr
  123     | expr • opAND expr
  124     | expr • opSTREQ expr
  125     | expr • opSTRNE expr
  126     | expr • '@' expr
  140 slot_acc: expr • '.' IDENT
  141         | expr • '.' IDENT '[' aidx_expr ']'
  142 intslot_acc: expr • opINTNAME class_name_expr
  143            | expr • opINTNAMER class_name_expr
  175 funcall_expr: expr • '.' IDENT '(' func_arg_list_decl ')'

    '+'         shift, and go to state 154
    '-'         shift, and go to state 155
    '*'         shift, and go to state 156
    '/'         shift, and go to state 157
    '<'         shift, and go to state 158
    '>'         shift, and go to state 159
    '.'         shift, and go to state 160
    '|'         shift, and go to state 161
    '&'         shift, and go to state 162
    '%'         shift, and go to state 163
    '^'         shift, and go to state 164
    '@'         shift, and go to state 165
    opINTNAME   shift, and go to state 166
    opINTNAMER  shift, and go to state 167
    opSHL       shift, and go to state 168
    opSHR       shift, and go to state 169
    opEQ        shift, and go to state 170
    opNE        shift, and go to state 171
    opGE        shift, and go to state 172
    opLE        shift, and go to state 173
    opAND       shift, and go to state 174
    opOR        shift, and go to state 175
    opSTREQ     shift, and go to state 176
    opSTRNE     shift, and go to state 177
    '?'         shift, and go to state 178

    $default  reduce using rule 54 (object_name)


State 292

   49 object_decl: rwDECLARESINGLETON class_name_expr '(' object_name • parent_block object_args ')' '{' object_declare_block '}'
   50            | rwDECLARESINGLETON class_name_expr '(' object_name • parent_block object_args ')'

    ':'  shift, and go to state 361

    $default  reduce using rule 51 (parent_block)

    parent_block  go to state 363


State 293

   72 if_stmt: rwIF '(' expr ')' • stmt_block
   73        | rwIF '(' expr ')' • stmt_block rwELSE stmt_block

    rwDECLARE           shift, and go to state 5
    rwDECLARESINGLETON  shift, and go to state 6
    rwBREAK             shift, and go to state 7
    rwCONTINUE          shift, and go to state 8
    rwIF                shift, and go to state 9
    rwRETURN            shift, and go to state 10
    rwWHILE             shift, and go to state 11
    rwDO                shift, and go to state 12
    rwFOR               shift, and go to state 13
    rwFOREACH           shift, and go to state 14
    rwFOREACHSTR        shift, and go to state 15
    rwDATABLOCK         shift, and go to state 16
    rwSWITCH            shift, and go to state 17
    rwSWITCHSTR         shift, and go to state 18
    rwASSERT            shift, and go to state 20
    INTCONST            shift, and go to state 21
    TTAG                shift, and go to state 22
    VAR                 shift, and go to state 23
    IDENT               shift, and go to state 24
    DOCBLOCK            shift, and go to state 25
    STRATOM             shift, and go to state 26
    TAGATOM             shift, and go to state 27
    FLTCONST            shift, and go to state 28
    '-'                 shift, and go to state 29
    '*'                 shift, and go to state 30
    '('                 shift, and go to state 31
    '{'                 shift, and go to state 92
    '~'                 shift, and go to state 32
    '!'                 shift, and go to state 33
    rwPRINT             shift, and go to state 34
    rwPRINTF            shift, and go to state 35
    rwSPRINTF           shift, and go to state 36
    rwRANDOMF           shift, and go to state 37
    rwFLOOR             shift, and go to state 38
    rwCEIL              shift, and go to state 39
    rwFABS              shift, and go to state 40
    rwSIN               shift, and go to state 41
    rwCOS               shift, and go to state 42
    rwATAN              shift, and go to state 43
    rwTANH              shift, and go to state 44
    rwSQRT              shift, and go to state 45
    rwISZERO            shift, and go to state 46
    rwFMOD              shift, and go to state 47
    rwMIN               shift, and go to state 48
    rwMAX               shift, and go to state 49
    rwATAN2             shift, and go to state 50
    rwPOW               shift, and go to state 51
    rwCLAMP             shift, and go to state 52
    rwCLAMPF            shift, and go to state 53
    rwLERP              shift, and go to state 54
    rwSMOOTHSTEP        shift, and go to state 55
    rwFN                shift, and go to state 56
    '['                 shift, and go to state 57

    stmt                 go to state 93
    datablock_decl       go to state 62
    object_decl          go to state 63
    stmt_block           go to state 364
    switch_stmt          go to state 64
    if_stmt              go to state 65
    while_stmt           go to state 66
    for_stmt             go to state 67
    foreach_stmt         go to state 68
    expression_stmt      go to state 69
    expr                 go to state 70
    slot_acc             go to state 71
    intslot_acc          go to state 72
    stmt_expr            go to state 73
    funcall_expr         go to state 74
    assert_expr          go to state 75
    inline_command_expr  go to state 76


State 294

  209 expr_list: expr_list ',' • expr

    rwDECLARE           shift, and go to state 5
    rwDECLARESINGLETON  shift, and go to state 6
    rwBREAK             shift, and go to state 85
    rwASSERT            shift, and go to state 20
    INTCONST            shift, and go to state 21
    TTAG                shift, and go to state 86
    VAR                 shift, and go to state 23
    IDENT               shift, and go to state 24
    STRATOM             shift, and go to state 26
    TAGATOM             shift, and go to state 27
    FLTCONST            shift, and go to state 28
    '-'                 shift, and go to state 29
    '*'                 shift, and go to state 30
    '('                 shift, and go to state 31
    '~'                 shift, and go to state 32
    '!'                 shift, and go to state 33
    rwPRINT             shift, and go to state 34
    rwPRINTF            shift, and go to state 35
    rwSPRINTF           shift, and go to state 36
    rwRANDOMF           shift, and go to state 37
    rwFLOOR             shift, and go to state 38
    rwCEIL              shift, and go to state 39
    rwFABS              shift, and go to state 40
    rwSIN               shift, and go to state 41
    rwCOS               shift, and go to state 42
    rwATAN              shift, and go to state 43
    rwTANH              shift, and go to state 44
    rwSQRT              shift, and go to state 45
    rwISZERO            shift, and go to state 46
    rwFMOD              shift, and go to state 47
    rwMIN               shift, and go to state 48
    rwMAX               shift, and go to state 49
    rwATAN2             shift, and go to state 50
    rwPOW               shift, and go to state 51
    rwCLAMP             shift, and go to state 52
    rwCLAMPF            shift, and go to state 53
    rwLERP              shift, and go to state 54
    rwSMOOTHSTEP        shift, and go to state 55
    rwFN                shift, and go to state 56

    object_decl          go to state 63
    expr                 go to state 365
    slot_acc             go to state 71
    intslot_acc          go to state 72
    stmt_expr            go to state 90
    funcall_expr         go to state 74
    assert_expr          go to state 75
    inline_command_expr  go to state 76


State 295

   22 stmt: rwRETURN '{' expr_list '}' • ';'

    ';'  shift, and go to state 366


State 296

   74 while_stmt: rwWHILE '(' expr ')' • stmt_block

    rwDECLARE           shift, and go to state 5
    rwDECLARESINGLETON  shift, and go to state 6
    rwBREAK             shift, and go to state 7
    rwCONTINUE          shift, and go to state 8
    rwIF                shift, and go to state 9
    rwRETURN            shift, and go to state 10
    rwWHILE             shift, and go to state 11
    rwDO                shift, and go to state 12
    rwFOR               shift, and go to state 13
    rwFOREACH           shift, and go to state 14
    rwFOREACHSTR        shift, and go to state 15
    rwDATABLOCK         shift, and go to state 16
    rwSWITCH            shift, and go to state 17
    rwSWITCHSTR         shift, and go to state 18
    rwASSERT            shift, and go to state 20
    INTCONST            shift, and go to state 21
    TTAG                shift, and go to state 22
    VAR                 shift, and go to state 23
    IDENT               shift, and go to state 24
    DOCBLOCK            shift, and go to state 25
    STRATOM             shift, and go to state 26
    TAGATOM             shift, and go to state 27
    FLTCONST            shift, and go to state 28
    '-'                 shift, and go to state 29
    '*'                 shift, and go to state 30
    '('                 shift, and go to state 31
    '{'                 shift, and go to state 92
    '~'                 shift, and go to state 32
    '!'                 shift, and go to state 33
    rwPRINT             shift, and go to state 34
    rwPRINTF            shift, and go to state 35
    rwSPRINTF           shift, and go to state 36
    rwRANDOMF           shift, and go to state 37
    rwFLOOR             shift, and go to state 38
    rwCEIL              shift, and go to state 39
    rwFABS              shift, and go to state 40
    rwSIN               shift, and go to state 41
    rwCOS               shift, and go to state 42
    rwATAN              shift, and go to state 43
    rwTANH              shift, and go to state 44
    rwSQRT              shift, and go to state 45
    rwISZERO            shift, and go to state 46
    rwFMOD              shift, and go to state 47
    rwMIN               shift, and go to state 48
    rwMAX               shift, and go to state 49
    rwATAN2             shift, and go to state 50
    rwPOW               shift, and go to state 51
    rwCLAMP             shift, and go to state 52
    rwCLAMPF            shift, and go to state 53
    rwLERP              shift, and go to state 54
    rwSMOOTHSTEP        shift, and go to state 55
    rwFN                shift, and go to state 56
    '['                 shift, and go to state 57

    stmt                 go to state 93
    datablock_decl       go to state 62
    object_decl          go to state 63
    stmt_block           go to state 367
    switch_stmt          go to state 64
    if_stmt              go to state 65
    while_stmt           go to state 66
    for_stmt             go to state 67
    foreach_stmt         go to state 68
    expression_stmt      go to state 69
    expr                 go to state 70
    slot_acc             go to state 71
    intslot_acc          go to state 72
    stmt_expr            go to state 73
    funcall_expr         go to state 74
    assert_expr          go to state 75
    inline_command_expr  go to state 76


State 297

   63 stmt_block: '{' statement_list '}' •

    $default  reduce using rule 63 (stmt_block)


State 298

   11 statement_list: statement_list stmt •

    $default  reduce using rule 11 (statement_list)


State 299

   75 while_stmt: rwDO stmt_block rwWHILE '(' • expr ')'

    rwDECLARE           shift, and go to state 5
    rwDECLARESINGLETON  shift, and go to state 6
    rwBREAK             shift, and go to state 85
    rwASSERT            shift, and go to state 20
    INTCONST            shift, and go to state 21
    TTAG                shift, and go to state 86
    VAR                 shift, and go to state 23
    IDENT               shift, and go to state 24
    STRATOM             shift, and go to state 26
    TAGATOM             shift, and go to state 27
    FLTCONST            shift, and go to state 28
    '-'                 shift, and go to state 29
    '*'                 shift, and go to state 30
    '('                 shift, and go to state 31
    '~'                 shift, and go to state 32
    '!'                 shift, and go to state 33
    rwPRINT             shift, and go to state 34
    rwPRINTF            shift, and go to state 35
    rwSPRINTF           shift, and go to state 36
    rwRANDOMF           shift, and go to state 37
    rwFLOOR             shift, and go to state 38
    rwCEIL              shift, and go to state 39
    rwFABS              shift, and go to state 40
    rwSIN               shift, and go to state 41
    rwCOS               shift, and go to state 42
    rwATAN              shift, and go to state 43
    rwTANH              shift, and go to state 44
    rwSQRT              shift, and go to state 45
    rwISZERO            shift, and go to state 46
    rwFMOD              shift, and go to state 47
    rwMIN               shift, and go to state 48
    rwMAX               shift, and go to state 49
    rwATAN2             shift, and go to state 50
    rwPOW               shift, and go to state 51
    rwCLAMP             shift, and go to state 52
    rwCLAMPF            shift, and go to state 53
    rwLERP              shift, and go to state 54
    rwSMOOTHSTEP        shift, and go to state 55
    rwFN                shift, and go to state 56

    object_decl          go to state 63
    expr                 go to state 368
    slot_acc             go to state 71
    intslot_acc          go to state 72
    stmt_expr            go to state 90
    funcall_expr         go to state 74
    assert_expr          go to state 75
    inline_command_expr  go to state 76


State 300

   84 for_stmt: rwFOR '(' VAR rwIN • expr opDOTDOT expr ')' stmt_block
   85         | rwFOR '(' VAR rwIN • rwRANGE expr opDOTDOT expr ')' stmt_block
   86         | rwFOR '(' VAR rwIN • expr opDOTDOT expr rwSTEP expr ')' stmt_block
   87         | rwFOR '(' VAR rwIN • rwRANGE expr opDOTDOT expr rwSTEP expr ')' stmt_block
   88         | rwFOR '(' VAR rwIN • rwRANGE expr ')' stmt_block

    rwDECLARE           shift, and go to state 5
    rwDECLARESINGLETON  shift, and go to state 6
    rwBREAK             shift, and go to state 85
    rwASSERT            shift, and go to state 20
    INTCONST            shift, and go to state 21
    TTAG                shift, and go to state 86
    VAR                 shift, and go to state 23
    IDENT               shift, and go to state 24
    STRATOM             shift, and go to state 26
    TAGATOM             shift, and go to state 27
    FLTCONST            shift, and go to state 28
    '-'                 shift, and go to state 29
    '*'                 shift, and go to state 30
    '('                 shift, and go to state 31
    '~'                 shift, and go to state 32
    '!'                 shift, and go to state 33
    rwRANGE             shift, and go to state 369
    rwPRINT             shift, and go to state 34
    rwPRINTF            shift, and go to state 35
    rwSPRINTF           shift, and go to state 36
    rwRANDOMF           shift, and go to state 37
    rwFLOOR             shift, and go to state 38
    rwCEIL              shift, and go to state 39
    rwFABS              shift, and go to state 40
    rwSIN               shift, and go to state 41
    rwCOS               shift, and go to state 42
    rwATAN              shift, and go to state 43
    rwTANH              shift, and go to state 44
    rwSQRT              shift, and go to state 45
    rwISZERO            shift, and go to state 46
    rwFMOD              shift, and go to state 47
    rwMIN               shift, and go to state 48
    rwMAX               shift, and go to state 49
    rwATAN2             shift, and go to state 50
    rwPOW               shift, and go to state 51
    rwCLAMP             shift, and go to state 52
    rwCLAMPF            shift, and go to state 53
    rwLERP              shift, and go to state 54
    rwSMOOTHSTEP        shift, and go to state 55
    rwFN                shift, and go to state 56

    object_decl          go to state 63
    expr                 go to state 370
    slot_acc             go to state 71
    intslot_acc          go to state 72
    stmt_expr            go to state 90
    funcall_expr         go to state 74
    assert_expr          go to state 75
    inline_command_expr  go to state 76


State 301

   82 for_stmt: rwFOR '(' ';' ';' • expr ')' stmt_block
   83         | rwFOR '(' ';' ';' • ')' stmt_block

    rwDECLARE           shift, and go to state 5
    rwDECLARESINGLETON  shift, and go to state 6
    rwBREAK             shift, and go to state 85
    rwASSERT            shift, and go to state 20
    INTCONST            shift, and go to state 21
    TTAG                shift, and go to state 86
    VAR                 shift, and go to state 23
    IDENT               shift, and go to state 24
    STRATOM             shift, and go to state 26
    TAGATOM             shift, and go to state 27
    FLTCONST            shift, and go to state 28
    '-'                 shift, and go to state 29
    '*'                 shift, and go to state 30
    '('                 shift, and go to state 31
    ')'                 shift, and go to state 371
    '~'                 shift, and go to state 32
    '!'                 shift, and go to state 33
    rwPRINT             shift, and go to state 34
    rwPRINTF            shift, and go to state 35
    rwSPRINTF           shift, and go to state 36
    rwRANDOMF           shift, and go to state 37
    rwFLOOR             shift, and go to state 38
    rwCEIL              shift, and go to state 39
    rwFABS              shift, and go to state 40
    rwSIN               shift, and go to state 41
    rwCOS               shift, and go to state 42
    rwATAN              shift, and go to state 43
    rwTANH              shift, and go to state 44
    rwSQRT              shift, and go to state 45
    rwISZERO            shift, and go to state 46
    rwFMOD              shift, and go to state 47
    rwMIN               shift, and go to state 48
    rwMAX               shift, and go to state 49
    rwATAN2             shift, and go to state 50
    rwPOW               shift, and go to state 51
    rwCLAMP             shift, and go to state 52
    rwCLAMPF            shift, and go to state 53
    rwLERP              shift, and go to state 54
    rwSMOOTHSTEP        shift, and go to state 55
    rwFN                shift, and go to state 56

    object_decl          go to state 63
    expr                 go to state 372
    slot_acc             go to state 71
    intslot_acc          go to state 72
    stmt_expr            go to state 90
    funcall_expr         go to state 74
    assert_expr          go to state 75
    inline_command_expr  go to state 76


State 302

   80 for_stmt: rwFOR '(' ';' expr • ';' expr ')' stmt_block
   81         | rwFOR '(' ';' expr • ';' ')' stmt_block
   99 expr: expr • '^' expr
  100     | expr • '%' expr
  101     | expr • '&' expr
  102     | expr • '|' expr
  103     | expr • '+' expr
  104     | expr • '-' expr
  105     | expr • '*' expr
  106     | expr • '/' expr
  110     | expr • '?' expr ':' expr
  111     | expr • '?' '{' expr_list '}' ':' '{' expr_list '}'
  112     | expr • '?' expr ':' '{' expr_list '}'
  113     | expr • '?' '{' expr_list '}' ':' expr
  114     | expr • '<' expr
  115     | expr • '>' expr
  116     | expr • opGE expr
  117     | expr • opLE expr
  118     | expr • opEQ expr
  119     | expr • opNE expr
  120     | expr • opOR expr
  121     | expr • opSHL expr
  122     | expr • opSHR expr
  123     | expr • opAND expr
  124     | expr • opSTREQ expr
  125     | expr • opSTRNE expr
  126     | expr • '@' expr
  140 slot_acc: expr • '.' IDENT
  141         | expr • '.' IDENT '[' aidx_expr ']'
  142 intslot_acc: expr • opINTNAME class_name_expr
  143            | expr • opINTNAMER class_name_expr
  175 funcall_expr: expr • '.' IDENT '(' func_arg_list_decl ')'

    '+'         shift, and go to state 154
    '-'         shift, and go to state 155
    '*'         shift, and go to state 156
    '/'         shift, and go to state 157
    '<'         shift, and go to state 158
    '>'         shift, and go to state 159
    '.'         shift, and go to state 160
    '|'         shift, and go to state 161
    '&'         shift, and go to state 162
    '%'         shift, and go to state 163
    ';'         shift, and go to state 373
    '^'         shift, and go to state 164
    '@'         shift, and go to state 165
    opINTNAME   shift, and go to state 166
    opINTNAMER  shift, and go to state 167
    opSHL       shift, and go to state 168
    opSHR       shift, and go to state 169
    opEQ        shift, and go to state 170
    opNE        shift, and go to state 171
    opGE        shift, and go to state 172
    opLE        shift, and go to state 173
    opAND       shift, and go to state 174
    opOR        shift, and go to state 175
    opSTREQ     shift, and go to state 176
    opSTRNE     shift, and go to state 177
    '?'         shift, and go to state 178


State 303

   76 for_stmt: rwFOR '(' expr ';' • expr ';' expr ')' stmt_block
   77         | rwFOR '(' expr ';' • expr ';' ')' stmt_block
   78         | rwFOR '(' expr ';' • ';' expr ')' stmt_block
   79         | rwFOR '(' expr ';' • ';' ')' stmt_block

    rwDECLARE           shift, and go to state 5
    rwDECLARESINGLETON  shift, and go to state 6
    rwBREAK             shift, and go to state 85
    rwASSERT            shift, and go to state 20
    INTCONST            shift, and go to state 21
    TTAG                shift, and go to state 86
    VAR                 shift, and go to state 23
    IDENT               shift, and go to state 24
    STRATOM             shift, and go to state 26
    TAGATOM             shift, and go to state 27
    FLTCONST            shift, and go to state 28
    '-'                 shift, and go to state 29
    '*'                 shift, and go to state 30
    '('                 shift, and go to state 31
    ';'                 shift, and go to state 374
    '~'                 shift, and go to state 32
    '!'                 shift, and go to state 33
    rwPRINT             shift, and go to state 34
    rwPRINTF            shift, and go to state 35
    rwSPRINTF           shift, and go to state 36
    rwRANDOMF           shift, and go to state 37
    rwFLOOR             shift, and go to state 38
    rwCEIL              shift, and go to state 39
    rwFABS              shift, and go to state 40
    rwSIN               shift, and go to state 41
    rwCOS               shift, and go to state 42
    rwATAN              shift, and go to state 43
    rwTANH              shift, and go to state 44
    rwSQRT              shift, and go to state 45
    rwISZERO            shift, and go to state 46
    rwFMOD              shift, and go to state 47
    rwMIN               shift, and go to state 48
    rwMAX               shift, and go to state 49
    rwATAN2             shift, and go to state 50
    rwPOW               shift, and go to state 51
    rwCLAMP             shift, and go to state 52
    rwCLAMPF            shift, and go to state 53
    rwLERP              shift, and go to state 54
    rwSMOOTHSTEP        shift, and go to state 55
    rwFN                shift, and go to state 56

    object_decl          go to state 63
    expr                 go to state 375
    slot_acc             go to state 71
    intslot_acc          go to state 72
    stmt_expr            go to state 90
    funcall_expr         go to state 74
    assert_expr          go to state 75
    inline_command_expr  go to state 76


State 304

   89 foreach_stmt: rwFOREACH '(' VAR rwIN • expr ')' stmt_block
   91             | rwFOREACH '(' VAR rwIN • expr opDOTDOT expr ')' stmt_block
   92             | rwFOREACH '(' VAR rwIN • rwRANGE expr opDOTDOT expr ')' stmt_block
   93             | rwFOREACH '(' VAR rwIN • expr opDOTDOT expr rwSTEP expr ')' stmt_block
   94             | rwFOREACH '(' VAR rwIN • rwRANGE expr opDOTDOT expr rwSTEP expr ')' stmt_block
   95             | rwFOREACH '(' VAR rwIN • rwRANGE expr ')' stmt_block

    rwDECLARE           shift, and go to state 5
    rwDECLARESINGLETON  shift, and go to state 6
    rwBREAK             shift, and go to state 85
    rwASSERT            shift, and go to state 20
    INTCONST            shift, and go to state 21
    TTAG                shift, and go to state 86
    VAR                 shift, and go to state 23
    IDENT               shift, and go to state 24
    STRATOM             shift, and go to state 26
    TAGATOM             shift, and go to state 27
    FLTCONST            shift, and go to state 28
    '-'                 shift, and go to state 29
    '*'                 shift, and go to state 30
    '('                 shift, and go to state 31
    '~'                 shift, and go to state 32
    '!'                 shift, and go to state 33
    rwRANGE             shift, and go to state 376
    rwPRINT             shift, and go to state 34
    rwPRINTF            shift, and go to state 35
    rwSPRINTF           shift, and go to state 36
    rwRANDOMF           shift, and go to state 37
    rwFLOOR             shift, and go to state 38
    rwCEIL              shift, and go to state 39
    rwFABS              shift, and go to state 40
    rwSIN               shift, and go to state 41
    rwCOS               shift, and go to state 42
    rwATAN              shift, and go to state 43
    rwTANH              shift, and go to state 44
    rwSQRT              shift, and go to state 45
    rwISZERO            shift, and go to state 46
    rwFMOD              shift, and go to state 47
    rwMIN               shift, and go to state 48
    rwMAX               shift, and go to state 49
    rwATAN2             shift, and go to state 50
    rwPOW               shift, and go to state 51
    rwCLAMP             shift, and go to state 52
    rwCLAMPF            shift, and go to state 53
    rwLERP              shift, and go to state 54
    rwSMOOTHSTEP        shift, and go to state 55
    rwFN                shift, and go to state 56

    object_decl          go to state 63
    expr                 go to state 377
    slot_acc             go to state 71
    intslot_acc          go to state 72
    stmt_expr            go to state 90
    funcall_expr         go to state 74
    assert_expr          go to state 75
    inline_command_expr  go to state 76


State 305

   90 foreach_stmt: rwFOREACHSTR '(' VAR rwIN • expr ')' stmt_block

    rwDECLARE           shift, and go to state 5
    rwDECLARESINGLETON  shift, and go to state 6
    rwBREAK             shift, and go to state 85
    rwASSERT            shift, and go to state 20
    INTCONST            shift, and go to state 21
    TTAG                shift, and go to state 86
    VAR                 shift, and go to state 23
    IDENT               shift, and go to state 24
    STRATOM             shift, and go to state 26
    TAGATOM             shift, and go to state 27
    FLTCONST            shift, and go to state 28
    '-'                 shift, and go to state 29
    '*'                 shift, and go to state 30
    '('                 shift, and go to state 31
    '~'                 shift, and go to state 32
    '!'                 shift, and go to state 33
    rwPRINT             shift, and go to state 34
    rwPRINTF            shift, and go to state 35
    rwSPRINTF           shift, and go to state 36
    rwRANDOMF           shift, and go to state 37
    rwFLOOR             shift, and go to state 38
    rwCEIL              shift, and go to state 39
    rwFABS              shift, and go to state 40
    rwSIN               shift, and go to state 41
    rwCOS               shift, and go to state 42
    rwATAN              shift, and go to state 43
    rwTANH              shift, and go to state 44
    rwSQRT              shift, and go to state 45
    rwISZERO            shift, and go to state 46
    rwFMOD              shift, and go to state 47
    rwMIN               shift, and go to state 48
    rwMAX               shift, and go to state 49
    rwATAN2             shift, and go to state 50
    rwPOW               shift, and go to state 51
    rwCLAMP             shift, and go to state 52
    rwCLAMPF            shift, and go to state 53
    rwLERP              shift, and go to state 54
    rwSMOOTHSTEP        shift, and go to state 55
    rwFN                shift, and go to state 56

    object_decl          go to state 63
    expr                 go to state 378
    slot_acc             go to state 71
    intslot_acc          go to state 72
    stmt_expr            go to state 90
    funcall_expr         go to state 74
    assert_expr          go to state 75
    inline_command_expr  go to state 76


State 306

   44 datablock_decl: rwDATABLOCK class_name_expr '(' expr • parent_block ')' '{' slot_assign_list_opt '}' ';'
   99 expr: expr • '^' expr
  100     | expr • '%' expr
  101     | expr • '&' expr
  102     | expr • '|' expr
  103     | expr • '+' expr
  104     | expr • '-' expr
  105     | expr • '*' expr
  106     | expr • '/' expr
  110     | expr • '?' expr ':' expr
  111     | expr • '?' '{' expr_list '}' ':' '{' expr_list '}'
  112     | expr • '?' expr ':' '{' expr_list '}'
  113     | expr • '?' '{' expr_list '}' ':' expr
  114     | expr • '<' expr
  115     | expr • '>' expr
  116     | expr • opGE expr
  117     | expr • opLE expr
  118     | expr • opEQ expr
  119     | expr • opNE expr
  120     | expr • opOR expr
  121     | expr • opSHL expr
  122     | expr • opSHR expr
  123     | expr • opAND expr
  124     | expr • opSTREQ expr
  125     | expr • opSTRNE expr
  126     | expr • '@' expr
  140 slot_acc: expr • '.' IDENT
  141         | expr • '.' IDENT '[' aidx_expr ']'
  142 intslot_acc: expr • opINTNAME class_name_expr
  143            | expr • opINTNAMER class_name_expr
  175 funcall_expr: expr • '.' IDENT '(' func_arg_list_decl ')'

    '+'         shift, and go to state 154
    '-'         shift, and go to state 155
    '*'         shift, and go to state 156
    '/'         shift, and go to state 157
    '<'         shift, and go to state 158
    '>'         shift, and go to state 159
    '.'         shift, and go to state 160
    '|'         shift, and go to state 161
    '&'         shift, and go to state 162
    '%'         shift, and go to state 163
    ':'         shift, and go to state 361
    '^'         shift, and go to state 164
    '@'         shift, and go to state 165
    opINTNAME   shift, and go to state 166
    opINTNAMER  shift, and go to state 167
    opSHL       shift, and go to state 168
    opSHR       shift, and go to state 169
    opEQ        shift, and go to state 170
    opNE        shift, and go to state 171
    opGE        shift, and go to state 172
    opLE        shift, and go to state 173
    opAND       shift, and go to state 174
    opOR        shift, and go to state 175
    opSTREQ     shift, and go to state 176
    opSTRNE     shift, and go to state 177
    '?'         shift, and go to state 178

    $default  reduce using rule 51 (parent_block)

    parent_block  go to state 379


State 307

   65 switch_stmt: rwSWITCH '(' expr ')' • '{' case_block '}'

    '{'  shift, and go to state 380


State 308

   66 switch_stmt: rwSWITCHSTR '(' expr ')' • '{' case_block '}'

    '{'  shift, and go to state 381


State 309

    7 package_decl: rwPACKAGE IDENT '{' fn_decl_list • '}' ';'
    9 fn_decl_list: fn_decl_list • fn_decl_stmt

    rwDEFINE  shift, and go to state 4
    '}'       shift, and go to state 382

    fn_decl_stmt  go to state 383


State 310

    8 fn_decl_list: fn_decl_stmt •

    $default  reduce using rule 8 (fn_decl_list)


State 311

  183 assert_expr: rwASSERT '(' expr ')' •

    $default  reduce using rule 183 (assert_expr)


State 312

  184 assert_expr: rwASSERT '(' expr ',' • STRATOM ')'

    STRATOM  shift, and go to state 384


State 313

   25 stmt: TTAG '=' expr ',' • expr ';'

    rwDECLARE           shift, and go to state 5
    rwDECLARESINGLETON  shift, and go to state 6
    rwBREAK             shift, and go to state 85
    rwASSERT            shift, and go to state 20
    INTCONST            shift, and go to state 21
    TTAG                shift, and go to state 86
    VAR                 shift, and go to state 23
    IDENT               shift, and go to state 24
    STRATOM             shift, and go to state 26
    TAGATOM             shift, and go to state 27
    FLTCONST            shift, and go to state 28
    '-'                 shift, and go to state 29
    '*'                 shift, and go to state 30
    '('                 shift, and go to state 31
    '~'                 shift, and go to state 32
    '!'                 shift, and go to state 33
    rwPRINT             shift, and go to state 34
    rwPRINTF            shift, and go to state 35
    rwSPRINTF           shift, and go to state 36
    rwRANDOMF           shift, and go to state 37
    rwFLOOR             shift, and go to state 38
    rwCEIL              shift, and go to state 39
    rwFABS              shift, and go to state 40
    rwSIN               shift, and go to state 41
    rwCOS               shift, and go to state 42
    rwATAN              shift, and go to state 43
    rwTANH              shift, and go to state 44
    rwSQRT              shift, and go to state 45
    rwISZERO            shift, and go to state 46
    rwFMOD              shift, and go to state 47
    rwMIN               shift, and go to state 48
    rwMAX               shift, and go to state 49
    rwATAN2             shift, and go to state 50
    rwPOW               shift, and go to state 51
    rwCLAMP             shift, and go to state 52
    rwCLAMPF            shift, and go to state 53
    rwLERP              shift, and go to state 54
    rwSMOOTHSTEP        shift, and go to state 55
    rwFN                shift, and go to state 56

    object_decl          go to state 63
    expr                 go to state 385
    slot_acc             go to state 71
    intslot_acc          go to state 72
    stmt_expr            go to state 90
    funcall_expr         go to state 74
    assert_expr          go to state 75
    inline_command_expr  go to state 76


State 314

   24 stmt: TTAG '=' expr ';' •

    $default  reduce using rule 24 (stmt)


State 315

  163 stmt_expr: VAR '=' '{' expr_list • '}'
  209 expr_list: expr_list • ',' expr

    ','  shift, and go to state 294
    '}'  shift, and go to state 386


State 316

  164 stmt_expr: VAR '=' '[' expr_list • ']'
  209 expr_list: expr_list • ',' expr

    ','  shift, and go to state 294
    ']'  shift, and go to state 387


State 317

  178 func_arg_item: '{' expr_list • '}'
  209 expr_list: expr_list • ',' expr

    ','  shift, and go to state 294
    '}'  shift, and go to state 388


State 318

  180 func_arg_list: func_arg_list ',' • func_arg_item

    rwDECLARE           shift, and go to state 5
    rwDECLARESINGLETON  shift, and go to state 6
    rwBREAK             shift, and go to state 85
    rwASSERT            shift, and go to state 20
    INTCONST            shift, and go to state 21
    TTAG                shift, and go to state 86
    VAR                 shift, and go to state 23
    IDENT               shift, and go to state 24
    STRATOM             shift, and go to state 26
    TAGATOM             shift, and go to state 27
    FLTCONST            shift, and go to state 28
    '-'                 shift, and go to state 29
    '*'                 shift, and go to state 30
    '('                 shift, and go to state 31
    '{'                 shift, and go to state 207
    '~'                 shift, and go to state 32
    '!'                 shift, and go to state 33
    rwPRINT             shift, and go to state 34
    rwPRINTF            shift, and go to state 35
    rwSPRINTF           shift, and go to state 36
    rwRANDOMF           shift, and go to state 37
    rwFLOOR             shift, and go to state 38
    rwCEIL              shift, and go to state 39
    rwFABS              shift, and go to state 40
    rwSIN               shift, and go to state 41
    rwCOS               shift, and go to state 42
    rwATAN              shift, and go to state 43
    rwTANH              shift, and go to state 44
    rwSQRT              shift, and go to state 45
    rwISZERO            shift, and go to state 46
    rwFMOD              shift, and go to state 47
    rwMIN               shift, and go to state 48
    rwMAX               shift, and go to state 49
    rwATAN2             shift, and go to state 50
    rwPOW               shift, and go to state 51
    rwCLAMP             shift, and go to state 52
    rwCLAMPF            shift, and go to state 53
    rwLERP              shift, and go to state 54
    rwSMOOTHSTEP        shift, and go to state 55
    rwFN                shift, and go to state 56

    object_decl          go to state 63
    expr                 go to state 208
    slot_acc             go to state 71
    intslot_acc          go to state 72
    stmt_expr            go to state 90
    funcall_expr         go to state 74
    func_arg_item        go to state 389
    assert_expr          go to state 75
    inline_command_expr  go to state 76


State 319

  176 funcall_expr: VAR '(' func_arg_list_decl ')' •

    $default  reduce using rule 176 (funcall_expr)


State 320

  224 aidx_expr: aidx_expr ',' • expr

    rwDECLARE           shift, and go to state 5
    rwDECLARESINGLETON  shift, and go to state 6
    rwBREAK             shift, and go to state 85
    rwASSERT            shift, and go to state 20
    INTCONST            shift, and go to state 21
    TTAG                shift, and go to state 86
    VAR                 shift, and go to state 23
    IDENT               shift, and go to state 24
    STRATOM             shift, and go to state 26
    TAGATOM             shift, and go to state 27
    FLTCONST            shift, and go to state 28
    '-'                 shift, and go to state 29
    '*'                 shift, and go to state 30
    '('                 shift, and go to state 31
    '~'                 shift, and go to state 32
    '!'                 shift, and go to state 33
    rwPRINT             shift, and go to state 34
    rwPRINTF            shift, and go to state 35
    rwSPRINTF           shift, and go to state 36
    rwRANDOMF           shift, and go to state 37
    rwFLOOR             shift, and go to state 38
    rwCEIL              shift, and go to state 39
    rwFABS              shift, and go to state 40
    rwSIN               shift, and go to state 41
    rwCOS               shift, and go to state 42
    rwATAN              shift, and go to state 43
    rwTANH              shift, and go to state 44
    rwSQRT              shift, and go to state 45
    rwISZERO            shift, and go to state 46
    rwFMOD              shift, and go to state 47
    rwMIN               shift, and go to state 48
    rwMAX               shift, and go to state 49
    rwATAN2             shift, and go to state 50
    rwPOW               shift, and go to state 51
    rwCLAMP             shift, and go to state 52
    rwCLAMPF            shift, and go to state 53
    rwLERP              shift, and go to state 54
    rwSMOOTHSTEP        shift, and go to state 55
    rwFN                shift, and go to state 56

    object_decl          go to state 63
    expr                 go to state 390
    slot_acc             go to state 71
    intslot_acc          go to state 72
    stmt_expr            go to state 90
    funcall_expr         go to state 74
    assert_expr          go to state 75
    inline_command_expr  go to state 76


State 321

  138 expr: VAR '[' aidx_expr ']' •
  165 stmt_expr: VAR '[' aidx_expr ']' • '=' expr
  166          | VAR '[' aidx_expr ']' • '=' '{' expr_list '}'
  168          | VAR '[' aidx_expr ']' • assign_op_struct

    '='           shift, and go to state 391
    opMINUSMINUS  shift, and go to state 106
    opPLUSPLUS    shift, and go to state 107
    opPLASN       shift, and go to state 108
    opMIASN       shift, and go to state 109
    opMLASN       shift, and go to state 110
    opDVASN       shift, and go to state 111
    opMODASN      shift, and go to state 112
    opANDASN      shift, and go to state 113
    opXORASN      shift, and go to state 114
    opORASN       shift, and go to state 115
    opSLASN       shift, and go to state 116
    opSRASN       shift, and go to state 117

    $default  reduce using rule 138 (expr)

    assign_op_struct  go to state 392


State 322

  173 funcall_expr: IDENT '(' func_arg_list_decl ')' •

    $default  reduce using rule 173 (funcall_expr)


State 323

  174 funcall_expr: IDENT opCOLONCOLON IDENT '(' • func_arg_list_decl ')'

    rwDECLARE           shift, and go to state 5
    rwDECLARESINGLETON  shift, and go to state 6
    rwBREAK             shift, and go to state 85
    rwASSERT            shift, and go to state 20
    INTCONST            shift, and go to state 21
    TTAG                shift, and go to state 86
    VAR                 shift, and go to state 23
    IDENT               shift, and go to state 24
    STRATOM             shift, and go to state 26
    TAGATOM             shift, and go to state 27
    FLTCONST            shift, and go to state 28
    '-'                 shift, and go to state 29
    '*'                 shift, and go to state 30
    '('                 shift, and go to state 31
    '{'                 shift, and go to state 207
    '~'                 shift, and go to state 32
    '!'                 shift, and go to state 33
    rwPRINT             shift, and go to state 34
    rwPRINTF            shift, and go to state 35
    rwSPRINTF           shift, and go to state 36
    rwRANDOMF           shift, and go to state 37
    rwFLOOR             shift, and go to state 38
    rwCEIL              shift, and go to state 39
    rwFABS              shift, and go to state 40
    rwSIN               shift, and go to state 41
    rwCOS               shift, and go to state 42
    rwATAN              shift, and go to state 43
    rwTANH              shift, and go to state 44
    rwSQRT              shift, and go to state 45
    rwISZERO            shift, and go to state 46
    rwFMOD              shift, and go to state 47
    rwMIN               shift, and go to state 48
    rwMAX               shift, and go to state 49
    rwATAN2             shift, and go to state 50
    rwPOW               shift, and go to state 51
    rwCLAMP             shift, and go to state 52
    rwCLAMPF            shift, and go to state 53
    rwLERP              shift, and go to state 54
    rwSMOOTHSTEP        shift, and go to state 55
    rwFN                shift, and go to state 56

    $default  reduce using rule 181 (func_arg_list_decl)

    object_decl          go to state 63
    expr                 go to state 208
    slot_acc             go to state 71
    intslot_acc          go to state 72
    stmt_expr            go to state 90
    funcall_expr         go to state 74
    func_arg_item        go to state 209
    func_arg_list        go to state 210
    func_arg_list_decl   go to state 393
    assert_expr          go to state 75
    inline_command_expr  go to state 76


State 324

  185 inline_command_expr: rwPRINT '(' expr_list ')' •

    $default  reduce using rule 185 (inline_command_expr)


State 325

  186 inline_command_expr: rwPRINTF '(' expr_list ')' •

    $default  reduce using rule 186 (inline_command_expr)


State 326

  187 inline_command_expr: rwSPRINTF '(' expr_list ')' •

    $default  reduce using rule 187 (inline_command_expr)


State 327

  189 inline_command_expr: rwRANDOMF '(' expr_list ')' •

    $default  reduce using rule 189 (inline_command_expr)


State 328

  190 inline_command_expr: rwFLOOR '(' expr_list ')' •

    $default  reduce using rule 190 (inline_command_expr)


State 329

  191 inline_command_expr: rwCEIL '(' expr_list ')' •

    $default  reduce using rule 191 (inline_command_expr)


State 330

  192 inline_command_expr: rwFABS '(' expr_list ')' •

    $default  reduce using rule 192 (inline_command_expr)


State 331

  193 inline_command_expr: rwSIN '(' expr_list ')' •

    $default  reduce using rule 193 (inline_command_expr)


State 332

  194 inline_command_expr: rwCOS '(' expr_list ')' •

    $default  reduce using rule 194 (inline_command_expr)


State 333

  195 inline_command_expr: rwATAN '(' expr_list ')' •

    $default  reduce using rule 195 (inline_command_expr)


State 334

  196 inline_command_expr: rwTANH '(' expr_list ')' •

    $default  reduce using rule 196 (inline_command_expr)


State 335

  197 inline_command_expr: rwSQRT '(' expr_list ')' •

    $default  reduce using rule 197 (inline_command_expr)


State 336

  198 inline_command_expr: rwISZERO '(' expr_list ')' •

    $default  reduce using rule 198 (inline_command_expr)


State 337

  199 inline_command_expr: rwFMOD '(' expr_list ')' •

    $default  reduce using rule 199 (inline_command_expr)


State 338

  200 inline_command_expr: rwMIN '(' expr_list ')' •

    $default  reduce using rule 200 (inline_command_expr)


State 339

  201 inline_command_expr: rwMAX '(' expr_list ')' •

    $default  reduce using rule 201 (inline_command_expr)


State 340

  202 inline_command_expr: rwATAN2 '(' expr_list ')' •

    $default  reduce using rule 202 (inline_command_expr)


State 341

  203 inline_command_expr: rwPOW '(' expr_list ')' •

    $default  reduce using rule 203 (inline_command_expr)


State 342

  204 inline_command_expr: rwCLAMP '(' expr_list ')' •

    $default  reduce using rule 204 (inline_command_expr)


State 343

  205 inline_command_expr: rwCLAMPF '(' expr_list ')' •

    $default  reduce using rule 205 (inline_command_expr)


State 344

  206 inline_command_expr: rwLERP '(' expr_list ')' •

    $default  reduce using rule 206 (inline_command_expr)


State 345

  207 inline_command_expr: rwSMOOTHSTEP '(' expr_list ')' •

    $default  reduce using rule 207 (inline_command_expr)


State 346

   38 param: VAR '=' • expr

    rwDECLARE           shift, and go to state 5
    rwDECLARESINGLETON  shift, and go to state 6
    rwBREAK             shift, and go to state 85
    rwASSERT            shift, and go to state 20
    INTCONST            shift, and go to state 21
    TTAG                shift, and go to state 86
    VAR                 shift, and go to state 23
    IDENT               shift, and go to state 24
    STRATOM             shift, and go to state 26
    TAGATOM             shift, and go to state 27
    FLTCONST            shift, and go to state 28
    '-'                 shift, and go to state 29
    '*'                 shift, and go to state 30
    '('                 shift, and go to state 31
    '~'                 shift, and go to state 32
    '!'                 shift, and go to state 33
    rwPRINT             shift, and go to state 34
    rwPRINTF            shift, and go to state 35
    rwSPRINTF           shift, and go to state 36
    rwRANDOMF           shift, and go to state 37
    rwFLOOR             shift, and go to state 38
    rwCEIL              shift, and go to state 39
    rwFABS              shift, and go to state 40
    rwSIN               shift, and go to state 41
    rwCOS               shift, and go to state 42
    rwATAN              shift, and go to state 43
    rwTANH              shift, and go to state 44
    rwSQRT              shift, and go to state 45
    rwISZERO            shift, and go to state 46
    rwFMOD              shift, and go to state 47
    rwMIN               shift, and go to state 48
    rwMAX               shift, and go to state 49
    rwATAN2             shift, and go to state 50
    rwPOW               shift, and go to state 51
    rwCLAMP             shift, and go to state 52
    rwCLAMPF            shift, and go to state 53
    rwLERP              shift, and go to state 54
    rwSMOOTHSTEP        shift, and go to state 55
    rwFN                shift, and go to state 56

    object_decl          go to state 63
    expr                 go to state 394
    slot_acc             go to state 71
    intslot_acc          go to state 72
    stmt_expr            go to state 90
    funcall_expr         go to state 74
    assert_expr          go to state 75
    inline_command_expr  go to state 76


State 347

   37 param: VAR '?' •
   39      | VAR '?' • '=' expr

    '='  shift, and go to state 395

    $default  reduce using rule 37 (param)


State 348

  139 expr: rwFN '(' func_var_list_decl ')' • '{' statement_list '}'

    '{'  shift, and go to state 396


State 349

   35 func_var_list: func_var_list ',' • param

    VAR  shift, and go to state 250

    param  go to state 397


State 350

   41 unpack_var_list: unpack_var_list ',' unpack_param •

    $default  reduce using rule 41 (unpack_var_list)


State 351

   27 stmt: '[' unpack_var_list ']' '=' • expr ';'
   28     | '[' unpack_var_list ']' '=' • '{' expr_list '}' ';'
   29     | '[' unpack_var_list ']' '=' • '[' expr_list ']' ';'

    rwDECLARE           shift, and go to state 5
    rwDECLARESINGLETON  shift, and go to state 6
    rwBREAK             shift, and go to state 85
    rwASSERT            shift, and go to state 20
    INTCONST            shift, and go to state 21
    TTAG                shift, and go to state 86
    VAR                 shift, and go to state 23
    IDENT               shift, and go to state 24
    STRATOM             shift, and go to state 26
    TAGATOM             shift, and go to state 27
    FLTCONST            shift, and go to state 28
    '-'                 shift, and go to state 29
    '*'                 shift, and go to state 30
    '('                 shift, and go to state 31
    '{'                 shift, and go to state 398
    '~'                 shift, and go to state 32
    '!'                 shift, and go to state 33
    rwPRINT             shift, and go to state 34
    rwPRINTF            shift, and go to state 35
    rwSPRINTF           shift, and go to state 36
    rwRANDOMF           shift, and go to state 37
    rwFLOOR             shift, and go to state 38
    rwCEIL              shift, and go to state 39
    rwFABS              shift, and go to state 40
    rwSIN               shift, and go to state 41
    rwCOS               shift, and go to state 42
    rwATAN              shift, and go to state 43
    rwTANH              shift, and go to state 44
    rwSQRT              shift, and go to state 45
    rwISZERO            shift, and go to state 46
    rwFMOD              shift, and go to state 47
    rwMIN               shift, and go to state 48
    rwMAX               shift, and go to state 49
    rwATAN2             shift, and go to state 50
    rwPOW               shift, and go to state 51
    rwCLAMP             shift, and go to state 52
    rwCLAMPF            shift, and go to state 53
    rwLERP              shift, and go to state 54
    rwSMOOTHSTEP        shift, and go to state 55
    rwFN                shift, and go to state 56
    '['                 shift, and go to state 399

    object_decl          go to state 63
    expr                 go to state 400
    slot_acc             go to state 71
    intslot_acc          go to state 72
    stmt_expr            go to state 90
    funcall_expr         go to state 74
    assert_expr          go to state 75
    inline_command_expr  go to state 76


State 352

  175 funcall_expr: expr '.' IDENT '(' • func_arg_list_decl ')'

    rwDECLARE           shift, and go to state 5
    rwDECLARESINGLETON  shift, and go to state 6
    rwBREAK             shift, and go to state 85
    rwASSERT            shift, and go to state 20
    INTCONST            shift, and go to state 21
    TTAG                shift, and go to state 86
    VAR                 shift, and go to state 23
    IDENT               shift, and go to state 24
    STRATOM             shift, and go to state 26
    TAGATOM             shift, and go to state 27
    FLTCONST            shift, and go to state 28
    '-'                 shift, and go to state 29
    '*'                 shift, and go to state 30
    '('                 shift, and go to state 31
    '{'                 shift, and go to state 207
    '~'                 shift, and go to state 32
    '!'                 shift, and go to state 33
    rwPRINT             shift, and go to state 34
    rwPRINTF            shift, and go to state 35
    rwSPRINTF           shift, and go to state 36
    rwRANDOMF           shift, and go to state 37
    rwFLOOR             shift, and go to state 38
    rwCEIL              shift, and go to state 39
    rwFABS              shift, and go to state 40
    rwSIN               shift, and go to state 41
    rwCOS               shift, and go to state 42
    rwATAN              shift, and go to state 43
    rwTANH              shift, and go to state 44
    rwSQRT              shift, and go to state 45
    rwISZERO            shift, and go to state 46
    rwFMOD              shift, and go to state 47
    rwMIN               shift, and go to state 48
    rwMAX               shift, and go to state 49
    rwATAN2             shift, and go to state 50
    rwPOW               shift, and go to state 51
    rwCLAMP             shift, and go to state 52
    rwCLAMPF            shift, and go to state 53
    rwLERP              shift, and go to state 54
    rwSMOOTHSTEP        shift, and go to state 55
    rwFN                shift, and go to state 56

    $default  reduce using rule 181 (func_arg_list_decl)

    object_decl          go to state 63
    expr                 go to state 208
    slot_acc             go to state 71
    intslot_acc          go to state 72
    stmt_expr            go to state 90
    funcall_expr         go to state 74
    func_arg_item        go to state 209
    func_arg_list        go to state 210
    func_arg_list_decl   go to state 401
    assert_expr          go to state 75
    inline_command_expr  go to state 76


State 353

  141 slot_acc: expr '.' IDENT '[' • aidx_expr ']'

    rwDECLARE           shift, and go to state 5
    rwDECLARESINGLETON  shift, and go to state 6
    rwBREAK             shift, and go to state 85
    rwASSERT            shift, and go to state 20
    INTCONST            shift, and go to state 21
    TTAG                shift, and go to state 86
    VAR                 shift, and go to state 23
    IDENT               shift, and go to state 24
    STRATOM             shift, and go to state 26
    TAGATOM             shift, and go to state 27
    FLTCONST            shift, and go to state 28
    '-'                 shift, and go to state 29
    '*'                 shift, and go to state 30
    '('                 shift, and go to state 31
    '~'                 shift, and go to state 32
    '!'                 shift, and go to state 33
    rwPRINT             shift, and go to state 34
    rwPRINTF            shift, and go to state 35
    rwSPRINTF           shift, and go to state 36
    rwRANDOMF           shift, and go to state 37
    rwFLOOR             shift, and go to state 38
    rwCEIL              shift, and go to state 39
    rwFABS              shift, and go to state 40
    rwSIN               shift, and go to state 41
    rwCOS               shift, and go to state 42
    rwATAN              shift, and go to state 43
    rwTANH              shift, and go to state 44
    rwSQRT              shift, and go to state 45
    rwISZERO            shift, and go to state 46
    rwFMOD              shift, and go to state 47
    rwMIN               shift, and go to state 48
    rwMAX               shift, and go to state 49
    rwATAN2             shift, and go to state 50
    rwPOW               shift, and go to state 51
    rwCLAMP             shift, and go to state 52
    rwCLAMPF            shift, and go to state 53
    rwLERP              shift, and go to state 54
    rwSMOOTHSTEP        shift, and go to state 55
    rwFN                shift, and go to state 56

    object_decl          go to state 63
    expr                 go to state 222
    slot_acc             go to state 71
    intslot_acc          go to state 72
    stmt_expr            go to state 90
    funcall_expr         go to state 74
    assert_expr          go to state 75
    inline_command_expr  go to state 76
    aidx_expr            go to state 402


State 354

  111 expr: expr '?' '{' expr_list • '}' ':' '{' expr_list '}'
  113     | expr '?' '{' expr_list • '}' ':' expr
  209 expr_list: expr_list • ',' expr

    ','  shift, and go to state 294
    '}'  shift, and go to state 403


State 355

  110 expr: expr '?' expr ':' • expr
  112     | expr '?' expr ':' • '{' expr_list '}'

    rwDECLARE           shift, and go to state 5
    rwDECLARESINGLETON  shift, and go to state 6
    rwBREAK             shift, and go to state 85
    rwASSERT            shift, and go to state 20
    INTCONST            shift, and go to state 21
    TTAG                shift, and go to state 86
    VAR                 shift, and go to state 23
    IDENT               shift, and go to state 24
    STRATOM             shift, and go to state 26
    TAGATOM             shift, and go to state 27
    FLTCONST            shift, and go to state 28
    '-'                 shift, and go to state 29
    '*'                 shift, and go to state 30
    '('                 shift, and go to state 31
    '{'                 shift, and go to state 404
    '~'                 shift, and go to state 32
    '!'                 shift, and go to state 33
    rwPRINT             shift, and go to state 34
    rwPRINTF            shift, and go to state 35
    rwSPRINTF           shift, and go to state 36
    rwRANDOMF           shift, and go to state 37
    rwFLOOR             shift, and go to state 38
    rwCEIL              shift, and go to state 39
    rwFABS              shift, and go to state 40
    rwSIN               shift, and go to state 41
    rwCOS               shift, and go to state 42
    rwATAN              shift, and go to state 43
    rwTANH              shift, and go to state 44
    rwSQRT              shift, and go to state 45
    rwISZERO            shift, and go to state 46
    rwFMOD              shift, and go to state 47
    rwMIN               shift, and go to state 48
    rwMAX               shift, and go to state 49
    rwATAN2             shift, and go to state 50
    rwPOW               shift, and go to state 51
    rwCLAMP             shift, and go to state 52
    rwCLAMPF            shift, and go to state 53
    rwLERP              shift, and go to state 54
    rwSMOOTHSTEP        shift, and go to state 55
    rwFN                shift, and go to state 56

    object_decl          go to state 63
    expr                 go to state 405
    slot_acc             go to state 71
    intslot_acc          go to state 72
    stmt_expr            go to state 90
    funcall_expr         go to state 74
    assert_expr          go to state 75
    inline_command_expr  go to state 76


State 356

  171 stmt_expr: slot_acc '=' '{' expr_list • '}'
  209 expr_list: expr_list • ',' expr

    ','  shift, and go to state 294
    '}'  shift, and go to state 406


State 357

  172 stmt_expr: slot_acc '=' '[' expr_list • ']'
  209 expr_list: expr_list • ',' expr

    ','  shift, and go to state 294
    ']'  shift, and go to state 407


State 358

   30 fn_decl_stmt: rwDEFINE IDENT '(' func_var_list_decl ')' • '{' statement_list '}'

    '{'  shift, and go to state 408


State 359

   31 fn_decl_stmt: rwDEFINE IDENT opCOLONCOLON IDENT '(' • func_var_list_decl ')' '{' statement_list '}'

    VAR  shift, and go to state 250

    $default  reduce using rule 32 (func_var_list_decl)

    func_var_list_decl  go to state 409
    func_var_list       go to state 252
    param               go to state 253


State 360

   47 object_decl: rwDECLARE class_name_expr '(' '[' object_name • ']' parent_block object_args ')' '{' object_declare_block '}'
   48            | rwDECLARE class_name_expr '(' '[' object_name • ']' parent_block object_args ')'

    ']'  shift, and go to state 410


State 361

   52 parent_block: ':' • IDENT

    IDENT  shift, and go to state 411


State 362

   45 object_decl: rwDECLARE class_name_expr '(' object_name parent_block • object_args ')' '{' object_declare_block '}'
   46            | rwDECLARE class_name_expr '(' object_name parent_block • object_args ')'

    ','  shift, and go to state 412

    $default  reduce using rule 55 (object_args)

    object_args  go to state 413


State 363

   49 object_decl: rwDECLARESINGLETON class_name_expr '(' object_name parent_block • object_args ')' '{' object_declare_block '}'
   50            | rwDECLARESINGLETON class_name_expr '(' object_name parent_block • object_args ')'

    ','  shift, and go to state 412

    $default  reduce using rule 55 (object_args)

    object_args  go to state 414


State 364

   72 if_stmt: rwIF '(' expr ')' stmt_block •
   73        | rwIF '(' expr ')' stmt_block • rwELSE stmt_block

    rwELSE  shift, and go to state 415

    rwELSE    [reduce using rule 72 (if_stmt)]
    $default  reduce using rule 72 (if_stmt)


State 365

   99 expr: expr • '^' expr
  100     | expr • '%' expr
  101     | expr • '&' expr
  102     | expr • '|' expr
  103     | expr • '+' expr
  104     | expr • '-' expr
  105     | expr • '*' expr
  106     | expr • '/' expr
  110     | expr • '?' expr ':' expr
  111     | expr • '?' '{' expr_list '}' ':' '{' expr_list '}'
  112     | expr • '?' expr ':' '{' expr_list '}'
  113     | expr • '?' '{' expr_list '}' ':' expr
  114     | expr • '<' expr
  115     | expr • '>' expr
  116     | expr • opGE expr
  117     | expr • opLE expr
  118     | expr • opEQ expr
  119     | expr • opNE expr
  120     | expr • opOR expr
  121     | expr • opSHL expr
  122     | expr • opSHR expr
  123     | expr • opAND expr
  124     | expr • opSTREQ expr
  125     | expr • opSTRNE expr
  126     | expr • '@' expr
  140 slot_acc: expr • '.' IDENT
  141         | expr • '.' IDENT '[' aidx_expr ']'
  142 intslot_acc: expr • opINTNAME class_name_expr
  143            | expr • opINTNAMER class_name_expr
  175 funcall_expr: expr • '.' IDENT '(' func_arg_list_decl ')'
  209 expr_list: expr_list ',' expr •

    '+'         shift, and go to state 154
    '-'         shift, and go to state 155
    '*'         shift, and go to state 156
    '/'         shift, and go to state 157
    '<'         shift, and go to state 158
    '>'         shift, and go to state 159
    '.'         shift, and go to state 160
    '|'         shift, and go to state 161
    '&'         shift, and go to state 162
    '%'         shift, and go to state 163
    '^'         shift, and go to state 164
    '@'         shift, and go to state 165
    opINTNAME   shift, and go to state 166
    opINTNAMER  shift, and go to state 167
    opSHL       shift, and go to state 168
    opSHR       shift, and go to state 169
    opEQ        shift, and go to state 170
    opNE        shift, and go to state 171
    opGE        shift, and go to state 172
    opLE        shift, and go to state 173
    opAND       shift, and go to state 174
    opOR        shift, and go to state 175
    opSTREQ     shift, and go to state 176
    opSTRNE     shift, and go to state 177
    '?'         shift, and go to state 178

    $default  reduce using rule 209 (expr_list)


State 366

   22 stmt: rwRETURN '{' expr_list '}' ';' •

    $default  reduce using rule 22 (stmt)


State 367

   74 while_stmt: rwWHILE '(' expr ')' stmt_block •

    $default  reduce using rule 74 (while_stmt)


State 368

   75 while_stmt: rwDO stmt_block rwWHILE '(' expr • ')'
   99 expr: expr • '^' expr
  100     | expr • '%' expr
  101     | expr • '&' expr
  102     | expr • '|' expr
  103     | expr • '+' expr
  104     | expr • '-' expr
  105     | expr • '*' expr
  106     | expr • '/' expr
  110     | expr • '?' expr ':' expr
  111     | expr • '?' '{' expr_list '}' ':' '{' expr_list '}'
  112     | expr • '?' expr ':' '{' expr_list '}'
  113     | expr • '?' '{' expr_list '}' ':' expr
  114     | expr • '<' expr
  115     | expr • '>' expr
  116     | expr • opGE expr
  117     | expr • opLE expr
  118     | expr • opEQ expr
  119     | expr • opNE expr
  120     | expr • opOR expr
  121     | expr • opSHL expr
  122     | expr • opSHR expr
  123     | expr • opAND expr
  124     | expr • opSTREQ expr
  125     | expr • opSTRNE expr
  126     | expr • '@' expr
  140 slot_acc: expr • '.' IDENT
  141         | expr • '.' IDENT '[' aidx_expr ']'
  142 intslot_acc: expr • opINTNAME class_name_expr
  143            | expr • opINTNAMER class_name_expr
  175 funcall_expr: expr • '.' IDENT '(' func_arg_list_decl ')'

    '+'         shift, and go to state 154
    '-'         shift, and go to state 155
    '*'         shift, and go to state 156
    '/'         shift, and go to state 157
    '<'         shift, and go to state 158
    '>'         shift, and go to state 159
    '.'         shift, and go to state 160
    '|'         shift, and go to state 161
    '&'         shift, and go to state 162
    '%'         shift, and go to state 163
    ')'         shift, and go to state 416
    '^'         shift, and go to state 164
    '@'         shift, and go to state 165
    opINTNAME   shift, and go to state 166
    opINTNAMER  shift, and go to state 167
    opSHL       shift, and go to state 168
    opSHR       shift, and go to state 169
    opEQ        shift, and go to state 170
    opNE        shift, and go to state 171
    opGE        shift, and go to state 172
    opLE        shift, and go to state 173
    opAND       shift, and go to state 174
    opOR        shift, and go to state 175
    opSTREQ     shift, and go to state 176
    opSTRNE     shift, and go to state 177
    '?'         shift, and go to state 178


State 369

   85 for_stmt: rwFOR '(' VAR rwIN rwRANGE • expr opDOTDOT expr ')' stmt_block
   87         | rwFOR '(' VAR rwIN rwRANGE • expr opDOTDOT expr rwSTEP expr ')' stmt_block
   88         | rwFOR '(' VAR rwIN rwRANGE • expr ')' stmt_block

    rwDECLARE           shift, and go to state 5
    rwDECLARESINGLETON  shift, and go to state 6
    rwBREAK             shift, and go to state 85
    rwASSERT            shift, and go to state 20
    INTCONST            shift, and go to state 21
    TTAG                shift, and go to state 86
    VAR                 shift, and go to state 23
    IDENT               shift, and go to state 24
    STRATOM             shift, and go to state 26
    TAGATOM             shift, and go to state 27
    FLTCONST            shift, and go to state 28
    '-'                 shift, and go to state 29
    '*'                 shift, and go to state 30
    '('                 shift, and go to state 31
    '~'                 shift, and go to state 32
    '!'                 shift, and go to state 33
    rwPRINT             shift, and go to state 34
    rwPRINTF            shift, and go to state 35
    rwSPRINTF           shift, and go to state 36
    rwRANDOMF           shift, and go to state 37
    rwFLOOR             shift, and go to state 38
    rwCEIL              shift, and go to state 39
    rwFABS              shift, and go to state 40
    rwSIN               shift, and go to state 41
    rwCOS               shift, and go to state 42
    rwATAN              shift, and go to state 43
    rwTANH              shift, and go to state 44
    rwSQRT              shift, and go to state 45
    rwISZERO            shift, and go to state 46
    rwFMOD              shift, and go to state 47
    rwMIN               shift, and go to state 48
    rwMAX               shift, and go to state 49
    rwATAN2             shift, and go to state 50
    rwPOW               shift, and go to state 51
    rwCLAMP             shift, and go to state 52
    rwCLAMPF            shift, and go to state 53
    rwLERP              shift, and go to state 54
    rwSMOOTHSTEP        shift, and go to state 55
    rwFN                shift, and go to state 56

    object_decl          go to state 63
    expr                 go to state 417
    slot_acc             go to state 71
    intslot_acc          go to state 72
    stmt_expr            go to state 90
    funcall_expr         go to state 74
    assert_expr          go to state 75
    inline_command_expr  go to state 76


State 370

   84 for_stmt: rwFOR '(' VAR rwIN expr • opDOTDOT expr ')' stmt_block
   86         | rwFOR '(' VAR rwIN expr • opDOTDOT expr rwSTEP expr ')' stmt_block
   99 expr: expr • '^' expr
  100     | expr • '%' expr
  101     | expr • '&' expr
  102     | expr • '|' expr
  103     | expr • '+' expr
  104     | expr • '-' expr
  105     | expr • '*' expr
  106     | expr • '/' expr
  110     | expr • '?' expr ':' expr
  111     | expr • '?' '{' expr_list '}' ':' '{' expr_list '}'
  112     | expr • '?' expr ':' '{' expr_list '}'
  113     | expr • '?' '{' expr_list '}' ':' expr
  114     | expr • '<' expr
  115     | expr • '>' expr
  116     | expr • opGE expr
  117     | expr • opLE expr
  118     | expr • opEQ expr
  119     | expr • opNE expr
  120     | expr • opOR expr
  121     | expr • opSHL expr
  122     | expr • opSHR expr
  123     | expr • opAND expr
  124     | expr • opSTREQ expr
  125     | expr • opSTRNE expr
  126     | expr • '@' expr
  140 slot_acc: expr • '.' IDENT
  141         | expr • '.' IDENT '[' aidx_expr ']'
  142 intslot_acc: expr • opINTNAME class_name_expr
  143            | expr • opINTNAMER class_name_expr
  175 funcall_expr: expr • '.' IDENT '(' func_arg_list_decl ')'

    '+'         shift, and go to state 154
    '-'         shift, and go to state 155
    '*'         shift, and go to state 156
    '/'         shift, and go to state 157
    '<'         shift, and go to state 158
    '>'         shift, and go to state 159
    '.'         shift, and go to state 160
    '|'         shift, and go to state 161
    '&'         shift, and go to state 162
    '%'         shift, and go to state 163
    '^'         shift, and go to state 164
    '@'         shift, and go to state 165
    opINTNAME   shift, and go to state 166
    opINTNAMER  shift, and go to state 167
    opSHL       shift, and go to state 168
    opSHR       shift, and go to state 169
    opEQ        shift, and go to state 170
    opNE        shift, and go to state 171
    opGE        shift, and go to state 172
    opLE        shift, and go to state 173
    opAND       shift, and go to state 174
    opOR        shift, and go to state 175
    opSTREQ     shift, and go to state 176
    opSTRNE     shift, and go to state 177
    opDOTDOT    shift, and go to state 418
    '?'         shift, and go to state 178


State 371

   83 for_stmt: rwFOR '(' ';' ';' ')' • stmt_block

    rwDECLARE           shift, and go to state 5
    rwDECLARESINGLETON  shift, and go to state 6
    rwBREAK             shift, and go to state 7
    rwCONTINUE          shift, and go to state 8
    rwIF                shift, and go to state 9
    rwRETURN            shift, and go to state 10
    rwWHILE             shift, and go to state 11
    rwDO                shift, and go to state 12
    rwFOR               shift, and go to state 13
    rwFOREACH           shift, and go to state 14
    rwFOREACHSTR        shift, and go to state 15
    rwDATABLOCK         shift, and go to state 16
    rwSWITCH            shift, and go to state 17
    rwSWITCHSTR         shift, and go to state 18
    rwASSERT            shift, and go to state 20
    INTCONST            shift, and go to state 21
    TTAG                shift, and go to state 22
    VAR                 shift, and go to state 23
    IDENT               shift, and go to state 24
    DOCBLOCK            shift, and go to state 25
    STRATOM             shift, and go to state 26
    TAGATOM             shift, and go to state 27
    FLTCONST            shift, and go to state 28
    '-'                 shift, and go to state 29
    '*'                 shift, and go to state 30
    '('                 shift, and go to state 31
    '{'                 shift, and go to state 92
    '~'                 shift, and go to state 32
    '!'                 shift, and go to state 33
    rwPRINT             shift, and go to state 34
    rwPRINTF            shift, and go to state 35
    rwSPRINTF           shift, and go to state 36
    rwRANDOMF           shift, and go to state 37
    rwFLOOR             shift, and go to state 38
    rwCEIL              shift, and go to state 39
    rwFABS              shift, and go to state 40
    rwSIN               shift, and go to state 41
    rwCOS               shift, and go to state 42
    rwATAN              shift, and go to state 43
    rwTANH              shift, and go to state 44
    rwSQRT              shift, and go to state 45
    rwISZERO            shift, and go to state 46
    rwFMOD              shift, and go to state 47
    rwMIN               shift, and go to state 48
    rwMAX               shift, and go to state 49
    rwATAN2             shift, and go to state 50
    rwPOW               shift, and go to state 51
    rwCLAMP             shift, and go to state 52
    rwCLAMPF            shift, and go to state 53
    rwLERP              shift, and go to state 54
    rwSMOOTHSTEP        shift, and go to state 55
    rwFN                shift, and go to state 56
    '['                 shift, and go to state 57

    stmt                 go to state 93
    datablock_decl       go to state 62
    object_decl          go to state 63
    stmt_block           go to state 419
    switch_stmt          go to state 64
    if_stmt              go to state 65
    while_stmt           go to state 66
    for_stmt             go to state 67
    foreach_stmt         go to state 68
    expression_stmt      go to state 69
    expr                 go to state 70
    slot_acc             go to state 71
    intslot_acc          go to state 72
    stmt_expr            go to state 73
    funcall_expr         go to state 74
    assert_expr          go to state 75
    inline_command_expr  go to state 76


State 372

   82 for_stmt: rwFOR '(' ';' ';' expr • ')' stmt_block
   99 expr: expr • '^' expr
  100     | expr • '%' expr
  101     | expr • '&' expr
  102     | expr • '|' expr
  103     | expr • '+' expr
  104     | expr • '-' expr
  105     | expr • '*' expr
  106     | expr • '/' expr
  110     | expr • '?' expr ':' expr
  111     | expr • '?' '{' expr_list '}' ':' '{' expr_list '}'
  112     | expr • '?' expr ':' '{' expr_list '}'
  113     | expr • '?' '{' expr_list '}' ':' expr
  114     | expr • '<' expr
  115     | expr • '>' expr
  116     | expr • opGE expr
  117     | expr • opLE expr
  118     | expr • opEQ expr
  119     | expr • opNE expr
  120     | expr • opOR expr
  121     | expr • opSHL expr
  122     | expr • opSHR expr
  123     | expr • opAND expr
  124     | expr • opSTREQ expr
  125     | expr • opSTRNE expr
  126     | expr • '@' expr
  140 slot_acc: expr • '.' IDENT
  141         | expr • '.' IDENT '[' aidx_expr ']'
  142 intslot_acc: expr • opINTNAME class_name_expr
  143            | expr • opINTNAMER class_name_expr
  175 funcall_expr: expr • '.' IDENT '(' func_arg_list_decl ')'

    '+'         shift, and go to state 154
    '-'         shift, and go to state 155
    '*'         shift, and go to state 156
    '/'         shift, and go to state 157
    '<'         shift, and go to state 158
    '>'         shift, and go to state 159
    '.'         shift, and go to state 160
    '|'         shift, and go to state 161
    '&'         shift, and go to state 162
    '%'         shift, and go to state 163
    ')'         shift, and go to state 420
    '^'         shift, and go to state 164
    '@'         shift, and go to state 165
    opINTNAME   shift, and go to state 166
    opINTNAMER  shift, and go to state 167
    opSHL       shift, and go to state 168
    opSHR       shift, and go to state 169
    opEQ        shift, and go to state 170
    opNE        shift, and go to state 171
    opGE        shift, and go to state 172
    opLE        shift, and go to state 173
    opAND       shift, and go to state 174
    opOR        shift, and go to state 175
    opSTREQ     shift, and go to state 176
    opSTRNE     shift, and go to state 177
    '?'         shift, and go to state 178


State 373

   80 for_stmt: rwFOR '(' ';' expr ';' • expr ')' stmt_block
   81         | rwFOR '(' ';' expr ';' • ')' stmt_block

    rwDECLARE           shift, and go to state 5
    rwDECLARESINGLETON  shift, and go to state 6
    rwBREAK             shift, and go to state 85
    rwASSERT            shift, and go to state 20
    INTCONST            shift, and go to state 21
    TTAG                shift, and go to state 86
    VAR                 shift, and go to state 23
    IDENT               shift, and go to state 24
    STRATOM             shift, and go to state 26
    TAGATOM             shift, and go to state 27
    FLTCONST            shift, and go to state 28
    '-'                 shift, and go to state 29
    '*'                 shift, and go to state 30
    '('                 shift, and go to state 31
    ')'                 shift, and go to state 421
    '~'                 shift, and go to state 32
    '!'                 shift, and go to state 33
    rwPRINT             shift, and go to state 34
    rwPRINTF            shift, and go to state 35
    rwSPRINTF           shift, and go to state 36
    rwRANDOMF           shift, and go to state 37
    rwFLOOR             shift, and go to state 38
    rwCEIL              shift, and go to state 39
    rwFABS              shift, and go to state 40
    rwSIN               shift, and go to state 41
    rwCOS               shift, and go to state 42
    rwATAN              shift, and go to state 43
    rwTANH              shift, and go to state 44
    rwSQRT              shift, and go to state 45
    rwISZERO            shift, and go to state 46
    rwFMOD              shift, and go to state 47
    rwMIN               shift, and go to state 48
    rwMAX               shift, and go to state 49
    rwATAN2             shift, and go to state 50
    rwPOW               shift, and go to state 51
    rwCLAMP             shift, and go to state 52
    rwCLAMPF            shift, and go to state 53
    rwLERP              shift, and go to state 54
    rwSMOOTHSTEP        shift, and go to state 55
    rwFN                shift, and go to state 56

    object_decl          go to state 63
    expr                 go to state 422
    slot_acc             go to state 71
    intslot_acc          go to state 72
    stmt_expr            go to state 90
    funcall_expr         go to state 74
    assert_expr          go to state 75
    inline_command_expr  go to state 76


State 374

   78 for_stmt: rwFOR '(' expr ';' ';' • expr ')' stmt_block
   79         | rwFOR '(' expr ';' ';' • ')' stmt_block

    rwDECLARE           shift, and go to state 5
    rwDECLARESINGLETON  shift, and go to state 6
    rwBREAK             shift, and go to state 85
    rwASSERT            shift, and go to state 20
    INTCONST            shift, and go to state 21
    TTAG                shift, and go to state 86
    VAR                 shift, and go to state 23
    IDENT               shift, and go to state 24
    STRATOM             shift, and go to state 26
    TAGATOM             shift, and go to state 27
    FLTCONST            shift, and go to state 28
    '-'                 shift, and go to state 29
    '*'                 shift, and go to state 30
    '('                 shift, and go to state 31
    ')'                 shift, and go to state 423
    '~'                 shift, and go to state 32
    '!'                 shift, and go to state 33
    rwPRINT             shift, and go to state 34
    rwPRINTF            shift, and go to state 35
    rwSPRINTF           shift, and go to state 36
    rwRANDOMF           shift, and go to state 37
    rwFLOOR             shift, and go to state 38
    rwCEIL              shift, and go to state 39
    rwFABS              shift, and go to state 40
    rwSIN               shift, and go to state 41
    rwCOS               shift, and go to state 42
    rwATAN              shift, and go to state 43
    rwTANH              shift, and go to state 44
    rwSQRT              shift, and go to state 45
    rwISZERO            shift, and go to state 46
    rwFMOD              shift, and go to state 47
    rwMIN               shift, and go to state 48
    rwMAX               shift, and go to state 49
    rwATAN2             shift, and go to state 50
    rwPOW               shift, and go to state 51
    rwCLAMP             shift, and go to state 52
    rwCLAMPF            shift, and go to state 53
    rwLERP              shift, and go to state 54
    rwSMOOTHSTEP        shift, and go to state 55
    rwFN                shift, and go to state 56

    object_decl          go to state 63
    expr                 go to state 424
    slot_acc             go to state 71
    intslot_acc          go to state 72
    stmt_expr            go to state 90
    funcall_expr         go to state 74
    assert_expr          go to state 75
    inline_command_expr  go to state 76


State 375

   76 for_stmt: rwFOR '(' expr ';' expr • ';' expr ')' stmt_block
   77         | rwFOR '(' expr ';' expr • ';' ')' stmt_block
   99 expr: expr • '^' expr
  100     | expr • '%' expr
  101     | expr • '&' expr
  102     | expr • '|' expr
  103     | expr • '+' expr
  104     | expr • '-' expr
  105     | expr • '*' expr
  106     | expr • '/' expr
  110     | expr • '?' expr ':' expr
  111     | expr • '?' '{' expr_list '}' ':' '{' expr_list '}'
  112     | expr • '?' expr ':' '{' expr_list '}'
  113     | expr • '?' '{' expr_list '}' ':' expr
  114     | expr • '<' expr
  115     | expr • '>' expr
  116     | expr • opGE expr
  117     | expr • opLE expr
  118     | expr • opEQ expr
  119     | expr • opNE expr
  120     | expr • opOR expr
  121     | expr • opSHL expr
  122     | expr • opSHR expr
  123     | expr • opAND expr
  124     | expr • opSTREQ expr
  125     | expr • opSTRNE expr
  126     | expr • '@' expr
  140 slot_acc: expr • '.' IDENT
  141         | expr • '.' IDENT '[' aidx_expr ']'
  142 intslot_acc: expr • opINTNAME class_name_expr
  143            | expr • opINTNAMER class_name_expr
  175 funcall_expr: expr • '.' IDENT '(' func_arg_list_decl ')'

    '+'         shift, and go to state 154
    '-'         shift, and go to state 155
    '*'         shift, and go to state 156
    '/'         shift, and go to state 157
    '<'         shift, and go to state 158
    '>'         shift, and go to state 159
    '.'         shift, and go to state 160
    '|'         shift, and go to state 161
    '&'         shift, and go to state 162
    '%'         shift, and go to state 163
    ';'         shift, and go to state 425
    '^'         shift, and go to state 164
    '@'         shift, and go to state 165
    opINTNAME   shift, and go to state 166
    opINTNAMER  shift, and go to state 167
    opSHL       shift, and go to state 168
    opSHR       shift, and go to state 169
    opEQ        shift, and go to state 170
    opNE        shift, and go to state 171
    opGE        shift, and go to state 172
    opLE        shift, and go to state 173
    opAND       shift, and go to state 174
    opOR        shift, and go to state 175
    opSTREQ     shift, and go to state 176
    opSTRNE     shift, and go to state 177
    '?'         shift, and go to state 178


State 376

   92 foreach_stmt: rwFOREACH '(' VAR rwIN rwRANGE • expr opDOTDOT expr ')' stmt_block
   94             | rwFOREACH '(' VAR rwIN rwRANGE • expr opDOTDOT expr rwSTEP expr ')' stmt_block
   95             | rwFOREACH '(' VAR rwIN rwRANGE • expr ')' stmt_block

    rwDECLARE           shift, and go to state 5
    rwDECLARESINGLETON  shift, and go to state 6
    rwBREAK             shift, and go to state 85
    rwASSERT            shift, and go to state 20
    INTCONST            shift, and go to state 21
    TTAG                shift, and go to state 86
    VAR                 shift, and go to state 23
    IDENT               shift, and go to state 24
    STRATOM             shift, and go to state 26
    TAGATOM             shift, and go to state 27
    FLTCONST            shift, and go to state 28
    '-'                 shift, and go to state 29
    '*'                 shift, and go to state 30
    '('                 shift, and go to state 31
    '~'                 shift, and go to state 32
    '!'                 shift, and go to state 33
    rwPRINT             shift, and go to state 34
    rwPRINTF            shift, and go to state 35
    rwSPRINTF           shift, and go to state 36
    rwRANDOMF           shift, and go to state 37
    rwFLOOR             shift, and go to state 38
    rwCEIL              shift, and go to state 39
    rwFABS              shift, and go to state 40
    rwSIN               shift, and go to state 41
    rwCOS               shift, and go to state 42
    rwATAN              shift, and go to state 43
    rwTANH              shift, and go to state 44
    rwSQRT              shift, and go to state 45
    rwISZERO            shift, and go to state 46
    rwFMOD              shift, and go to state 47
    rwMIN               shift, and go to state 48
    rwMAX               shift, and go to state 49
    rwATAN2             shift, and go to state 50
    rwPOW               shift, and go to state 51
    rwCLAMP             shift, and go to state 52
    rwCLAMPF            shift, and go to state 53
    rwLERP              shift, and go to state 54
    rwSMOOTHSTEP        shift, and go to state 55
    rwFN                shift, and go to state 56

    object_decl          go to state 63
    expr                 go to state 426
    slot_acc             go to state 71
    intslot_acc          go to state 72
    stmt_expr            go to state 90
    funcall_expr         go to state 74
    assert_expr          go to state 75
    inline_command_expr  go to state 76


State 377

   89 foreach_stmt: rwFOREACH '(' VAR rwIN expr • ')' stmt_block
   91             | rwFOREACH '(' VAR rwIN expr • opDOTDOT expr ')' stmt_block
   93             | rwFOREACH '(' VAR rwIN expr • opDOTDOT expr rwSTEP expr ')' stmt_block
   99 expr: expr • '^' expr
  100     | expr • '%' expr
  101     | expr • '&' expr
  102     | expr • '|' expr
  103     | expr • '+' expr
  104     | expr • '-' expr
  105     | expr • '*' expr
  106     | expr • '/' expr
  110     | expr • '?' expr ':' expr
  111     | expr • '?' '{' expr_list '}' ':' '{' expr_list '}'
  112     | expr • '?' expr ':' '{' expr_list '}'
  113     | expr • '?' '{' expr_list '}' ':' expr
  114     | expr • '<' expr
  115     | expr • '>' expr
  116     | expr • opGE expr
  117     | expr • opLE expr
  118     | expr • opEQ expr
  119     | expr • opNE expr
  120     | expr • opOR expr
  121     | expr • opSHL expr
  122     | expr • opSHR expr
  123     | expr • opAND expr
  124     | expr • opSTREQ expr
  125     | expr • opSTRNE expr
  126     | expr • '@' expr
  140 slot_acc: expr • '.' IDENT
  141         | expr • '.' IDENT '[' aidx_expr ']'
  142 intslot_acc: expr • opINTNAME class_name_expr
  143            | expr • opINTNAMER class_name_expr
  175 funcall_expr: expr • '.' IDENT '(' func_arg_list_decl ')'

    '+'         shift, and go to state 154
    '-'         shift, and go to state 155
    '*'         shift, and go to state 156
    '/'         shift, and go to state 157
    '<'         shift, and go to state 158
    '>'         shift, and go to state 159
    '.'         shift, and go to state 160
    '|'         shift, and go to state 161
    '&'         shift, and go to state 162
    '%'         shift, and go to state 163
    ')'         shift, and go to state 427
    '^'         shift, and go to state 164
    '@'         shift, and go to state 165
    opINTNAME   shift, and go to state 166
    opINTNAMER  shift, and go to state 167
    opSHL       shift, and go to state 168
    opSHR       shift, and go to state 169
    opEQ        shift, and go to state 170
    opNE        shift, and go to state 171
    opGE        shift, and go to state 172
    opLE        shift, and go to state 173
    opAND       shift, and go to state 174
    opOR        shift, and go to state 175
    opSTREQ     shift, and go to state 176
    opSTRNE     shift, and go to state 177
    opDOTDOT    shift, and go to state 428
    '?'         shift, and go to state 178


State 378

   90 foreach_stmt: rwFOREACHSTR '(' VAR rwIN expr • ')' stmt_block
   99 expr: expr • '^' expr
  100     | expr • '%' expr
  101     | expr • '&' expr
  102     | expr • '|' expr
  103     | expr • '+' expr
  104     | expr • '-' expr
  105     | expr • '*' expr
  106     | expr • '/' expr
  110     | expr • '?' expr ':' expr
  111     | expr • '?' '{' expr_list '}' ':' '{' expr_list '}'
  112     | expr • '?' expr ':' '{' expr_list '}'
  113     | expr • '?' '{' expr_list '}' ':' expr
  114     | expr • '<' expr
  115     | expr • '>' expr
  116     | expr • opGE expr
  117     | expr • opLE expr
  118     | expr • opEQ expr
  119     | expr • opNE expr
  120     | expr • opOR expr
  121     | expr • opSHL expr
  122     | expr • opSHR expr
  123     | expr • opAND expr
  124     | expr • opSTREQ expr
  125     | expr • opSTRNE expr
  126     | expr • '@' expr
  140 slot_acc: expr • '.' IDENT
  141         | expr • '.' IDENT '[' aidx_expr ']'
  142 intslot_acc: expr • opINTNAME class_name_expr
  143            | expr • opINTNAMER class_name_expr
  175 funcall_expr: expr • '.' IDENT '(' func_arg_list_decl ')'

    '+'         shift, and go to state 154
    '-'         shift, and go to state 155
    '*'         shift, and go to state 156
    '/'         shift, and go to state 157
    '<'         shift, and go to state 158
    '>'         shift, and go to state 159
    '.'         shift, and go to state 160
    '|'         shift, and go to state 161
    '&'         shift, and go to state 162
    '%'         shift, and go to state 163
    ')'         shift, and go to state 429
    '^'         shift, and go to state 164
    '@'         shift, and go to state 165
    opINTNAME   shift, and go to state 166
    opINTNAMER  shift, and go to state 167
    opSHL       shift, and go to state 168
    opSHR       shift, and go to state 169
    opEQ        shift, and go to state 170
    opNE        shift, and go to state 171
    opGE        shift, and go to state 172
    opLE        shift, and go to state 173
    opAND       shift, and go to state 174
    opOR        shift, and go to state 175
    opSTREQ     shift, and go to state 176
    opSTRNE     shift, and go to state 177
    '?'         shift, and go to state 178


State 379

   44 datablock_decl: rwDATABLOCK class_name_expr '(' expr parent_block • ')' '{' slot_assign_list_opt '}' ';'

    ')'  shift, and go to state 430


State 380

   65 switch_stmt: rwSWITCH '(' expr ')' '{' • case_block '}'

    rwCASE  shift, and go to state 431

    case_block  go to state 432


State 381

   66 switch_stmt: rwSWITCHSTR '(' expr ')' '{' • case_block '}'

    rwCASE  shift, and go to state 431

    case_block  go to state 433


State 382

    7 package_decl: rwPACKAGE IDENT '{' fn_decl_list '}' • ';'

    ';'  shift, and go to state 434


State 383

    9 fn_decl_list: fn_decl_list fn_decl_stmt •

    $default  reduce using rule 9 (fn_decl_list)


State 384

  184 assert_expr: rwASSERT '(' expr ',' STRATOM • ')'

    ')'  shift, and go to state 435


State 385

   25 stmt: TTAG '=' expr ',' expr • ';'
   99 expr: expr • '^' expr
  100     | expr • '%' expr
  101     | expr • '&' expr
  102     | expr • '|' expr
  103     | expr • '+' expr
  104     | expr • '-' expr
  105     | expr • '*' expr
  106     | expr • '/' expr
  110     | expr • '?' expr ':' expr
  111     | expr • '?' '{' expr_list '}' ':' '{' expr_list '}'
  112     | expr • '?' expr ':' '{' expr_list '}'
  113     | expr • '?' '{' expr_list '}' ':' expr
  114     | expr • '<' expr
  115     | expr • '>' expr
  116     | expr • opGE expr
  117     | expr • opLE expr
  118     | expr • opEQ expr
  119     | expr • opNE expr
  120     | expr • opOR expr
  121     | expr • opSHL expr
  122     | expr • opSHR expr
  123     | expr • opAND expr
  124     | expr • opSTREQ expr
  125     | expr • opSTRNE expr
  126     | expr • '@' expr
  140 slot_acc: expr • '.' IDENT
  141         | expr • '.' IDENT '[' aidx_expr ']'
  142 intslot_acc: expr • opINTNAME class_name_expr
  143            | expr • opINTNAMER class_name_expr
  175 funcall_expr: expr • '.' IDENT '(' func_arg_list_decl ')'

    '+'         shift, and go to state 154
    '-'         shift, and go to state 155
    '*'         shift, and go to state 156
    '/'         shift, and go to state 157
    '<'         shift, and go to state 158
    '>'         shift, and go to state 159
    '.'         shift, and go to state 160
    '|'         shift, and go to state 161
    '&'         shift, and go to state 162
    '%'         shift, and go to state 163
    ';'         shift, and go to state 436
    '^'         shift, and go to state 164
    '@'         shift, and go to state 165
    opINTNAME   shift, and go to state 166
    opINTNAMER  shift, and go to state 167
    opSHL       shift, and go to state 168
    opSHR       shift, and go to state 169
    opEQ        shift, and go to state 170
    opNE        shift, and go to state 171
    opGE        shift, and go to state 172
    opLE        shift, and go to state 173
    opAND       shift, and go to state 174
    opOR        shift, and go to state 175
    opSTREQ     shift, and go to state 176
    opSTRNE     shift, and go to state 177
    '?'         shift, and go to state 178


State 386

  163 stmt_expr: VAR '=' '{' expr_list '}' •

    $default  reduce using rule 163 (stmt_expr)


State 387

  164 stmt_expr: VAR '=' '[' expr_list ']' •

    $default  reduce using rule 164 (stmt_expr)


State 388

  178 func_arg_item: '{' expr_list '}' •

    $default  reduce using rule 178 (func_arg_item)


State 389

  180 func_arg_list: func_arg_list ',' func_arg_item •

    $default  reduce using rule 180 (func_arg_list)


State 390

   99 expr: expr • '^' expr
  100     | expr • '%' expr
  101     | expr • '&' expr
  102     | expr • '|' expr
  103     | expr • '+' expr
  104     | expr • '-' expr
  105     | expr • '*' expr
  106     | expr • '/' expr
  110     | expr • '?' expr ':' expr
  111     | expr • '?' '{' expr_list '}' ':' '{' expr_list '}'
  112     | expr • '?' expr ':' '{' expr_list '}'
  113     | expr • '?' '{' expr_list '}' ':' expr
  114     | expr • '<' expr
  115     | expr • '>' expr
  116     | expr • opGE expr
  117     | expr • opLE expr
  118     | expr • opEQ expr
  119     | expr • opNE expr
  120     | expr • opOR expr
  121     | expr • opSHL expr
  122     | expr • opSHR expr
  123     | expr • opAND expr
  124     | expr • opSTREQ expr
  125     | expr • opSTRNE expr
  126     | expr • '@' expr
  140 slot_acc: expr • '.' IDENT
  141         | expr • '.' IDENT '[' aidx_expr ']'
  142 intslot_acc: expr • opINTNAME class_name_expr
  143            | expr • opINTNAMER class_name_expr
  175 funcall_expr: expr • '.' IDENT '(' func_arg_list_decl ')'
  224 aidx_expr: aidx_expr ',' expr •

    '+'         shift, and go to state 154
    '-'         shift, and go to state 155
    '*'         shift, and go to state 156
    '/'         shift, and go to state 157
    '<'         shift, and go to state 158
    '>'         shift, and go to state 159
    '.'         shift, and go to state 160
    '|'         shift, and go to state 161
    '&'         shift, and go to state 162
    '%'         shift, and go to state 163
    '^'         shift, and go to state 164
    '@'         shift, and go to state 165
    opINTNAME   shift, and go to state 166
    opINTNAMER  shift, and go to state 167
    opSHL       shift, and go to state 168
    opSHR       shift, and go to state 169
    opEQ        shift, and go to state 170
    opNE        shift, and go to state 171
    opGE        shift, and go to state 172
    opLE        shift, and go to state 173
    opAND       shift, and go to state 174
    opOR        shift, and go to state 175
    opSTREQ     shift, and go to state 176
    opSTRNE     shift, and go to state 177
    '?'         shift, and go to state 178

    $default  reduce using rule 224 (aidx_expr)


State 391

  165 stmt_expr: VAR '[' aidx_expr ']' '=' • expr
  166          | VAR '[' aidx_expr ']' '=' • '{' expr_list '}'

    rwDECLARE           shift, and go to state 5
    rwDECLARESINGLETON  shift, and go to state 6
    rwBREAK             shift, and go to state 85
    rwASSERT            shift, and go to state 20
    INTCONST            shift, and go to state 21
    TTAG                shift, and go to state 86
    VAR                 shift, and go to state 23
    IDENT               shift, and go to state 24
    STRATOM             shift, and go to state 26
    TAGATOM             shift, and go to state 27
    FLTCONST            shift, and go to state 28
    '-'                 shift, and go to state 29
    '*'                 shift, and go to state 30
    '('                 shift, and go to state 31
    '{'                 shift, and go to state 437
    '~'                 shift, and go to state 32
    '!'                 shift, and go to state 33
    rwPRINT             shift, and go to state 34
    rwPRINTF            shift, and go to state 35
    rwSPRINTF           shift, and go to state 36
    rwRANDOMF           shift, and go to state 37
    rwFLOOR             shift, and go to state 38
    rwCEIL              shift, and go to state 39
    rwFABS              shift, and go to state 40
    rwSIN               shift, and go to state 41
    rwCOS               shift, and go to state 42
    rwATAN              shift, and go to state 43
    rwTANH              shift, and go to state 44
    rwSQRT              shift, and go to state 45
    rwISZERO            shift, and go to state 46
    rwFMOD              shift, and go to state 47
    rwMIN               shift, and go to state 48
    rwMAX               shift, and go to state 49
    rwATAN2             shift, and go to state 50
    rwPOW               shift, and go to state 51
    rwCLAMP             shift, and go to state 52
    rwCLAMPF            shift, and go to state 53
    rwLERP              shift, and go to state 54
    rwSMOOTHSTEP        shift, and go to state 55
    rwFN                shift, and go to state 56

    object_decl          go to state 63
    expr                 go to state 438
    slot_acc             go to state 71
    intslot_acc          go to state 72
    stmt_expr            go to state 90
    funcall_expr         go to state 74
    assert_expr          go to state 75
    inline_command_expr  go to state 76


State 392

  168 stmt_expr: VAR '[' aidx_expr ']' assign_op_struct •

    $default  reduce using rule 168 (stmt_expr)


State 393

  174 funcall_expr: IDENT opCOLONCOLON IDENT '(' func_arg_list_decl • ')'

    ')'  shift, and go to state 439


State 394

   38 param: VAR '=' expr •
   99 expr: expr • '^' expr
  100     | expr • '%' expr
  101     | expr • '&' expr
  102     | expr • '|' expr
  103     | expr • '+' expr
  104     | expr • '-' expr
  105     | expr • '*' expr
  106     | expr • '/' expr
  110     | expr • '?' expr ':' expr
  111     | expr • '?' '{' expr_list '}' ':' '{' expr_list '}'
  112     | expr • '?' expr ':' '{' expr_list '}'
  113     | expr • '?' '{' expr_list '}' ':' expr
  114     | expr • '<' expr
  115     | expr • '>' expr
  116     | expr • opGE expr
  117     | expr • opLE expr
  118     | expr • opEQ expr
  119     | expr • opNE expr
  120     | expr • opOR expr
  121     | expr • opSHL expr
  122     | expr • opSHR expr
  123     | expr • opAND expr
  124     | expr • opSTREQ expr
  125     | expr • opSTRNE expr
  126     | expr • '@' expr
  140 slot_acc: expr • '.' IDENT
  141         | expr • '.' IDENT '[' aidx_expr ']'
  142 intslot_acc: expr • opINTNAME class_name_expr
  143            | expr • opINTNAMER class_name_expr
  175 funcall_expr: expr • '.' IDENT '(' func_arg_list_decl ')'

    '+'         shift, and go to state 154
    '-'         shift, and go to state 155
    '*'         shift, and go to state 156
    '/'         shift, and go to state 157
    '<'         shift, and go to state 158
    '>'         shift, and go to state 159
    '.'         shift, and go to state 160
    '|'         shift, and go to state 161
    '&'         shift, and go to state 162
    '%'         shift, and go to state 163
    '^'         shift, and go to state 164
    '@'         shift, and go to state 165
    opINTNAME   shift, and go to state 166
    opINTNAMER  shift, and go to state 167
    opSHL       shift, and go to state 168
    opSHR       shift, and go to state 169
    opEQ        shift, and go to state 170
    opNE        shift, and go to state 171
    opGE        shift, and go to state 172
    opLE        shift, and go to state 173
    opAND       shift, and go to state 174
    opOR        shift, and go to state 175
    opSTREQ     shift, and go to state 176
    opSTRNE     shift, and go to state 177
    '?'         shift, and go to state 178

    $default  reduce using rule 38 (param)


State 395

   39 param: VAR '?' '=' • expr

    rwDECLARE           shift, and go to state 5
    rwDECLARESINGLETON  shift, and go to state 6
    rwBREAK             shift, and go to state 85
    rwASSERT            shift, and go to state 20
    INTCONST            shift, and go to state 21
    TTAG                shift, and go to state 86
    VAR                 shift, and go to state 23
    IDENT               shift, and go to state 24
    STRATOM             shift, and go to state 26
    TAGATOM             shift, and go to state 27
    FLTCONST            shift, and go to state 28
    '-'                 shift, and go to state 29
    '*'                 shift, and go to state 30
    '('                 shift, and go to state 31
    '~'                 shift, and go to state 32
    '!'                 shift, and go to state 33
    rwPRINT             shift, and go to state 34
    rwPRINTF            shift, and go to state 35
    rwSPRINTF           shift, and go to state 36
    rwRANDOMF           shift, and go to state 37
    rwFLOOR             shift, and go to state 38
    rwCEIL              shift, and go to state 39
    rwFABS              shift, and go to state 40
    rwSIN               shift, and go to state 41
    rwCOS               shift, and go to state 42
    rwATAN              shift, and go to state 43
    rwTANH              shift, and go to state 44
    rwSQRT              shift, and go to state 45
    rwISZERO            shift, and go to state 46
    rwFMOD              shift, and go to state 47
    rwMIN               shift, and go to state 48
    rwMAX               shift, and go to state 49
    rwATAN2             shift, and go to state 50
    rwPOW               shift, and go to state 51
    rwCLAMP             shift, and go to state 52
    rwCLAMPF            shift, and go to state 53
    rwLERP              shift, and go to state 54
    rwSMOOTHSTEP        shift, and go to state 55
    rwFN                shift, and go to state 56

    object_decl          go to state 63
    expr                 go to state 440
    slot_acc             go to state 71
    intslot_acc          go to state 72
    stmt_expr            go to state 90
    funcall_expr         go to state 74
    assert_expr          go to state 75
    inline_command_expr  go to state 76


State 396

  139 expr: rwFN '(' func_var_list_decl ')' '{' • statement_list '}'

    $default  reduce using rule 10 (statement_list)

    statement_list  go to state 441


State 397

   35 func_var_list: func_var_list ',' param •

    $default  reduce using rule 35 (func_var_list)


State 398

   28 stmt: '[' unpack_var_list ']' '=' '{' • expr_list '}' ';'

    rwDECLARE           shift, and go to state 5
    rwDECLARESINGLETON  shift, and go to state 6
    rwBREAK             shift, and go to state 85
    rwASSERT            shift, and go to state 20
    INTCONST            shift, and go to state 21
    TTAG                shift, and go to state 86
    VAR                 shift, and go to state 23
    IDENT               shift, and go to state 24
    STRATOM             shift, and go to state 26
    TAGATOM             shift, and go to state 27
    FLTCONST            shift, and go to state 28
    '-'                 shift, and go to state 29
    '*'                 shift, and go to state 30
    '('                 shift, and go to state 31
    '~'                 shift, and go to state 32
    '!'                 shift, and go to state 33
    rwPRINT             shift, and go to state 34
    rwPRINTF            shift, and go to state 35
    rwSPRINTF           shift, and go to state 36
    rwRANDOMF           shift, and go to state 37
    rwFLOOR             shift, and go to state 38
    rwCEIL              shift, and go to state 39
    rwFABS              shift, and go to state 40
    rwSIN               shift, and go to state 41
    rwCOS               shift, and go to state 42
    rwATAN              shift, and go to state 43
    rwTANH              shift, and go to state 44
    rwSQRT              shift, and go to state 45
    rwISZERO            shift, and go to state 46
    rwFMOD              shift, and go to state 47
    rwMIN               shift, and go to state 48
    rwMAX               shift, and go to state 49
    rwATAN2             shift, and go to state 50
    rwPOW               shift, and go to state 51
    rwCLAMP             shift, and go to state 52
    rwCLAMPF            shift, and go to state 53
    rwLERP              shift, and go to state 54
    rwSMOOTHSTEP        shift, and go to state 55
    rwFN                shift, and go to state 56

    object_decl          go to state 63
    expr                 go to state 187
    slot_acc             go to state 71
    intslot_acc          go to state 72
    stmt_expr            go to state 90
    funcall_expr         go to state 74
    assert_expr          go to state 75
    inline_command_expr  go to state 76
    expr_list            go to state 442


State 399

   29 stmt: '[' unpack_var_list ']' '=' '[' • expr_list ']' ';'

    rwDECLARE           shift, and go to state 5
    rwDECLARESINGLETON  shift, and go to state 6
    rwBREAK             shift, and go to state 85
    rwASSERT            shift, and go to state 20
    INTCONST            shift, and go to state 21
    TTAG                shift, and go to state 86
    VAR                 shift, and go to state 23
    IDENT               shift, and go to state 24
    STRATOM             shift, and go to state 26
    TAGATOM             shift, and go to state 27
    FLTCONST            shift, and go to state 28
    '-'                 shift, and go to state 29
    '*'                 shift, and go to state 30
    '('                 shift, and go to state 31
    '~'                 shift, and go to state 32
    '!'                 shift, and go to state 33
    rwPRINT             shift, and go to state 34
    rwPRINTF            shift, and go to state 35
    rwSPRINTF           shift, and go to state 36
    rwRANDOMF           shift, and go to state 37
    rwFLOOR             shift, and go to state 38
    rwCEIL              shift, and go to state 39
    rwFABS              shift, and go to state 40
    rwSIN               shift, and go to state 41
    rwCOS               shift, and go to state 42
    rwATAN              shift, and go to state 43
    rwTANH              shift, and go to state 44
    rwSQRT              shift, and go to state 45
    rwISZERO            shift, and go to state 46
    rwFMOD              shift, and go to state 47
    rwMIN               shift, and go to state 48
    rwMAX               shift, and go to state 49
    rwATAN2             shift, and go to state 50
    rwPOW               shift, and go to state 51
    rwCLAMP             shift, and go to state 52
    rwCLAMPF            shift, and go to state 53
    rwLERP              shift, and go to state 54
    rwSMOOTHSTEP        shift, and go to state 55
    rwFN                shift, and go to state 56

    object_decl          go to state 63
    expr                 go to state 187
    slot_acc             go to state 71
    intslot_acc          go to state 72
    stmt_expr            go to state 90
    funcall_expr         go to state 74
    assert_expr          go to state 75
    inline_command_expr  go to state 76
    expr_list            go to state 443


State 400

   27 stmt: '[' unpack_var_list ']' '=' expr • ';'
   99 expr: expr • '^' expr
  100     | expr • '%' expr
  101     | expr • '&' expr
  102     | expr • '|' expr
  103     | expr • '+' expr
  104     | expr • '-' expr
  105     | expr • '*' expr
  106     | expr • '/' expr
  110     | expr • '?' expr ':' expr
  111     | expr • '?' '{' expr_list '}' ':' '{' expr_list '}'
  112     | expr • '?' expr ':' '{' expr_list '}'
  113     | expr • '?' '{' expr_list '}' ':' expr
  114     | expr • '<' expr
  115     | expr • '>' expr
  116     | expr • opGE expr
  117     | expr • opLE expr
  118     | expr • opEQ expr
  119     | expr • opNE expr
  120     | expr • opOR expr
  121     | expr • opSHL expr
  122     | expr • opSHR expr
  123     | expr • opAND expr
  124     | expr • opSTREQ expr
  125     | expr • opSTRNE expr
  126     | expr • '@' expr
  140 slot_acc: expr • '.' IDENT
  141         | expr • '.' IDENT '[' aidx_expr ']'
  142 intslot_acc: expr • opINTNAME class_name_expr
  143            | expr • opINTNAMER class_name_expr
  175 funcall_expr: expr • '.' IDENT '(' func_arg_list_decl ')'

    '+'         shift, and go to state 154
    '-'         shift, and go to state 155
    '*'         shift, and go to state 156
    '/'         shift, and go to state 157
    '<'         shift, and go to state 158
    '>'         shift, and go to state 159
    '.'         shift, and go to state 160
    '|'         shift, and go to state 161
    '&'         shift, and go to state 162
    '%'         shift, and go to state 163
    ';'         shift, and go to state 444
    '^'         shift, and go to state 164
    '@'         shift, and go to state 165
    opINTNAME   shift, and go to state 166
    opINTNAMER  shift, and go to state 167
    opSHL       shift, and go to state 168
    opSHR       shift, and go to state 169
    opEQ        shift, and go to state 170
    opNE        shift, and go to state 171
    opGE        shift, and go to state 172
    opLE        shift, and go to state 173
    opAND       shift, and go to state 174
    opOR        shift, and go to state 175
    opSTREQ     shift, and go to state 176
    opSTRNE     shift, and go to state 177
    '?'         shift, and go to state 178


State 401

  175 funcall_expr: expr '.' IDENT '(' func_arg_list_decl • ')'

    ')'  shift, and go to state 445


State 402

  141 slot_acc: expr '.' IDENT '[' aidx_expr • ']'
  224 aidx_expr: aidx_expr • ',' expr

    ','  shift, and go to state 320
    ']'  shift, and go to state 446


State 403

  111 expr: expr '?' '{' expr_list '}' • ':' '{' expr_list '}'
  113     | expr '?' '{' expr_list '}' • ':' expr

    ':'  shift, and go to state 447


State 404

  112 expr: expr '?' expr ':' '{' • expr_list '}'

    rwDECLARE           shift, and go to state 5
    rwDECLARESINGLETON  shift, and go to state 6
    rwBREAK             shift, and go to state 85
    rwASSERT            shift, and go to state 20
    INTCONST            shift, and go to state 21
    TTAG                shift, and go to state 86
    VAR                 shift, and go to state 23
    IDENT               shift, and go to state 24
    STRATOM             shift, and go to state 26
    TAGATOM             shift, and go to state 27
    FLTCONST            shift, and go to state 28
    '-'                 shift, and go to state 29
    '*'                 shift, and go to state 30
    '('                 shift, and go to state 31
    '~'                 shift, and go to state 32
    '!'                 shift, and go to state 33
    rwPRINT             shift, and go to state 34
    rwPRINTF            shift, and go to state 35
    rwSPRINTF           shift, and go to state 36
    rwRANDOMF           shift, and go to state 37
    rwFLOOR             shift, and go to state 38
    rwCEIL              shift, and go to state 39
    rwFABS              shift, and go to state 40
    rwSIN               shift, and go to state 41
    rwCOS               shift, and go to state 42
    rwATAN              shift, and go to state 43
    rwTANH              shift, and go to state 44
    rwSQRT              shift, and go to state 45
    rwISZERO            shift, and go to state 46
    rwFMOD              shift, and go to state 47
    rwMIN               shift, and go to state 48
    rwMAX               shift, and go to state 49
    rwATAN2             shift, and go to state 50
    rwPOW               shift, and go to state 51
    rwCLAMP             shift, and go to state 52
    rwCLAMPF            shift, and go to state 53
    rwLERP              shift, and go to state 54
    rwSMOOTHSTEP        shift, and go to state 55
    rwFN                shift, and go to state 56

    object_decl          go to state 63
    expr                 go to state 187
    slot_acc             go to state 71
    intslot_acc          go to state 72
    stmt_expr            go to state 90
    funcall_expr         go to state 74
    assert_expr          go to state 75
    inline_command_expr  go to state 76
    expr_list            go to state 448


State 405

   99 expr: expr • '^' expr
  100     | expr • '%' expr
  101     | expr • '&' expr
  102     | expr • '|' expr
  103     | expr • '+' expr
  104     | expr • '-' expr
  105     | expr • '*' expr
  106     | expr • '/' expr
  110     | expr • '?' expr ':' expr
  110     | expr '?' expr ':' expr •
  111     | expr • '?' '{' expr_list '}' ':' '{' expr_list '}'
  112     | expr • '?' expr ':' '{' expr_list '}'
  113     | expr • '?' '{' expr_list '}' ':' expr
  114     | expr • '<' expr
  115     | expr • '>' expr
  116     | expr • opGE expr
  117     | expr • opLE expr
  118     | expr • opEQ expr
  119     | expr • opNE expr
  120     | expr • opOR expr
  121     | expr • opSHL expr
  122     | expr • opSHR expr
  123     | expr • opAND expr
  124     | expr • opSTREQ expr
  125     | expr • opSTRNE expr
  126     | expr • '@' expr
  140 slot_acc: expr • '.' IDENT
  141         | expr • '.' IDENT '[' aidx_expr ']'
  142 intslot_acc: expr • opINTNAME class_name_expr
  143            | expr • opINTNAMER class_name_expr
  175 funcall_expr: expr • '.' IDENT '(' func_arg_list_decl ')'

    '+'         shift, and go to state 154
    '-'         shift, and go to state 155
    '*'         shift, and go to state 156
    '/'         shift, and go to state 157
    '<'         shift, and go to state 158
    '>'         shift, and go to state 159
    '.'         shift, and go to state 160
    '|'         shift, and go to state 161
    '&'         shift, and go to state 162
    '%'         shift, and go to state 163
    '^'         shift, and go to state 164
    '@'         shift, and go to state 165
    opINTNAME   shift, and go to state 166
    opINTNAMER  shift, and go to state 167
    opSHL       shift, and go to state 168
    opSHR       shift, and go to state 169
    opEQ        shift, and go to state 170
    opNE        shift, and go to state 171
    opGE        shift, and go to state 172
    opLE        shift, and go to state 173
    opAND       shift, and go to state 174
    opOR        shift, and go to state 175
    opSTREQ     shift, and go to state 176
    opSTRNE     shift, and go to state 177

    $default  reduce using rule 110 (expr)


State 406

  171 stmt_expr: slot_acc '=' '{' expr_list '}' •

    $default  reduce using rule 171 (stmt_expr)


State 407

  172 stmt_expr: slot_acc '=' '[' expr_list ']' •

    $default  reduce using rule 172 (stmt_expr)


State 408

   30 fn_decl_stmt: rwDEFINE IDENT '(' func_var_list_decl ')' '{' • statement_list '}'

    $default  reduce using rule 10 (statement_list)

    statement_list  go to state 449


State 409

   31 fn_decl_stmt: rwDEFINE IDENT opCOLONCOLON IDENT '(' func_var_list_decl • ')' '{' statement_list '}'

    ')'  shift, and go to state 450


State 410

   47 object_decl: rwDECLARE class_name_expr '(' '[' object_name ']' • parent_block object_args ')' '{' object_declare_block '}'
   48            | rwDECLARE class_name_expr '(' '[' object_name ']' • parent_block object_args ')'

    ':'  shift, and go to state 361

    $default  reduce using rule 51 (parent_block)

    parent_block  go to state 451


State 411

   52 parent_block: ':' IDENT •

    $default  reduce using rule 52 (parent_block)


State 412

   56 object_args: ',' • expr_list

    rwDECLARE           shift, and go to state 5
    rwDECLARESINGLETON  shift, and go to state 6
    rwBREAK             shift, and go to state 85
    rwASSERT            shift, and go to state 20
    INTCONST            shift, and go to state 21
    TTAG                shift, and go to state 86
    VAR                 shift, and go to state 23
    IDENT               shift, and go to state 24
    STRATOM             shift, and go to state 26
    TAGATOM             shift, and go to state 27
    FLTCONST            shift, and go to state 28
    '-'                 shift, and go to state 29
    '*'                 shift, and go to state 30
    '('                 shift, and go to state 31
    '~'                 shift, and go to state 32
    '!'                 shift, and go to state 33
    rwPRINT             shift, and go to state 34
    rwPRINTF            shift, and go to state 35
    rwSPRINTF           shift, and go to state 36
    rwRANDOMF           shift, and go to state 37
    rwFLOOR             shift, and go to state 38
    rwCEIL              shift, and go to state 39
    rwFABS              shift, and go to state 40
    rwSIN               shift, and go to state 41
    rwCOS               shift, and go to state 42
    rwATAN              shift, and go to state 43
    rwTANH              shift, and go to state 44
    rwSQRT              shift, and go to state 45
    rwISZERO            shift, and go to state 46
    rwFMOD              shift, and go to state 47
    rwMIN               shift, and go to state 48
    rwMAX               shift, and go to state 49
    rwATAN2             shift, and go to state 50
    rwPOW               shift, and go to state 51
    rwCLAMP             shift, and go to state 52
    rwCLAMPF            shift, and go to state 53
    rwLERP              shift, and go to state 54
    rwSMOOTHSTEP        shift, and go to state 55
    rwFN                shift, and go to state 56

    object_decl          go to state 63
    expr                 go to state 187
    slot_acc             go to state 71
    intslot_acc          go to state 72
    stmt_expr            go to state 90
    funcall_expr         go to state 74
    assert_expr          go to state 75
    inline_command_expr  go to state 76
    expr_list            go to state 452


State 413

   45 object_decl: rwDECLARE class_name_expr '(' object_name parent_block object_args • ')' '{' object_declare_block '}'
   46            | rwDECLARE class_name_expr '(' object_name parent_block object_args • ')'

    ')'  shift, and go to state 453


State 414

   49 object_decl: rwDECLARESINGLETON class_name_expr '(' object_name parent_block object_args • ')' '{' object_declare_block '}'
   50            | rwDECLARESINGLETON class_name_expr '(' object_name parent_block object_args • ')'

    ')'  shift, and go to state 454


State 415

   73 if_stmt: rwIF '(' expr ')' stmt_block rwELSE • stmt_block

    rwDECLARE           shift, and go to state 5
    rwDECLARESINGLETON  shift, and go to state 6
    rwBREAK             shift, and go to state 7
    rwCONTINUE          shift, and go to state 8
    rwIF                shift, and go to state 9
    rwRETURN            shift, and go to state 10
    rwWHILE             shift, and go to state 11
    rwDO                shift, and go to state 12
    rwFOR               shift, and go to state 13
    rwFOREACH           shift, and go to state 14
    rwFOREACHSTR        shift, and go to state 15
    rwDATABLOCK         shift, and go to state 16
    rwSWITCH            shift, and go to state 17
    rwSWITCHSTR         shift, and go to state 18
    rwASSERT            shift, and go to state 20
    INTCONST            shift, and go to state 21
    TTAG                shift, and go to state 22
    VAR                 shift, and go to state 23
    IDENT               shift, and go to state 24
    DOCBLOCK            shift, and go to state 25
    STRATOM             shift, and go to state 26
    TAGATOM             shift, and go to state 27
    FLTCONST            shift, and go to state 28
    '-'                 shift, and go to state 29
    '*'                 shift, and go to state 30
    '('                 shift, and go to state 31
    '{'                 shift, and go to state 92
    '~'                 shift, and go to state 32
    '!'                 shift, and go to state 33
    rwPRINT             shift, and go to state 34
    rwPRINTF            shift, and go to state 35
    rwSPRINTF           shift, and go to state 36
    rwRANDOMF           shift, and go to state 37
    rwFLOOR             shift, and go to state 38
    rwCEIL              shift, and go to state 39
    rwFABS              shift, and go to state 40
    rwSIN               shift, and go to state 41
    rwCOS               shift, and go to state 42
    rwATAN              shift, and go to state 43
    rwTANH              shift, and go to state 44
    rwSQRT              shift, and go to state 45
    rwISZERO            shift, and go to state 46
    rwFMOD              shift, and go to state 47
    rwMIN               shift, and go to state 48
    rwMAX               shift, and go to state 49
    rwATAN2             shift, and go to state 50
    rwPOW               shift, and go to state 51
    rwCLAMP             shift, and go to state 52
    rwCLAMPF            shift, and go to state 53
    rwLERP              shift, and go to state 54
    rwSMOOTHSTEP        shift, and go to state 55
    rwFN                shift, and go to state 56
    '['                 shift, and go to state 57

    stmt                 go to state 93
    datablock_decl       go to state 62
    object_decl          go to state 63
    stmt_block           go to state 455
    switch_stmt          go to state 64
    if_stmt              go to state 65
    while_stmt           go to state 66
    for_stmt             go to state 67
    foreach_stmt         go to state 68
    expression_stmt      go to state 69
    expr                 go to state 70
    slot_acc             go to state 71
    intslot_acc          go to state 72
    stmt_expr            go to state 73
    funcall_expr         go to state 74
    assert_expr          go to state 75
    inline_command_expr  go to state 76


State 416

   75 while_stmt: rwDO stmt_block rwWHILE '(' expr ')' •

    $default  reduce using rule 75 (while_stmt)


State 417

   85 for_stmt: rwFOR '(' VAR rwIN rwRANGE expr • opDOTDOT expr ')' stmt_block
   87         | rwFOR '(' VAR rwIN rwRANGE expr • opDOTDOT expr rwSTEP expr ')' stmt_block
   88         | rwFOR '(' VAR rwIN rwRANGE expr • ')' stmt_block
   99 expr: expr • '^' expr
  100     | expr • '%' expr
  101     | expr • '&' expr
  102     | expr • '|' expr
  103     | expr • '+' expr
  104     | expr • '-' expr
  105     | expr • '*' expr
  106     | expr • '/' expr
  110     | expr • '?' expr ':' expr
  111     | expr • '?' '{' expr_list '}' ':' '{' expr_list '}'
  112     | expr • '?' expr ':' '{' expr_list '}'
  113     | expr • '?' '{' expr_list '}' ':' expr
  114     | expr • '<' expr
  115     | expr • '>' expr
  116     | expr • opGE expr
  117     | expr • opLE expr
  118     | expr • opEQ expr
  119     | expr • opNE expr
  120     | expr • opOR expr
  121     | expr • opSHL expr
  122     | expr • opSHR expr
  123     | expr • opAND expr
  124     | expr • opSTREQ expr
  125     | expr • opSTRNE expr
  126     | expr • '@' expr
  140 slot_acc: expr • '.' IDENT
  141         | expr • '.' IDENT '[' aidx_expr ']'
  142 intslot_acc: expr • opINTNAME class_name_expr
  143            | expr • opINTNAMER class_name_expr
  175 funcall_expr: expr • '.' IDENT '(' func_arg_list_decl ')'

    '+'         shift, and go to state 154
    '-'         shift, and go to state 155
    '*'         shift, and go to state 156
    '/'         shift, and go to state 157
    '<'         shift, and go to state 158
    '>'         shift, and go to state 159
    '.'         shift, and go to state 160
    '|'         shift, and go to state 161
    '&'         shift, and go to state 162
    '%'         shift, and go to state 163
    ')'         shift, and go to state 456
    '^'         shift, and go to state 164
    '@'         shift, and go to state 165
    opINTNAME   shift, and go to state 166
    opINTNAMER  shift, and go to state 167
    opSHL       shift, and go to state 168
    opSHR       shift, and go to state 169
    opEQ        shift, and go to state 170
    opNE        shift, and go to state 171
    opGE        shift, and go to state 172
    opLE        shift, and go to state 173
    opAND       shift, and go to state 174
    opOR        shift, and go to state 175
    opSTREQ     shift, and go to state 176
    opSTRNE     shift, and go to state 177
    opDOTDOT    shift, and go to state 457
    '?'         shift, and go to state 178


State 418

   84 for_stmt: rwFOR '(' VAR rwIN expr opDOTDOT • expr ')' stmt_block
   86         | rwFOR '(' VAR rwIN expr opDOTDOT • expr rwSTEP expr ')' stmt_block

    rwDECLARE           shift, and go to state 5
    rwDECLARESINGLETON  shift, and go to state 6
    rwBREAK             shift, and go to state 85
    rwASSERT            shift, and go to state 20
    INTCONST            shift, and go to state 21
    TTAG                shift, and go to state 86
    VAR                 shift, and go to state 23
    IDENT               shift, and go to state 24
    STRATOM             shift, and go to state 26
    TAGATOM             shift, and go to state 27
    FLTCONST            shift, and go to state 28
    '-'                 shift, and go to state 29
    '*'                 shift, and go to state 30
    '('                 shift, and go to state 31
    '~'                 shift, and go to state 32
    '!'                 shift, and go to state 33
    rwPRINT             shift, and go to state 34
    rwPRINTF            shift, and go to state 35
    rwSPRINTF           shift, and go to state 36
    rwRANDOMF           shift, and go to state 37
    rwFLOOR             shift, and go to state 38
    rwCEIL              shift, and go to state 39
    rwFABS              shift, and go to state 40
    rwSIN               shift, and go to state 41
    rwCOS               shift, and go to state 42
    rwATAN              shift, and go to state 43
    rwTANH              shift, and go to state 44
    rwSQRT              shift, and go to state 45
    rwISZERO            shift, and go to state 46
    rwFMOD              shift, and go to state 47
    rwMIN               shift, and go to state 48
    rwMAX               shift, and go to state 49
    rwATAN2             shift, and go to state 50
    rwPOW               shift, and go to state 51
    rwCLAMP             shift, and go to state 52
    rwCLAMPF            shift, and go to state 53
    rwLERP              shift, and go to state 54
    rwSMOOTHSTEP        shift, and go to state 55
    rwFN                shift, and go to state 56

    object_decl          go to state 63
    expr                 go to state 458
    slot_acc             go to state 71
    intslot_acc          go to state 72
    stmt_expr            go to state 90
    funcall_expr         go to state 74
    assert_expr          go to state 75
    inline_command_expr  go to state 76


State 419

   83 for_stmt: rwFOR '(' ';' ';' ')' stmt_block •

    $default  reduce using rule 83 (for_stmt)


State 420

   82 for_stmt: rwFOR '(' ';' ';' expr ')' • stmt_block

    rwDECLARE           shift, and go to state 5
    rwDECLARESINGLETON  shift, and go to state 6
    rwBREAK             shift, and go to state 7
    rwCONTINUE          shift, and go to state 8
    rwIF                shift, and go to state 9
    rwRETURN            shift, and go to state 10
    rwWHILE             shift, and go to state 11
    rwDO                shift, and go to state 12
    rwFOR               shift, and go to state 13
    rwFOREACH           shift, and go to state 14
    rwFOREACHSTR        shift, and go to state 15
    rwDATABLOCK         shift, and go to state 16
    rwSWITCH            shift, and go to state 17
    rwSWITCHSTR         shift, and go to state 18
    rwASSERT            shift, and go to state 20
    INTCONST            shift, and go to state 21
    TTAG                shift, and go to state 22
    VAR                 shift, and go to state 23
    IDENT               shift, and go to state 24
    DOCBLOCK            shift, and go to state 25
    STRATOM             shift, and go to state 26
    TAGATOM             shift, and go to state 27
    FLTCONST            shift, and go to state 28
    '-'                 shift, and go to state 29
    '*'                 shift, and go to state 30
    '('                 shift, and go to state 31
    '{'                 shift, and go to state 92
    '~'                 shift, and go to state 32
    '!'                 shift, and go to state 33
    rwPRINT             shift, and go to state 34
    rwPRINTF            shift, and go to state 35
    rwSPRINTF           shift, and go to state 36
    rwRANDOMF           shift, and go to state 37
    rwFLOOR             shift, and go to state 38
    rwCEIL              shift, and go to state 39
    rwFABS              shift, and go to state 40
    rwSIN               shift, and go to state 41
    rwCOS               shift, and go to state 42
    rwATAN              shift, and go to state 43
    rwTANH              shift, and go to state 44
    rwSQRT              shift, and go to state 45
    rwISZERO            shift, and go to state 46
    rwFMOD              shift, and go to state 47
    rwMIN               shift, and go to state 48
    rwMAX               shift, and go to state 49
    rwATAN2             shift, and go to state 50
    rwPOW               shift, and go to state 51
    rwCLAMP             shift, and go to state 52
    rwCLAMPF            shift, and go to state 53
    rwLERP              shift, and go to state 54
    rwSMOOTHSTEP        shift, and go to state 55
    rwFN                shift, and go to state 56
    '['                 shift, and go to state 57

    stmt                 go to state 93
    datablock_decl       go to state 62
    object_decl          go to state 63
    stmt_block           go to state 459
    switch_stmt          go to state 64
    if_stmt              go to state 65
    while_stmt           go to state 66
    for_stmt             go to state 67
    foreach_stmt         go to state 68
    expression_stmt      go to state 69
    expr                 go to state 70
    slot_acc             go to state 71
    intslot_acc          go to state 72
    stmt_expr            go to state 73
    funcall_expr         go to state 74
    assert_expr          go to state 75
    inline_command_expr  go to state 76


State 421

   81 for_stmt: rwFOR '(' ';' expr ';' ')' • stmt_block

    rwDECLARE           shift, and go to state 5
    rwDECLARESINGLETON  shift, and go to state 6
    rwBREAK             shift, and go to state 7
    rwCONTINUE          shift, and go to state 8
    rwIF                shift, and go to state 9
    rwRETURN            shift, and go to state 10
    rwWHILE             shift, and go to state 11
    rwDO                shift, and go to state 12
    rwFOR               shift, and go to state 13
    rwFOREACH           shift, and go to state 14
    rwFOREACHSTR        shift, and go to state 15
    rwDATABLOCK         shift, and go to state 16
    rwSWITCH            shift, and go to state 17
    rwSWITCHSTR         shift, and go to state 18
    rwASSERT            shift, and go to state 20
    INTCONST            shift, and go to state 21
    TTAG                shift, and go to state 22
    VAR                 shift, and go to state 23
    IDENT               shift, and go to state 24
    DOCBLOCK            shift, and go to state 25
    STRATOM             shift, and go to state 26
    TAGATOM             shift, and go to state 27
    FLTCONST            shift, and go to state 28
    '-'                 shift, and go to state 29
    '*'                 shift, and go to state 30
    '('                 shift, and go to state 31
    '{'                 shift, and go to state 92
    '~'                 shift, and go to state 32
    '!'                 shift, and go to state 33
    rwPRINT             shift, and go to state 34
    rwPRINTF            shift, and go to state 35
    rwSPRINTF           shift, and go to state 36
    rwRANDOMF           shift, and go to state 37
    rwFLOOR             shift, and go to state 38
    rwCEIL              shift, and go to state 39
    rwFABS              shift, and go to state 40
    rwSIN               shift, and go to state 41
    rwCOS               shift, and go to state 42
    rwATAN              shift, and go to state 43
    rwTANH              shift, and go to state 44
    rwSQRT              shift, and go to state 45
    rwISZERO            shift, and go to state 46
    rwFMOD              shift, and go to state 47
    rwMIN               shift, and go to state 48
    rwMAX               shift, and go to state 49
    rwATAN2             shift, and go to state 50
    rwPOW               shift, and go to state 51
    rwCLAMP             shift, and go to state 52
    rwCLAMPF            shift, and go to state 53
    rwLERP              shift, and go to state 54
    rwSMOOTHSTEP        shift, and go to state 55
    rwFN                shift, and go to state 56
    '['                 shift, and go to state 57

    stmt                 go to state 93
    datablock_decl       go to state 62
    object_decl          go to state 63
    stmt_block           go to state 460
    switch_stmt          go to state 64
    if_stmt              go to state 65
    while_stmt           go to state 66
    for_stmt             go to state 67
    foreach_stmt         go to state 68
    expression_stmt      go to state 69
    expr                 go to state 70
    slot_acc             go to state 71
    intslot_acc          go to state 72
    stmt_expr            go to state 73
    funcall_expr         go to state 74
    assert_expr          go to state 75
    inline_command_expr  go to state 76


State 422

   80 for_stmt: rwFOR '(' ';' expr ';' expr • ')' stmt_block
   99 expr: expr • '^' expr
  100     | expr • '%' expr
  101     | expr • '&' expr
  102     | expr • '|' expr
  103     | expr • '+' expr
  104     | expr • '-' expr
  105     | expr • '*' expr
  106     | expr • '/' expr
  110     | expr • '?' expr ':' expr
  111     | expr • '?' '{' expr_list '}' ':' '{' expr_list '}'
  112     | expr • '?' expr ':' '{' expr_list '}'
  113     | expr • '?' '{' expr_list '}' ':' expr
  114     | expr • '<' expr
  115     | expr • '>' expr
  116     | expr • opGE expr
  117     | expr • opLE expr
  118     | expr • opEQ expr
  119     | expr • opNE expr
  120     | expr • opOR expr
  121     | expr • opSHL expr
  122     | expr • opSHR expr
  123     | expr • opAND expr
  124     | expr • opSTREQ expr
  125     | expr • opSTRNE expr
  126     | expr • '@' expr
  140 slot_acc: expr • '.' IDENT
  141         | expr • '.' IDENT '[' aidx_expr ']'
  142 intslot_acc: expr • opINTNAME class_name_expr
  143            | expr • opINTNAMER class_name_expr
  175 funcall_expr: expr • '.' IDENT '(' func_arg_list_decl ')'

    '+'         shift, and go to state 154
    '-'         shift, and go to state 155
    '*'         shift, and go to state 156
    '/'         shift, and go to state 157
    '<'         shift, and go to state 158
    '>'         shift, and go to state 159
    '.'         shift, and go to state 160
    '|'         shift, and go to state 161
    '&'         shift, and go to state 162
    '%'         shift, and go to state 163
    ')'         shift, and go to state 461
    '^'         shift, and go to state 164
    '@'         shift, and go to state 165
    opINTNAME   shift, and go to state 166
    opINTNAMER  shift, and go to state 167
    opSHL       shift, and go to state 168
    opSHR       shift, and go to state 169
    opEQ        shift, and go to state 170
    opNE        shift, and go to state 171
    opGE        shift, and go to state 172
    opLE        shift, and go to state 173
    opAND       shift, and go to state 174
    opOR        shift, and go to state 175
    opSTREQ     shift, and go to state 176
    opSTRNE     shift, and go to state 177
    '?'         shift, and go to state 178


State 423

   79 for_stmt: rwFOR '(' expr ';' ';' ')' • stmt_block

    rwDECLARE           shift, and go to state 5
    rwDECLARESINGLETON  shift, and go to state 6
    rwBREAK             shift, and go to state 7
    rwCONTINUE          shift, and go to state 8
    rwIF                shift, and go to state 9
    rwRETURN            shift, and go to state 10
    rwWHILE             shift, and go to state 11
    rwDO                shift, and go to state 12
    rwFOR               shift, and go to state 13
    rwFOREACH           shift, and go to state 14
    rwFOREACHSTR        shift, and go to state 15
    rwDATABLOCK         shift, and go to state 16
    rwSWITCH            shift, and go to state 17
    rwSWITCHSTR         shift, and go to state 18
    rwASSERT            shift, and go to state 20
    INTCONST            shift, and go to state 21
    TTAG                shift, and go to state 22
    VAR                 shift, and go to state 23
    IDENT               shift, and go to state 24
    DOCBLOCK            shift, and go to state 25
    STRATOM             shift, and go to state 26
    TAGATOM             shift, and go to state 27
    FLTCONST            shift, and go to state 28
    '-'                 shift, and go to state 29
    '*'                 shift, and go to state 30
    '('                 shift, and go to state 31
    '{'                 shift, and go to state 92
    '~'                 shift, and go to state 32
    '!'                 shift, and go to state 33
    rwPRINT             shift, and go to state 34
    rwPRINTF            shift, and go to state 35
    rwSPRINTF           shift, and go to state 36
    rwRANDOMF           shift, and go to state 37
    rwFLOOR             shift, and go to state 38
    rwCEIL              shift, and go to state 39
    rwFABS              shift, and go to state 40
    rwSIN               shift, and go to state 41
    rwCOS               shift, and go to state 42
    rwATAN              shift, and go to state 43
    rwTANH              shift, and go to state 44
    rwSQRT              shift, and go to state 45
    rwISZERO            shift, and go to state 46
    rwFMOD              shift, and go to state 47
    rwMIN               shift, and go to state 48
    rwMAX               shift, and go to state 49
    rwATAN2             shift, and go to state 50
    rwPOW               shift, and go to state 51
    rwCLAMP             shift, and go to state 52
    rwCLAMPF            shift, and go to state 53
    rwLERP              shift, and go to state 54
    rwSMOOTHSTEP        shift, and go to state 55
    rwFN                shift, and go to state 56
    '['                 shift, and go to state 57

    stmt                 go to state 93
    datablock_decl       go to state 62
    object_decl          go to state 63
    stmt_block           go to state 462
    switch_stmt          go to state 64
    if_stmt              go to state 65
    while_stmt           go to state 66
    for_stmt             go to state 67
    foreach_stmt         go to state 68
    expression_stmt      go to state 69
    expr                 go to state 70
    slot_acc             go to state 71
    intslot_acc          go to state 72
    stmt_expr            go to state 73
    funcall_expr         go to state 74
    assert_expr          go to state 75
    inline_command_expr  go to state 76


State 424

   78 for_stmt: rwFOR '(' expr ';' ';' expr • ')' stmt_block
   99 expr: expr • '^' expr
  100     | expr • '%' expr
  101     | expr • '&' expr
  102     | expr • '|' expr
  103     | expr • '+' expr
  104     | expr • '-' expr
  105     | expr • '*' expr
  106     | expr • '/' expr
  110     | expr • '?' expr ':' expr
  111     | expr • '?' '{' expr_list '}' ':' '{' expr_list '}'
  112     | expr • '?' expr ':' '{' expr_list '}'
  113     | expr • '?' '{' expr_list '}' ':' expr
  114     | expr • '<' expr
  115     | expr • '>' expr
  116     | expr • opGE expr
  117     | expr • opLE expr
  118     | expr • opEQ expr
  119     | expr • opNE expr
  120     | expr • opOR expr
  121     | expr • opSHL expr
  122     | expr • opSHR expr
  123     | expr • opAND expr
  124     | expr • opSTREQ expr
  125     | expr • opSTRNE expr
  126     | expr • '@' expr
  140 slot_acc: expr • '.' IDENT
  141         | expr • '.' IDENT '[' aidx_expr ']'
  142 intslot_acc: expr • opINTNAME class_name_expr
  143            | expr • opINTNAMER class_name_expr
  175 funcall_expr: expr • '.' IDENT '(' func_arg_list_decl ')'

    '+'         shift, and go to state 154
    '-'         shift, and go to state 155
    '*'         shift, and go to state 156
    '/'         shift, and go to state 157
    '<'         shift, and go to state 158
    '>'         shift, and go to state 159
    '.'         shift, and go to state 160
    '|'         shift, and go to state 161
    '&'         shift, and go to state 162
    '%'         shift, and go to state 163
    ')'         shift, and go to state 463
    '^'         shift, and go to state 164
    '@'         shift, and go to state 165
    opINTNAME   shift, and go to state 166
    opINTNAMER  shift, and go to state 167
    opSHL       shift, and go to state 168
    opSHR       shift, and go to state 169
    opEQ        shift, and go to state 170
    opNE        shift, and go to state 171
    opGE        shift, and go to state 172
    opLE        shift, and go to state 173
    opAND       shift, and go to state 174
    opOR        shift, and go to state 175
    opSTREQ     shift, and go to state 176
    opSTRNE     shift, and go to state 177
    '?'         shift, and go to state 178


State 425

   76 for_stmt: rwFOR '(' expr ';' expr ';' • expr ')' stmt_block
   77         | rwFOR '(' expr ';' expr ';' • ')' stmt_block

    rwDECLARE           shift, and go to state 5
    rwDECLARESINGLETON  shift, and go to state 6
    rwBREAK             shift, and go to state 85
    rwASSERT            shift, and go to state 20
    INTCONST            shift, and go to state 21
    TTAG                shift, and go to state 86
    VAR                 shift, and go to state 23
    IDENT               shift, and go to state 24
    STRATOM             shift, and go to state 26
    TAGATOM             shift, and go to state 27
    FLTCONST            shift, and go to state 28
    '-'                 shift, and go to state 29
    '*'                 shift, and go to state 30
    '('                 shift, and go to state 31
    ')'                 shift, and go to state 464
    '~'                 shift, and go to state 32
    '!'                 shift, and go to state 33
    rwPRINT             shift, and go to state 34
    rwPRINTF            shift, and go to state 35
    rwSPRINTF           shift, and go to state 36
    rwRANDOMF           shift, and go to state 37
    rwFLOOR             shift, and go to state 38
    rwCEIL              shift, and go to state 39
    rwFABS              shift, and go to state 40
    rwSIN               shift, and go to state 41
    rwCOS               shift, and go to state 42
    rwATAN              shift, and go to state 43
    rwTANH              shift, and go to state 44
    rwSQRT              shift, and go to state 45
    rwISZERO            shift, and go to state 46
    rwFMOD              shift, and go to state 47
    rwMIN               shift, and go to state 48
    rwMAX               shift, and go to state 49
    rwATAN2             shift, and go to state 50
    rwPOW               shift, and go to state 51
    rwCLAMP             shift, and go to state 52
    rwCLAMPF            shift, and go to state 53
    rwLERP              shift, and go to state 54
    rwSMOOTHSTEP        shift, and go to state 55
    rwFN                shift, and go to state 56

    object_decl          go to state 63
    expr                 go to state 465
    slot_acc             go to state 71
    intslot_acc          go to state 72
    stmt_expr            go to state 90
    funcall_expr         go to state 74
    assert_expr          go to state 75
    inline_command_expr  go to state 76


State 426

   92 foreach_stmt: rwFOREACH '(' VAR rwIN rwRANGE expr • opDOTDOT expr ')' stmt_block
   94             | rwFOREACH '(' VAR rwIN rwRANGE expr • opDOTDOT expr rwSTEP expr ')' stmt_block
   95             | rwFOREACH '(' VAR rwIN rwRANGE expr • ')' stmt_block
   99 expr: expr • '^' expr
  100     | expr • '%' expr
  101     | expr • '&' expr
  102     | expr • '|' expr
  103     | expr • '+' expr
  104     | expr • '-' expr
  105     | expr • '*' expr
  106     | expr • '/' expr
  110     | expr • '?' expr ':' expr
  111     | expr • '?' '{' expr_list '}' ':' '{' expr_list '}'
  112     | expr • '?' expr ':' '{' expr_list '}'
  113     | expr • '?' '{' expr_list '}' ':' expr
  114     | expr • '<' expr
  115     | expr • '>' expr
  116     | expr • opGE expr
  117     | expr • opLE expr
  118     | expr • opEQ expr
  119     | expr • opNE expr
  120     | expr • opOR expr
  121     | expr • opSHL expr
  122     | expr • opSHR expr
  123     | expr • opAND expr
  124     | expr • opSTREQ expr
  125     | expr • opSTRNE expr
  126     | expr • '@' expr
  140 slot_acc: expr • '.' IDENT
  141         | expr • '.' IDENT '[' aidx_expr ']'
  142 intslot_acc: expr • opINTNAME class_name_expr
  143            | expr • opINTNAMER class_name_expr
  175 funcall_expr: expr • '.' IDENT '(' func_arg_list_decl ')'

    '+'         shift, and go to state 154
    '-'         shift, and go to state 155
    '*'         shift, and go to state 156
    '/'         shift, and go to state 157
    '<'         shift, and go to state 158
    '>'         shift, and go to state 159
    '.'         shift, and go to state 160
    '|'         shift, and go to state 161
    '&'         shift, and go to state 162
    '%'         shift, and go to state 163
    ')'         shift, and go to state 466
    '^'         shift, and go to state 164
    '@'         shift, and go to state 165
    opINTNAME   shift, and go to state 166
    opINTNAMER  shift, and go to state 167
    opSHL       shift, and go to state 168
    opSHR       shift, and go to state 169
    opEQ        shift, and go to state 170
    opNE        shift, and go to state 171
    opGE        shift, and go to state 172
    opLE        shift, and go to state 173
    opAND       shift, and go to state 174
    opOR        shift, and go to state 175
    opSTREQ     shift, and go to state 176
    opSTRNE     shift, and go to state 177
    opDOTDOT    shift, and go to state 467
    '?'         shift, and go to state 178


State 427

   89 foreach_stmt: rwFOREACH '(' VAR rwIN expr ')' • stmt_block

    rwDECLARE           shift, and go to state 5
    rwDECLARESINGLETON  shift, and go to state 6
    rwBREAK             shift, and go to state 7
    rwCONTINUE          shift, and go to state 8
    rwIF                shift, and go to state 9
    rwRETURN            shift, and go to state 10
    rwWHILE             shift, and go to state 11
    rwDO                shift, and go to state 12
    rwFOR               shift, and go to state 13
    rwFOREACH           shift, and go to state 14
    rwFOREACHSTR        shift, and go to state 15
    rwDATABLOCK         shift, and go to state 16
    rwSWITCH            shift, and go to state 17
    rwSWITCHSTR         shift, and go to state 18
    rwASSERT            shift, and go to state 20
    INTCONST            shift, and go to state 21
    TTAG                shift, and go to state 22
    VAR                 shift, and go to state 23
    IDENT               shift, and go to state 24
    DOCBLOCK            shift, and go to state 25
    STRATOM             shift, and go to state 26
    TAGATOM             shift, and go to state 27
    FLTCONST            shift, and go to state 28
    '-'                 shift, and go to state 29
    '*'                 shift, and go to state 30
    '('                 shift, and go to state 31
    '{'                 shift, and go to state 92
    '~'                 shift, and go to state 32
    '!'                 shift, and go to state 33
    rwPRINT             shift, and go to state 34
    rwPRINTF            shift, and go to state 35
    rwSPRINTF           shift, and go to state 36
    rwRANDOMF           shift, and go to state 37
    rwFLOOR             shift, and go to state 38
    rwCEIL              shift, and go to state 39
    rwFABS              shift, and go to state 40
    rwSIN               shift, and go to state 41
    rwCOS               shift, and go to state 42
    rwATAN              shift, and go to state 43
    rwTANH              shift, and go to state 44
    rwSQRT              shift, and go to state 45
    rwISZERO            shift, and go to state 46
    rwFMOD              shift, and go to state 47
    rwMIN               shift, and go to state 48
    rwMAX               shift, and go to state 49
    rwATAN2             shift, and go to state 50
    rwPOW               shift, and go to state 51
    rwCLAMP             shift, and go to state 52
    rwCLAMPF            shift, and go to state 53
    rwLERP              shift, and go to state 54
    rwSMOOTHSTEP        shift, and go to state 55
    rwFN                shift, and go to state 56
    '['                 shift, and go to state 57

    stmt                 go to state 93
    datablock_decl       go to state 62
    object_decl          go to state 63
    stmt_block           go to state 468
    switch_stmt          go to state 64
    if_stmt              go to state 65
    while_stmt           go to state 66
    for_stmt             go to state 67
    foreach_stmt         go to state 68
    expression_stmt      go to state 69
    expr                 go to state 70
    slot_acc             go to state 71
    intslot_acc          go to state 72
    stmt_expr            go to state 73
    funcall_expr         go to state 74
    assert_expr          go to state 75
    inline_command_expr  go to state 76


State 428

   91 foreach_stmt: rwFOREACH '(' VAR rwIN expr opDOTDOT • expr ')' stmt_block
   93             | rwFOREACH '(' VAR rwIN expr opDOTDOT • expr rwSTEP expr ')' stmt_block

    rwDECLARE           shift, and go to state 5
    rwDECLARESINGLETON  shift, and go to state 6
    rwBREAK             shift, and go to state 85
    rwASSERT            shift, and go to state 20
    INTCONST            shift, and go to state 21
    TTAG                shift, and go to state 86
    VAR                 shift, and go to state 23
    IDENT               shift, and go to state 24
    STRATOM             shift, and go to state 26
    TAGATOM             shift, and go to state 27
    FLTCONST            shift, and go to state 28
    '-'                 shift, and go to state 29
    '*'                 shift, and go to state 30
    '('                 shift, and go to state 31
    '~'                 shift, and go to state 32
    '!'                 shift, and go to state 33
    rwPRINT             shift, and go to state 34
    rwPRINTF            shift, and go to state 35
    rwSPRINTF           shift, and go to state 36
    rwRANDOMF           shift, and go to state 37
    rwFLOOR             shift, and go to state 38
    rwCEIL              shift, and go to state 39
    rwFABS              shift, and go to state 40
    rwSIN               shift, and go to state 41
    rwCOS               shift, and go to state 42
    rwATAN              shift, and go to state 43
    rwTANH              shift, and go to state 44
    rwSQRT              shift, and go to state 45
    rwISZERO            shift, and go to state 46
    rwFMOD              shift, and go to state 47
    rwMIN               shift, and go to state 48
    rwMAX               shift, and go to state 49
    rwATAN2             shift, and go to state 50
    rwPOW               shift, and go to state 51
    rwCLAMP             shift, and go to state 52
    rwCLAMPF            shift, and go to state 53
    rwLERP              shift, and go to state 54
    rwSMOOTHSTEP        shift, and go to state 55
    rwFN                shift, and go to state 56

    object_decl          go to state 63
    expr                 go to state 469
    slot_acc             go to state 71
    intslot_acc          go to state 72
    stmt_expr            go to state 90
    funcall_expr         go to state 74
    assert_expr          go to state 75
    inline_command_expr  go to state 76


State 429

   90 foreach_stmt: rwFOREACHSTR '(' VAR rwIN expr ')' • stmt_block

    rwDECLARE           shift, and go to state 5
    rwDECLARESINGLETON  shift, and go to state 6
    rwBREAK             shift, and go to state 7
    rwCONTINUE          shift, and go to state 8
    rwIF                shift, and go to state 9
    rwRETURN            shift, and go to state 10
    rwWHILE             shift, and go to state 11
    rwDO                shift, and go to state 12
    rwFOR               shift, and go to state 13
    rwFOREACH           shift, and go to state 14
    rwFOREACHSTR        shift, and go to state 15
    rwDATABLOCK         shift, and go to state 16
    rwSWITCH            shift, and go to state 17
    rwSWITCHSTR         shift, and go to state 18
    rwASSERT            shift, and go to state 20
    INTCONST            shift, and go to state 21
    TTAG                shift, and go to state 22
    VAR                 shift, and go to state 23
    IDENT               shift, and go to state 24
    DOCBLOCK            shift, and go to state 25
    STRATOM             shift, and go to state 26
    TAGATOM             shift, and go to state 27
    FLTCONST            shift, and go to state 28
    '-'                 shift, and go to state 29
    '*'                 shift, and go to state 30
    '('                 shift, and go to state 31
    '{'                 shift, and go to state 92
    '~'                 shift, and go to state 32
    '!'                 shift, and go to state 33
    rwPRINT             shift, and go to state 34
    rwPRINTF            shift, and go to state 35
    rwSPRINTF           shift, and go to state 36
    rwRANDOMF           shift, and go to state 37
    rwFLOOR             shift, and go to state 38
    rwCEIL              shift, and go to state 39
    rwFABS              shift, and go to state 40
    rwSIN               shift, and go to state 41
    rwCOS               shift, and go to state 42
    rwATAN              shift, and go to state 43
    rwTANH              shift, and go to state 44
    rwSQRT              shift, and go to state 45
    rwISZERO            shift, and go to state 46
    rwFMOD              shift, and go to state 47
    rwMIN               shift, and go to state 48
    rwMAX               shift, and go to state 49
    rwATAN2             shift, and go to state 50
    rwPOW               shift, and go to state 51
    rwCLAMP             shift, and go to state 52
    rwCLAMPF            shift, and go to state 53
    rwLERP              shift, and go to state 54
    rwSMOOTHSTEP        shift, and go to state 55
    rwFN                shift, and go to state 56
    '['                 shift, and go to state 57

    stmt                 go to state 93
    datablock_decl       go to state 62
    object_decl          go to state 63
    stmt_block           go to state 470
    switch_stmt          go to state 64
    if_stmt              go to state 65
    while_stmt           go to state 66
    for_stmt             go to state 67
    foreach_stmt         go to state 68
    expression_stmt      go to state 69
    expr                 go to state 70
    slot_acc             go to state 71
    intslot_acc          go to state 72
    stmt_expr            go to state 73
    funcall_expr         go to state 74
    assert_expr          go to state 75
    inline_command_expr  go to state 76


State 430

   44 datablock_decl: rwDATABLOCK class_name_expr '(' expr parent_block ')' • '{' slot_assign_list_opt '}' ';'

    '{'  shift, and go to state 471


State 431

   67 case_block: rwCASE • case_expr ':' statement_list
   68           | rwCASE • case_expr ':' statement_list rwDEFAULT ':' statement_list
   69           | rwCASE • case_expr ':' statement_list case_block

    rwDECLARE           shift, and go to state 5
    rwDECLARESINGLETON  shift, and go to state 6
    rwBREAK             shift, and go to state 85
    rwASSERT            shift, and go to state 20
    INTCONST            shift, and go to state 21
    TTAG                shift, and go to state 86
    VAR                 shift, and go to state 23
    IDENT               shift, and go to state 24
    STRATOM             shift, and go to state 26
    TAGATOM             shift, and go to state 27
    FLTCONST            shift, and go to state 28
    '-'                 shift, and go to state 29
    '*'                 shift, and go to state 30
    '('                 shift, and go to state 31
    '~'                 shift, and go to state 32
    '!'                 shift, and go to state 33
    rwPRINT             shift, and go to state 34
    rwPRINTF            shift, and go to state 35
    rwSPRINTF           shift, and go to state 36
    rwRANDOMF           shift, and go to state 37
    rwFLOOR             shift, and go to state 38
    rwCEIL              shift, and go to state 39
    rwFABS              shift, and go to state 40
    rwSIN               shift, and go to state 41
    rwCOS               shift, and go to state 42
    rwATAN              shift, and go to state 43
    rwTANH              shift, and go to state 44
    rwSQRT              shift, and go to state 45
    rwISZERO            shift, and go to state 46
    rwFMOD              shift, and go to state 47
    rwMIN               shift, and go to state 48
    rwMAX               shift, and go to state 49
    rwATAN2             shift, and go to state 50
    rwPOW               shift, and go to state 51
    rwCLAMP             shift, and go to state 52
    rwCLAMPF            shift, and go to state 53
    rwLERP              shift, and go to state 54
    rwSMOOTHSTEP        shift, and go to state 55
    rwFN                shift, and go to state 56

    object_decl          go to state 63
    case_expr            go to state 472
    expr                 go to state 473
    slot_acc             go to state 71
    intslot_acc          go to state 72
    stmt_expr            go to state 90
    funcall_expr         go to state 74
    assert_expr          go to state 75
    inline_command_expr  go to state 76


State 432

   65 switch_stmt: rwSWITCH '(' expr ')' '{' case_block • '}'

    '}'  shift, and go to state 474


State 433

   66 switch_stmt: rwSWITCHSTR '(' expr ')' '{' case_block • '}'

    '}'  shift, and go to state 475


State 434

    7 package_decl: rwPACKAGE IDENT '{' fn_decl_list '}' ';' •

    $default  reduce using rule 7 (package_decl)


State 435

  184 assert_expr: rwASSERT '(' expr ',' STRATOM ')' •

    $default  reduce using rule 184 (assert_expr)


State 436

   25 stmt: TTAG '=' expr ',' expr ';' •

    $default  reduce using rule 25 (stmt)


State 437

  166 stmt_expr: VAR '[' aidx_expr ']' '=' '{' • expr_list '}'

    rwDECLARE           shift, and go to state 5
    rwDECLARESINGLETON  shift, and go to state 6
    rwBREAK             shift, and go to state 85
    rwASSERT            shift, and go to state 20
    INTCONST            shift, and go to state 21
    TTAG                shift, and go to state 86
    VAR                 shift, and go to state 23
    IDENT               shift, and go to state 24
    STRATOM             shift, and go to state 26
    TAGATOM             shift, and go to state 27
    FLTCONST            shift, and go to state 28
    '-'                 shift, and go to state 29
    '*'                 shift, and go to state 30
    '('                 shift, and go to state 31
    '~'                 shift, and go to state 32
    '!'                 shift, and go to state 33
    rwPRINT             shift, and go to state 34
    rwPRINTF            shift, and go to state 35
    rwSPRINTF           shift, and go to state 36
    rwRANDOMF           shift, and go to state 37
    rwFLOOR             shift, and go to state 38
    rwCEIL              shift, and go to state 39
    rwFABS              shift, and go to state 40
    rwSIN               shift, and go to state 41
    rwCOS               shift, and go to state 42
    rwATAN              shift, and go to state 43
    rwTANH              shift, and go to state 44
    rwSQRT              shift, and go to state 45
    rwISZERO            shift, and go to state 46
    rwFMOD              shift, and go to state 47
    rwMIN               shift, and go to state 48
    rwMAX               shift, and go to state 49
    rwATAN2             shift, and go to state 50
    rwPOW               shift, and go to state 51
    rwCLAMP             shift, and go to state 52
    rwCLAMPF            shift, and go to state 53
    rwLERP              shift, and go to state 54
    rwSMOOTHSTEP        shift, and go to state 55
    rwFN                shift, and go to state 56

    object_decl          go to state 63
    expr                 go to state 187
    slot_acc             go to state 71
    intslot_acc          go to state 72
    stmt_expr            go to state 90
    funcall_expr         go to state 74
    assert_expr          go to state 75
    inline_command_expr  go to state 76
    expr_list            go to state 476


State 438

   99 expr: expr • '^' expr
  100     | expr • '%' expr
  101     | expr • '&' expr
  102     | expr • '|' expr
  103     | expr • '+' expr
  104     | expr • '-' expr
  105     | expr • '*' expr
  106     | expr • '/' expr
  110     | expr • '?' expr ':' expr
  111     | expr • '?' '{' expr_list '}' ':' '{' expr_list '}'
  112     | expr • '?' expr ':' '{' expr_list '}'
  113     | expr • '?' '{' expr_list '}' ':' expr
  114     | expr • '<' expr
  115     | expr • '>' expr
  116     | expr • opGE expr
  117     | expr • opLE expr
  118     | expr • opEQ expr
  119     | expr • opNE expr
  120     | expr • opOR expr
  121     | expr • opSHL expr
  122     | expr • opSHR expr
  123     | expr • opAND expr
  124     | expr • opSTREQ expr
  125     | expr • opSTRNE expr
  126     | expr • '@' expr
  140 slot_acc: expr • '.' IDENT
  141         | expr • '.' IDENT '[' aidx_expr ']'
  142 intslot_acc: expr • opINTNAME class_name_expr
  143            | expr • opINTNAMER class_name_expr
  165 stmt_expr: VAR '[' aidx_expr ']' '=' expr •
  175 funcall_expr: expr • '.' IDENT '(' func_arg_list_decl ')'

    '+'         shift, and go to state 154
    '-'         shift, and go to state 155
    '*'         shift, and go to state 156
    '/'         shift, and go to state 157
    '<'         shift, and go to state 158
    '>'         shift, and go to state 159
    '.'         shift, and go to state 160
    '|'         shift, and go to state 161
    '&'         shift, and go to state 162
    '%'         shift, and go to state 163
    '^'         shift, and go to state 164
    '@'         shift, and go to state 165
    opINTNAME   shift, and go to state 166
    opINTNAMER  shift, and go to state 167
    opSHL       shift, and go to state 168
    opSHR       shift, and go to state 169
    opEQ        shift, and go to state 170
    opNE        shift, and go to state 171
    opGE        shift, and go to state 172
    opLE        shift, and go to state 173
    opAND       shift, and go to state 174
    opOR        shift, and go to state 175
    opSTREQ     shift, and go to state 176
    opSTRNE     shift, and go to state 177
    '?'         shift, and go to state 178

    $default  reduce using rule 165 (stmt_expr)


State 439

  174 funcall_expr: IDENT opCOLONCOLON IDENT '(' func_arg_list_decl ')' •

    $default  reduce using rule 174 (funcall_expr)


State 440

   39 param: VAR '?' '=' expr •
   99 expr: expr • '^' expr
  100     | expr • '%' expr
  101     | expr • '&' expr
  102     | expr • '|' expr
  103     | expr • '+' expr
  104     | expr • '-' expr
  105     | expr • '*' expr
  106     | expr • '/' expr
  110     | expr • '?' expr ':' expr
  111     | expr • '?' '{' expr_list '}' ':' '{' expr_list '}'
  112     | expr • '?' expr ':' '{' expr_list '}'
  113     | expr • '?' '{' expr_list '}' ':' expr
  114     | expr • '<' expr
  115     | expr • '>' expr
  116     | expr • opGE expr
  117     | expr • opLE expr
  118     | expr • opEQ expr
  119     | expr • opNE expr
  120     | expr • opOR expr
  121     | expr • opSHL expr
  122     | expr • opSHR expr
  123     | expr • opAND expr
  124     | expr • opSTREQ expr
  125     | expr • opSTRNE expr
  126     | expr • '@' expr
  140 slot_acc: expr • '.' IDENT
  141         | expr • '.' IDENT '[' aidx_expr ']'
  142 intslot_acc: expr • opINTNAME class_name_expr
  143            | expr • opINTNAMER class_name_expr
  175 funcall_expr: expr • '.' IDENT '(' func_arg_list_decl ')'

    '+'         shift, and go to state 154
    '-'         shift, and go to state 155
    '*'         shift, and go to state 156
    '/'         shift, and go to state 157
    '<'         shift, and go to state 158
    '>'         shift, and go to state 159
    '.'         shift, and go to state 160
    '|'         shift, and go to state 161
    '&'         shift, and go to state 162
    '%'         shift, and go to state 163
    '^'         shift, and go to state 164
    '@'         shift, and go to state 165
    opINTNAME   shift, and go to state 166
    opINTNAMER  shift, and go to state 167
    opSHL       shift, and go to state 168
    opSHR       shift, and go to state 169
    opEQ        shift, and go to state 170
    opNE        shift, and go to state 171
    opGE        shift, and go to state 172
    opLE        shift, and go to state 173
    opAND       shift, and go to state 174
    opOR        shift, and go to state 175
    opSTREQ     shift, and go to state 176
    opSTRNE     shift, and go to state 177
    '?'         shift, and go to state 178

    $default  reduce using rule 39 (param)


State 441

   11 statement_list: statement_list • stmt
  139 expr: rwFN '(' func_var_list_decl ')' '{' statement_list • '}'

    rwDECLARE           shift, and go to state 5
    rwDECLARESINGLETON  shift, and go to state 6
    rwBREAK             shift, and go to state 7
    rwCONTINUE          shift, and go to state 8
    rwIF                shift, and go to state 9
    rwRETURN            shift, and go to state 10
    rwWHILE             shift, and go to state 11
    rwDO                shift, and go to state 12
    rwFOR               shift, and go to state 13
    rwFOREACH           shift, and go to state 14
    rwFOREACHSTR        shift, and go to state 15
    rwDATABLOCK         shift, and go to state 16
    rwSWITCH            shift, and go to state 17
    rwSWITCHSTR         shift, and go to state 18
    rwASSERT            shift, and go to state 20
    INTCONST            shift, and go to state 21
    TTAG                shift, and go to state 22
    VAR                 shift, and go to state 23
    IDENT               shift, and go to state 24
    DOCBLOCK            shift, and go to state 25
    STRATOM             shift, and go to state 26
    TAGATOM             shift, and go to state 27
    FLTCONST            shift, and go to state 28
    '-'                 shift, and go to state 29
    '*'                 shift, and go to state 30
    '('                 shift, and go to state 31
    '}'                 shift, and go to state 477
    '~'                 shift, and go to state 32
    '!'                 shift, and go to state 33
    rwPRINT             shift, and go to state 34
    rwPRINTF            shift, and go to state 35
    rwSPRINTF           shift, and go to state 36
    rwRANDOMF           shift, and go to state 37
    rwFLOOR             shift, and go to state 38
    rwCEIL              shift, and go to state 39
    rwFABS              shift, and go to state 40
    rwSIN               shift, and go to state 41
    rwCOS               shift, and go to state 42
    rwATAN              shift, and go to state 43
    rwTANH              shift, and go to state 44
    rwSQRT              shift, and go to state 45
    rwISZERO            shift, and go to state 46
    rwFMOD              shift, and go to state 47
    rwMIN               shift, and go to state 48
    rwMAX               shift, and go to state 49
    rwATAN2             shift, and go to state 50
    rwPOW               shift, and go to state 51
    rwCLAMP             shift, and go to state 52
    rwCLAMPF            shift, and go to state 53
    rwLERP              shift, and go to state 54
    rwSMOOTHSTEP        shift, and go to state 55
    rwFN                shift, and go to state 56
    '['                 shift, and go to state 57

    stmt                 go to state 298
    datablock_decl       go to state 62
    object_decl          go to state 63
    switch_stmt          go to state 64
    if_stmt              go to state 65
    while_stmt           go to state 66
    for_stmt             go to state 67
    foreach_stmt         go to state 68
    expression_stmt      go to state 69
    expr                 go to state 70
    slot_acc             go to state 71
    intslot_acc          go to state 72
    stmt_expr            go to state 73
    funcall_expr         go to state 74
    assert_expr          go to state 75
    inline_command_expr  go to state 76


State 442

   28 stmt: '[' unpack_var_list ']' '=' '{' expr_list • '}' ';'
  209 expr_list: expr_list • ',' expr

    ','  shift, and go to state 294
    '}'  shift, and go to state 478


State 443

   29 stmt: '[' unpack_var_list ']' '=' '[' expr_list • ']' ';'
  209 expr_list: expr_list • ',' expr

    ','  shift, and go to state 294
    ']'  shift, and go to state 479


State 444

   27 stmt: '[' unpack_var_list ']' '=' expr ';' •

    $default  reduce using rule 27 (stmt)


State 445

  175 funcall_expr: expr '.' IDENT '(' func_arg_list_decl ')' •

    $default  reduce using rule 175 (funcall_expr)


State 446

  141 slot_acc: expr '.' IDENT '[' aidx_expr ']' •

    $default  reduce using rule 141 (slot_acc)


State 447

  111 expr: expr '?' '{' expr_list '}' ':' • '{' expr_list '}'
  113     | expr '?' '{' expr_list '}' ':' • expr

    rwDECLARE           shift, and go to state 5
    rwDECLARESINGLETON  shift, and go to state 6
    rwBREAK             shift, and go to state 85
    rwASSERT            shift, and go to state 20
    INTCONST            shift, and go to state 21
    TTAG                shift, and go to state 86
    VAR                 shift, and go to state 23
    IDENT               shift, and go to state 24
    STRATOM             shift, and go to state 26
    TAGATOM             shift, and go to state 27
    FLTCONST            shift, and go to state 28
    '-'                 shift, and go to state 29
    '*'                 shift, and go to state 30
    '('                 shift, and go to state 31
    '{'                 shift, and go to state 480
    '~'                 shift, and go to state 32
    '!'                 shift, and go to state 33
    rwPRINT             shift, and go to state 34
    rwPRINTF            shift, and go to state 35
    rwSPRINTF           shift, and go to state 36
    rwRANDOMF           shift, and go to state 37
    rwFLOOR             shift, and go to state 38
    rwCEIL              shift, and go to state 39
    rwFABS              shift, and go to state 40
    rwSIN               shift, and go to state 41
    rwCOS               shift, and go to state 42
    rwATAN              shift, and go to state 43
    rwTANH              shift, and go to state 44
    rwSQRT              shift, and go to state 45
    rwISZERO            shift, and go to state 46
    rwFMOD              shift, and go to state 47
    rwMIN               shift, and go to state 48
    rwMAX               shift, and go to state 49
    rwATAN2             shift, and go to state 50
    rwPOW               shift, and go to state 51
    rwCLAMP             shift, and go to state 52
    rwCLAMPF            shift, and go to state 53
    rwLERP              shift, and go to state 54
    rwSMOOTHSTEP        shift, and go to state 55
    rwFN                shift, and go to state 56

    object_decl          go to state 63
    expr                 go to state 481
    slot_acc             go to state 71
    intslot_acc          go to state 72
    stmt_expr            go to state 90
    funcall_expr         go to state 74
    assert_expr          go to state 75
    inline_command_expr  go to state 76


State 448

  112 expr: expr '?' expr ':' '{' expr_list • '}'
  209 expr_list: expr_list • ',' expr

    ','  shift, and go to state 294
    '}'  shift, and go to state 482


State 449

   11 statement_list: statement_list • stmt
   30 fn_decl_stmt: rwDEFINE IDENT '(' func_var_list_decl ')' '{' statement_list • '}'

    rwDECLARE           shift, and go to state 5
    rwDECLARESINGLETON  shift, and go to state 6
    rwBREAK             shift, and go to state 7
    rwCONTINUE          shift, and go to state 8
    rwIF                shift, and go to state 9
    rwRETURN            shift, and go to state 10
    rwWHILE             shift, and go to state 11
    rwDO                shift, and go to state 12
    rwFOR               shift, and go to state 13
    rwFOREACH           shift, and go to state 14
    rwFOREACHSTR        shift, and go to state 15
    rwDATABLOCK         shift, and go to state 16
    rwSWITCH            shift, and go to state 17
    rwSWITCHSTR         shift, and go to state 18
    rwASSERT            shift, and go to state 20
    INTCONST            shift, and go to state 21
    TTAG                shift, and go to state 22
    VAR                 shift, and go to state 23
    IDENT               shift, and go to state 24
    DOCBLOCK            shift, and go to state 25
    STRATOM             shift, and go to state 26
    TAGATOM             shift, and go to state 27
    FLTCONST            shift, and go to state 28
    '-'                 shift, and go to state 29
    '*'                 shift, and go to state 30
    '('                 shift, and go to state 31
    '}'                 shift, and go to state 483
    '~'                 shift, and go to state 32
    '!'                 shift, and go to state 33
    rwPRINT             shift, and go to state 34
    rwPRINTF            shift, and go to state 35
    rwSPRINTF           shift, and go to state 36
    rwRANDOMF           shift, and go to state 37
    rwFLOOR             shift, and go to state 38
    rwCEIL              shift, and go to state 39
    rwFABS              shift, and go to state 40
    rwSIN               shift, and go to state 41
    rwCOS               shift, and go to state 42
    rwATAN              shift, and go to state 43
    rwTANH              shift, and go to state 44
    rwSQRT              shift, and go to state 45
    rwISZERO            shift, and go to state 46
    rwFMOD              shift, and go to state 47
    rwMIN               shift, and go to state 48
    rwMAX               shift, and go to state 49
    rwATAN2             shift, and go to state 50
    rwPOW               shift, and go to state 51
    rwCLAMP             shift, and go to state 52
    rwCLAMPF            shift, and go to state 53
    rwLERP              shift, and go to state 54
    rwSMOOTHSTEP        shift, and go to state 55
    rwFN                shift, and go to state 56
    '['                 shift, and go to state 57

    stmt                 go to state 298
    datablock_decl       go to state 62
    object_decl          go to state 63
    switch_stmt          go to state 64
    if_stmt              go to state 65
    while_stmt           go to state 66
    for_stmt             go to state 67
    foreach_stmt         go to state 68
    expression_stmt      go to state 69
    expr                 go to state 70
    slot_acc             go to state 71
    intslot_acc          go to state 72
    stmt_expr            go to state 73
    funcall_expr         go to state 74
    assert_expr          go to state 75
    inline_command_expr  go to state 76


State 450

   31 fn_decl_stmt: rwDEFINE IDENT opCOLONCOLON IDENT '(' func_var_list_decl ')' • '{' statement_list '}'

    '{'  shift, and go to state 484


State 451

   47 object_decl: rwDECLARE class_name_expr '(' '[' object_name ']' parent_block • object_args ')' '{' object_declare_block '}'
   48            | rwDECLARE class_name_expr '(' '[' object_name ']' parent_block • object_args ')'

    ','  shift, and go to state 412

    $default  reduce using rule 55 (object_args)

    object_args  go to state 485


State 452

   56 object_args: ',' expr_list •
  209 expr_list: expr_list • ',' expr

    ','  shift, and go to state 294

    $default  reduce using rule 56 (object_args)


State 453

   45 object_decl: rwDECLARE class_name_expr '(' object_name parent_block object_args ')' • '{' object_declare_block '}'
   46            | rwDECLARE class_name_expr '(' object_name parent_block object_args ')' •

    '{'  shift, and go to state 486

    $default  reduce using rule 46 (object_decl)


State 454

   49 object_decl: rwDECLARESINGLETON class_name_expr '(' object_name parent_block object_args ')' • '{' object_declare_block '}'
   50            | rwDECLARESINGLETON class_name_expr '(' object_name parent_block object_args ')' •

    '{'  shift, and go to state 487

    $default  reduce using rule 50 (object_decl)


State 455

   73 if_stmt: rwIF '(' expr ')' stmt_block rwELSE stmt_block •

    $default  reduce using rule 73 (if_stmt)


State 456

   88 for_stmt: rwFOR '(' VAR rwIN rwRANGE expr ')' • stmt_block

    rwDECLARE           shift, and go to state 5
    rwDECLARESINGLETON  shift, and go to state 6
    rwBREAK             shift, and go to state 7
    rwCONTINUE          shift, and go to state 8
    rwIF                shift, and go to state 9
    rwRETURN            shift, and go to state 10
    rwWHILE             shift, and go to state 11
    rwDO                shift, and go to state 12
    rwFOR               shift, and go to state 13
    rwFOREACH           shift, and go to state 14
    rwFOREACHSTR        shift, and go to state 15
    rwDATABLOCK         shift, and go to state 16
    rwSWITCH            shift, and go to state 17
    rwSWITCHSTR         shift, and go to state 18
    rwASSERT            shift, and go to state 20
    INTCONST            shift, and go to state 21
    TTAG                shift, and go to state 22
    VAR                 shift, and go to state 23
    IDENT               shift, and go to state 24
    DOCBLOCK            shift, and go to state 25
    STRATOM             shift, and go to state 26
    TAGATOM             shift, and go to state 27
    FLTCONST            shift, and go to state 28
    '-'                 shift, and go to state 29
    '*'                 shift, and go to state 30
    '('                 shift, and go to state 31
    '{'                 shift, and go to state 92
    '~'                 shift, and go to state 32
    '!'                 shift, and go to state 33
    rwPRINT             shift, and go to state 34
    rwPRINTF            shift, and go to state 35
    rwSPRINTF           shift, and go to state 36
    rwRANDOMF           shift, and go to state 37
    rwFLOOR             shift, and go to state 38
    rwCEIL              shift, and go to state 39
    rwFABS              shift, and go to state 40
    rwSIN               shift, and go to state 41
    rwCOS               shift, and go to state 42
    rwATAN              shift, and go to state 43
    rwTANH              shift, and go to state 44
    rwSQRT              shift, and go to state 45
    rwISZERO            shift, and go to state 46
    rwFMOD              shift, and go to state 47
    rwMIN               shift, and go to state 48
    rwMAX               shift, and go to state 49
    rwATAN2             shift, and go to state 50
    rwPOW               shift, and go to state 51
    rwCLAMP             shift, and go to state 52
    rwCLAMPF            shift, and go to state 53
    rwLERP              shift, and go to state 54
    rwSMOOTHSTEP        shift, and go to state 55
    rwFN                shift, and go to state 56
    '['                 shift, and go to state 57

    stmt                 go to state 93
    datablock_decl       go to state 62
    object_decl          go to state 63
    stmt_block           go to state 488
    switch_stmt          go to state 64
    if_stmt              go to state 65
    while_stmt           go to state 66
    for_stmt             go to state 67
    foreach_stmt         go to state 68
    expression_stmt      go to state 69
    expr                 go to state 70
    slot_acc             go to state 71
    intslot_acc          go to state 72
    stmt_expr            go to state 73
    funcall_expr         go to state 74
    assert_expr          go to state 75
    inline_command_expr  go to state 76


State 457

   85 for_stmt: rwFOR '(' VAR rwIN rwRANGE expr opDOTDOT • expr ')' stmt_block
   87         | rwFOR '(' VAR rwIN rwRANGE expr opDOTDOT • expr rwSTEP expr ')' stmt_block

    rwDECLARE           shift, and go to state 5
    rwDECLARESINGLETON  shift, and go to state 6
    rwBREAK             shift, and go to state 85
    rwASSERT            shift, and go to state 20
    INTCONST            shift, and go to state 21
    TTAG                shift, and go to state 86
    VAR                 shift, and go to state 23
    IDENT               shift, and go to state 24
    STRATOM             shift, and go to state 26
    TAGATOM             shift, and go to state 27
    FLTCONST            shift, and go to state 28
    '-'                 shift, and go to state 29
    '*'                 shift, and go to state 30
    '('                 shift, and go to state 31
    '~'                 shift, and go to state 32
    '!'                 shift, and go to state 33
    rwPRINT             shift, and go to state 34
    rwPRINTF            shift, and go to state 35
    rwSPRINTF           shift, and go to state 36
    rwRANDOMF           shift, and go to state 37
    rwFLOOR             shift, and go to state 38
    rwCEIL              shift, and go to state 39
    rwFABS              shift, and go to state 40
    rwSIN               shift, and go to state 41
    rwCOS               shift, and go to state 42
    rwATAN              shift, and go to state 43
    rwTANH              shift, and go to state 44
    rwSQRT              shift, and go to state 45
    rwISZERO            shift, and go to state 46
    rwFMOD              shift, and go to state 47
    rwMIN               shift, and go to state 48
    rwMAX               shift, and go to state 49
    rwATAN2             shift, and go to state 50
    rwPOW               shift, and go to state 51
    rwCLAMP             shift, and go to state 52
    rwCLAMPF            shift, and go to state 53
    rwLERP              shift, and go to state 54
    rwSMOOTHSTEP        shift, and go to state 55
    rwFN                shift, and go to state 56

    object_decl          go to state 63
    expr                 go to state 489
    slot_acc             go to state 71
    intslot_acc          go to state 72
    stmt_expr            go to state 90
    funcall_expr         go to state 74
    assert_expr          go to state 75
    inline_command_expr  go to state 76


State 458

   84 for_stmt: rwFOR '(' VAR rwIN expr opDOTDOT expr • ')' stmt_block
   86         | rwFOR '(' VAR rwIN expr opDOTDOT expr • rwSTEP expr ')' stmt_block
   99 expr: expr • '^' expr
  100     | expr • '%' expr
  101     | expr • '&' expr
  102     | expr • '|' expr
  103     | expr • '+' expr
  104     | expr • '-' expr
  105     | expr • '*' expr
  106     | expr • '/' expr
  110     | expr • '?' expr ':' expr
  111     | expr • '?' '{' expr_list '}' ':' '{' expr_list '}'
  112     | expr • '?' expr ':' '{' expr_list '}'
  113     | expr • '?' '{' expr_list '}' ':' expr
  114     | expr • '<' expr
  115     | expr • '>' expr
  116     | expr • opGE expr
  117     | expr • opLE expr
  118     | expr • opEQ expr
  119     | expr • opNE expr
  120     | expr • opOR expr
  121     | expr • opSHL expr
  122     | expr • opSHR expr
  123     | expr • opAND expr
  124     | expr • opSTREQ expr
  125     | expr • opSTRNE expr
  126     | expr • '@' expr
  140 slot_acc: expr • '.' IDENT
  141         | expr • '.' IDENT '[' aidx_expr ']'
  142 intslot_acc: expr • opINTNAME class_name_expr
  143            | expr • opINTNAMER class_name_expr
  175 funcall_expr: expr • '.' IDENT '(' func_arg_list_decl ')'

    '+'         shift, and go to state 154
    '-'         shift, and go to state 155
    '*'         shift, and go to state 156
    '/'         shift, and go to state 157
    '<'         shift, and go to state 158
    '>'         shift, and go to state 159
    '.'         shift, and go to state 160
    '|'         shift, and go to state 161
    '&'         shift, and go to state 162
    '%'         shift, and go to state 163
    ')'         shift, and go to state 490
    '^'         shift, and go to state 164
    '@'         shift, and go to state 165
    opINTNAME   shift, and go to state 166
    opINTNAMER  shift, and go to state 167
    opSHL       shift, and go to state 168
    opSHR       shift, and go to state 169
    opEQ        shift, and go to state 170
    opNE        shift, and go to state 171
    opGE        shift, and go to state 172
    opLE        shift, and go to state 173
    opAND       shift, and go to state 174
    opOR        shift, and go to state 175
    opSTREQ     shift, and go to state 176
    opSTRNE     shift, and go to state 177
    rwSTEP      shift, and go to state 491
    '?'         shift, and go to state 178


State 459

   82 for_stmt: rwFOR '(' ';' ';' expr ')' stmt_block •

    $default  reduce using rule 82 (for_stmt)


State 460

   81 for_stmt: rwFOR '(' ';' expr ';' ')' stmt_block •

    $default  reduce using rule 81 (for_stmt)


State 461

   80 for_stmt: rwFOR '(' ';' expr ';' expr ')' • stmt_block

    rwDECLARE           shift, and go to state 5
    rwDECLARESINGLETON  shift, and go to state 6
    rwBREAK             shift, and go to state 7
    rwCONTINUE          shift, and go to state 8
    rwIF                shift, and go to state 9
    rwRETURN            shift, and go to state 10
    rwWHILE             shift, and go to state 11
    rwDO                shift, and go to state 12
    rwFOR               shift, and go to state 13
    rwFOREACH           shift, and go to state 14
    rwFOREACHSTR        shift, and go to state 15
    rwDATABLOCK         shift, and go to state 16
    rwSWITCH            shift, and go to state 17
    rwSWITCHSTR         shift, and go to state 18
    rwASSERT            shift, and go to state 20
    INTCONST            shift, and go to state 21
    TTAG                shift, and go to state 22
    VAR                 shift, and go to state 23
    IDENT               shift, and go to state 24
    DOCBLOCK            shift, and go to state 25
    STRATOM             shift, and go to state 26
    TAGATOM             shift, and go to state 27
    FLTCONST            shift, and go to state 28
    '-'                 shift, and go to state 29
    '*'                 shift, and go to state 30
    '('                 shift, and go to state 31
    '{'                 shift, and go to state 92
    '~'                 shift, and go to state 32
    '!'                 shift, and go to state 33
    rwPRINT             shift, and go to state 34
    rwPRINTF            shift, and go to state 35
    rwSPRINTF           shift, and go to state 36
    rwRANDOMF           shift, and go to state 37
    rwFLOOR             shift, and go to state 38
    rwCEIL              shift, and go to state 39
    rwFABS              shift, and go to state 40
    rwSIN               shift, and go to state 41
    rwCOS               shift, and go to state 42
    rwATAN              shift, and go to state 43
    rwTANH              shift, and go to state 44
    rwSQRT              shift, and go to state 45
    rwISZERO            shift, and go to state 46
    rwFMOD              shift, and go to state 47
    rwMIN               shift, and go to state 48
    rwMAX               shift, and go to state 49
    rwATAN2             shift, and go to state 50
    rwPOW               shift, and go to state 51
    rwCLAMP             shift, and go to state 52
    rwCLAMPF            shift, and go to state 53
    rwLERP              shift, and go to state 54
    rwSMOOTHSTEP        shift, and go to state 55
    rwFN                shift, and go to state 56
    '['                 shift, and go to state 57

    stmt                 go to state 93
    datablock_decl       go to state 62
    object_decl          go to state 63
    stmt_block           go to state 492
    switch_stmt          go to state 64
    if_stmt              go to state 65
    while_stmt           go to state 66
    for_stmt             go to state 67
    foreach_stmt         go to state 68
    expression_stmt      go to state 69
    expr                 go to state 70
    slot_acc             go to state 71
    intslot_acc          go to state 72
    stmt_expr            go to state 73
    funcall_expr         go to state 74
    assert_expr          go to state 75
    inline_command_expr  go to state 76


State 462

   79 for_stmt: rwFOR '(' expr ';' ';' ')' stmt_block •

    $default  reduce using rule 79 (for_stmt)


State 463

   78 for_stmt: rwFOR '(' expr ';' ';' expr ')' • stmt_block

    rwDECLARE           shift, and go to state 5
    rwDECLARESINGLETON  shift, and go to state 6
    rwBREAK             shift, and go to state 7
    rwCONTINUE          shift, and go to state 8
    rwIF                shift, and go to state 9
    rwRETURN            shift, and go to state 10
    rwWHILE             shift, and go to state 11
    rwDO                shift, and go to state 12
    rwFOR               shift, and go to state 13
    rwFOREACH           shift, and go to state 14
    rwFOREACHSTR        shift, and go to state 15
    rwDATABLOCK         shift, and go to state 16
    rwSWITCH            shift, and go to state 17
    rwSWITCHSTR         shift, and go to state 18
    rwASSERT            shift, and go to state 20
    INTCONST            shift, and go to state 21
    TTAG                shift, and go to state 22
    VAR                 shift, and go to state 23
    IDENT               shift, and go to state 24
    DOCBLOCK            shift, and go to state 25
    STRATOM             shift, and go to state 26
    TAGATOM             shift, and go to state 27
    FLTCONST            shift, and go to state 28
    '-'                 shift, and go to state 29
    '*'                 shift, and go to state 30
    '('                 shift, and go to state 31
    '{'                 shift, and go to state 92
    '~'                 shift, and go to state 32
    '!'                 shift, and go to state 33
    rwPRINT             shift, and go to state 34
    rwPRINTF            shift, and go to state 35
    rwSPRINTF           shift, and go to state 36
    rwRANDOMF           shift, and go to state 37
    rwFLOOR             shift, and go to state 38
    rwCEIL              shift, and go to state 39
    rwFABS              shift, and go to state 40
    rwSIN               shift, and go to state 41
    rwCOS               shift, and go to state 42
    rwATAN              shift, and go to state 43
    rwTANH              shift, and go to state 44
    rwSQRT              shift, and go to state 45
    rwISZERO            shift, and go to state 46
    rwFMOD              shift, and go to state 47
    rwMIN               shift, and go to state 48
    rwMAX               shift, and go to state 49
    rwATAN2             shift, and go to state 50
    rwPOW               shift, and go to state 51
    rwCLAMP             shift, and go to state 52
    rwCLAMPF            shift, and go to state 53
    rwLERP              shift, and go to state 54
    rwSMOOTHSTEP        shift, and go to state 55
    rwFN                shift, and go to state 56
    '['                 shift, and go to state 57

    stmt                 go to state 93
    datablock_decl       go to state 62
    object_decl          go to state 63
    stmt_block           go to state 493
    switch_stmt          go to state 64
    if_stmt              go to state 65
    while_stmt           go to state 66
    for_stmt             go to state 67
    foreach_stmt         go to state 68
    expression_stmt      go to state 69
    expr                 go to state 70
    slot_acc             go to state 71
    intslot_acc          go to state 72
    stmt_expr            go to state 73
    funcall_expr         go to state 74
    assert_expr          go to state 75
    inline_command_expr  go to state 76


State 464

   77 for_stmt: rwFOR '(' expr ';' expr ';' ')' • stmt_block

    rwDECLARE           shift, and go to state 5
    rwDECLARESINGLETON  shift, and go to state 6
    rwBREAK             shift, and go to state 7
    rwCONTINUE          shift, and go to state 8
    rwIF                shift, and go to state 9
    rwRETURN            shift, and go to state 10
    rwWHILE             shift, and go to state 11
    rwDO                shift, and go to state 12
    rwFOR               shift, and go to state 13
    rwFOREACH           shift, and go to state 14
    rwFOREACHSTR        shift, and go to state 15
    rwDATABLOCK         shift, and go to state 16
    rwSWITCH            shift, and go to state 17
    rwSWITCHSTR         shift, and go to state 18
    rwASSERT            shift, and go to state 20
    INTCONST            shift, and go to state 21
    TTAG                shift, and go to state 22
    VAR                 shift, and go to state 23
    IDENT               shift, and go to state 24
    DOCBLOCK            shift, and go to state 25
    STRATOM             shift, and go to state 26
    TAGATOM             shift, and go to state 27
    FLTCONST            shift, and go to state 28
    '-'                 shift, and go to state 29
    '*'                 shift, and go to state 30
    '('                 shift, and go to state 31
    '{'                 shift, and go to state 92
    '~'                 shift, and go to state 32
    '!'                 shift, and go to state 33
    rwPRINT             shift, and go to state 34
    rwPRINTF            shift, and go to state 35
    rwSPRINTF           shift, and go to state 36
    rwRANDOMF           shift, and go to state 37
    rwFLOOR             shift, and go to state 38
    rwCEIL              shift, and go to state 39
    rwFABS              shift, and go to state 40
    rwSIN               shift, and go to state 41
    rwCOS               shift, and go to state 42
    rwATAN              shift, and go to state 43
    rwTANH              shift, and go to state 44
    rwSQRT              shift, and go to state 45
    rwISZERO            shift, and go to state 46
    rwFMOD              shift, and go to state 47
    rwMIN               shift, and go to state 48
    rwMAX               shift, and go to state 49
    rwATAN2             shift, and go to state 50
    rwPOW               shift, and go to state 51
    rwCLAMP             shift, and go to state 52
    rwCLAMPF            shift, and go to state 53
    rwLERP              shift, and go to state 54
    rwSMOOTHSTEP        shift, and go to state 55
    rwFN                shift, and go to state 56
    '['                 shift, and go to state 57

    stmt                 go to state 93
    datablock_decl       go to state 62
    object_decl          go to state 63
    stmt_block           go to state 494
    switch_stmt          go to state 64
    if_stmt              go to state 65
    while_stmt           go to state 66
    for_stmt             go to state 67
    foreach_stmt         go to state 68
    expression_stmt      go to state 69
    expr                 go to state 70
    slot_acc             go to state 71
    intslot_acc          go to state 72
    stmt_expr            go to state 73
    funcall_expr         go to state 74
    assert_expr          go to state 75
    inline_command_expr  go to state 76


State 465

   76 for_stmt: rwFOR '(' expr ';' expr ';' expr • ')' stmt_block
   99 expr: expr • '^' expr
  100     | expr • '%' expr
  101     | expr • '&' expr
  102     | expr • '|' expr
  103     | expr • '+' expr
  104     | expr • '-' expr
  105     | expr • '*' expr
  106     | expr • '/' expr
  110     | expr • '?' expr ':' expr
  111     | expr • '?' '{' expr_list '}' ':' '{' expr_list '}'
  112     | expr • '?' expr ':' '{' expr_list '}'
  113     | expr • '?' '{' expr_list '}' ':' expr
  114     | expr • '<' expr
  115     | expr • '>' expr
  116     | expr • opGE expr
  117     | expr • opLE expr
  118     | expr • opEQ expr
  119     | expr • opNE expr
  120     | expr • opOR expr
  121     | expr • opSHL expr
  122     | expr • opSHR expr
  123     | expr • opAND expr
  124     | expr • opSTREQ expr
  125     | expr • opSTRNE expr
  126     | expr • '@' expr
  140 slot_acc: expr • '.' IDENT
  141         | expr • '.' IDENT '[' aidx_expr ']'
  142 intslot_acc: expr • opINTNAME class_name_expr
  143            | expr • opINTNAMER class_name_expr
  175 funcall_expr: expr • '.' IDENT '(' func_arg_list_decl ')'

    '+'         shift, and go to state 154
    '-'         shift, and go to state 155
    '*'         shift, and go to state 156
    '/'         shift, and go to state 157
    '<'         shift, and go to state 158
    '>'         shift, and go to state 159
    '.'         shift, and go to state 160
    '|'         shift, and go to state 161
    '&'         shift, and go to state 162
    '%'         shift, and go to state 163
    ')'         shift, and go to state 495
    '^'         shift, and go to state 164
    '@'         shift, and go to state 165
    opINTNAME   shift, and go to state 166
    opINTNAMER  shift, and go to state 167
    opSHL       shift, and go to state 168
    opSHR       shift, and go to state 169
    opEQ        shift, and go to state 170
    opNE        shift, and go to state 171
    opGE        shift, and go to state 172
    opLE        shift, and go to state 173
    opAND       shift, and go to state 174
    opOR        shift, and go to state 175
    opSTREQ     shift, and go to state 176
    opSTRNE     shift, and go to state 177
    '?'         shift, and go to state 178


State 466

   95 foreach_stmt: rwFOREACH '(' VAR rwIN rwRANGE expr ')' • stmt_block

    rwDECLARE           shift, and go to state 5
    rwDECLARESINGLETON  shift, and go to state 6
    rwBREAK             shift, and go to state 7
    rwCONTINUE          shift, and go to state 8
    rwIF                shift, and go to state 9
    rwRETURN            shift, and go to state 10
    rwWHILE             shift, and go to state 11
    rwDO                shift, and go to state 12
    rwFOR               shift, and go to state 13
    rwFOREACH           shift, and go to state 14
    rwFOREACHSTR        shift, and go to state 15
    rwDATABLOCK         shift, and go to state 16
    rwSWITCH            shift, and go to state 17
    rwSWITCHSTR         shift, and go to state 18
    rwASSERT            shift, and go to state 20
    INTCONST            shift, and go to state 21
    TTAG                shift, and go to state 22
    VAR                 shift, and go to state 23
    IDENT               shift, and go to state 24
    DOCBLOCK            shift, and go to state 25
    STRATOM             shift, and go to state 26
    TAGATOM             shift, and go to state 27
    FLTCONST            shift, and go to state 28
    '-'                 shift, and go to state 29
    '*'                 shift, and go to state 30
    '('                 shift, and go to state 31
    '{'                 shift, and go to state 92
    '~'                 shift, and go to state 32
    '!'                 shift, and go to state 33
    rwPRINT             shift, and go to state 34
    rwPRINTF            shift, and go to state 35
    rwSPRINTF           shift, and go to state 36
    rwRANDOMF           shift, and go to state 37
    rwFLOOR             shift, and go to state 38
    rwCEIL              shift, and go to state 39
    rwFABS              shift, and go to state 40
    rwSIN               shift, and go to state 41
    rwCOS               shift, and go to state 42
    rwATAN              shift, and go to state 43
    rwTANH              shift, and go to state 44
    rwSQRT              shift, and go to state 45
    rwISZERO            shift, and go to state 46
    rwFMOD              shift, and go to state 47
    rwMIN               shift, and go to state 48
    rwMAX               shift, and go to state 49
    rwATAN2             shift, and go to state 50
    rwPOW               shift, and go to state 51
    rwCLAMP             shift, and go to state 52
    rwCLAMPF            shift, and go to state 53
    rwLERP              shift, and go to state 54
    rwSMOOTHSTEP        shift, and go to state 55
    rwFN                shift, and go to state 56
    '['                 shift, and go to state 57

    stmt                 go to state 93
    datablock_decl       go to state 62
    object_decl          go to state 63
    stmt_block           go to state 496
    switch_stmt          go to state 64
    if_stmt              go to state 65
    while_stmt           go to state 66
    for_stmt             go to state 67
    foreach_stmt         go to state 68
    expression_stmt      go to state 69
    expr                 go to state 70
    slot_acc             go to state 71
    intslot_acc          go to state 72
    stmt_expr            go to state 73
    funcall_expr         go to state 74
    assert_expr          go to state 75
    inline_command_expr  go to state 76


State 467

   92 foreach_stmt: rwFOREACH '(' VAR rwIN rwRANGE expr opDOTDOT • expr ')' stmt_block
   94             | rwFOREACH '(' VAR rwIN rwRANGE expr opDOTDOT • expr rwSTEP expr ')' stmt_block

    rwDECLARE           shift, and go to state 5
    rwDECLARESINGLETON  shift, and go to state 6
    rwBREAK             shift, and go to state 85
    rwASSERT            shift, and go to state 20
    INTCONST            shift, and go to state 21
    TTAG                shift, and go to state 86
    VAR                 shift, and go to state 23
    IDENT               shift, and go to state 24
    STRATOM             shift, and go to state 26
    TAGATOM             shift, and go to state 27
    FLTCONST            shift, and go to state 28
    '-'                 shift, and go to state 29
    '*'                 shift, and go to state 30
    '('                 shift, and go to state 31
    '~'                 shift, and go to state 32
    '!'                 shift, and go to state 33
    rwPRINT             shift, and go to state 34
    rwPRINTF            shift, and go to state 35
    rwSPRINTF           shift, and go to state 36
    rwRANDOMF           shift, and go to state 37
    rwFLOOR             shift, and go to state 38
    rwCEIL              shift, and go to state 39
    rwFABS              shift, and go to state 40
    rwSIN               shift, and go to state 41
    rwCOS               shift, and go to state 42
    rwATAN              shift, and go to state 43
    rwTANH              shift, and go to state 44
    rwSQRT              shift, and go to state 45
    rwISZERO            shift, and go to state 46
    rwFMOD              shift, and go to state 47
    rwMIN               shift, and go to state 48
    rwMAX               shift, and go to state 49
    rwATAN2             shift, and go to state 50
    rwPOW               shift, and go to state 51
    rwCLAMP             shift, and go to state 52
    rwCLAMPF            shift, and go to state 53
    rwLERP              shift, and go to state 54
    rwSMOOTHSTEP        shift, and go to state 55
    rwFN                shift, and go to state 56

    object_decl          go to state 63
    expr                 go to state 497
    slot_acc             go to state 71
    intslot_acc          go to state 72
    stmt_expr            go to state 90
    funcall_expr         go to state 74
    assert_expr          go to state 75
    inline_command_expr  go to state 76


State 468

   89 foreach_stmt: rwFOREACH '(' VAR rwIN expr ')' stmt_block •

    $default  reduce using rule 89 (foreach_stmt)


State 469

   91 foreach_stmt: rwFOREACH '(' VAR rwIN expr opDOTDOT expr • ')' stmt_block
   93             | rwFOREACH '(' VAR rwIN expr opDOTDOT expr • rwSTEP expr ')' stmt_block
   99 expr: expr • '^' expr
  100     | expr • '%' expr
  101     | expr • '&' expr
  102     | expr • '|' expr
  103     | expr • '+' expr
  104     | expr • '-' expr
  105     | expr • '*' expr
  106     | expr • '/' expr
  110     | expr • '?' expr ':' expr
  111     | expr • '?' '{' expr_list '}' ':' '{' expr_list '}'
  112     | expr • '?' expr ':' '{' expr_list '}'
  113     | expr • '?' '{' expr_list '}' ':' expr
  114     | expr • '<' expr
  115     | expr • '>' expr
  116     | expr • opGE expr
  117     | expr • opLE expr
  118     | expr • opEQ expr
  119     | expr • opNE expr
  120     | expr • opOR expr
  121     | expr • opSHL expr
  122     | expr • opSHR expr
  123     | expr • opAND expr
  124     | expr • opSTREQ expr
  125     | expr • opSTRNE expr
  126     | expr • '@' expr
  140 slot_acc: expr • '.' IDENT
  141         | expr • '.' IDENT '[' aidx_expr ']'
  142 intslot_acc: expr • opINTNAME class_name_expr
  143            | expr • opINTNAMER class_name_expr
  175 funcall_expr: expr • '.' IDENT '(' func_arg_list_decl ')'

    '+'         shift, and go to state 154
    '-'         shift, and go to state 155
    '*'         shift, and go to state 156
    '/'         shift, and go to state 157
    '<'         shift, and go to state 158
    '>'         shift, and go to state 159
    '.'         shift, and go to state 160
    '|'         shift, and go to state 161
    '&'         shift, and go to state 162
    '%'         shift, and go to state 163
    ')'         shift, and go to state 498
    '^'         shift, and go to state 164
    '@'         shift, and go to state 165
    opINTNAME   shift, and go to state 166
    opINTNAMER  shift, and go to state 167
    opSHL       shift, and go to state 168
    opSHR       shift, and go to state 169
    opEQ        shift, and go to state 170
    opNE        shift, and go to state 171
    opGE        shift, and go to state 172
    opLE        shift, and go to state 173
    opAND       shift, and go to state 174
    opOR        shift, and go to state 175
    opSTREQ     shift, and go to state 176
    opSTRNE     shift, and go to state 177
    rwSTEP      shift, and go to state 499
    '?'         shift, and go to state 178


State 470

   90 foreach_stmt: rwFOREACHSTR '(' VAR rwIN expr ')' stmt_block •

    $default  reduce using rule 90 (foreach_stmt)


State 471

   44 datablock_decl: rwDATABLOCK class_name_expr '(' expr parent_block ')' '{' • slot_assign_list_opt '}' ';'

    rwDATABLOCK  shift, and go to state 500
    IDENT        shift, and go to state 501
    TYPEIDENT    shift, and go to state 502

    $default  reduce using rule 210 (slot_assign_list_opt)

    slot_assign_list_opt  go to state 503
    slot_assign_list      go to state 504
    slot_assign           go to state 505


State 472

   67 case_block: rwCASE case_expr • ':' statement_list
   68           | rwCASE case_expr • ':' statement_list rwDEFAULT ':' statement_list
   69           | rwCASE case_expr • ':' statement_list case_block
   71 case_expr: case_expr • rwCASEOR expr

    rwCASEOR  shift, and go to state 506
    ':'       shift, and go to state 507


State 473

   70 case_expr: expr •
   99 expr: expr • '^' expr
  100     | expr • '%' expr
  101     | expr • '&' expr
  102     | expr • '|' expr
  103     | expr • '+' expr
  104     | expr • '-' expr
  105     | expr • '*' expr
  106     | expr • '/' expr
  110     | expr • '?' expr ':' expr
  111     | expr • '?' '{' expr_list '}' ':' '{' expr_list '}'
  112     | expr • '?' expr ':' '{' expr_list '}'
  113     | expr • '?' '{' expr_list '}' ':' expr
  114     | expr • '<' expr
  115     | expr • '>' expr
  116     | expr • opGE expr
  117     | expr • opLE expr
  118     | expr • opEQ expr
  119     | expr • opNE expr
  120     | expr • opOR expr
  121     | expr • opSHL expr
  122     | expr • opSHR expr
  123     | expr • opAND expr
  124     | expr • opSTREQ expr
  125     | expr • opSTRNE expr
  126     | expr • '@' expr
  140 slot_acc: expr • '.' IDENT
  141         | expr • '.' IDENT '[' aidx_expr ']'
  142 intslot_acc: expr • opINTNAME class_name_expr
  143            | expr • opINTNAMER class_name_expr
  175 funcall_expr: expr • '.' IDENT '(' func_arg_list_decl ')'

    '+'         shift, and go to state 154
    '-'         shift, and go to state 155
    '*'         shift, and go to state 156
    '/'         shift, and go to state 157
    '<'         shift, and go to state 158
    '>'         shift, and go to state 159
    '.'         shift, and go to state 160
    '|'         shift, and go to state 161
    '&'         shift, and go to state 162
    '%'         shift, and go to state 163
    '^'         shift, and go to state 164
    '@'         shift, and go to state 165
    opINTNAME   shift, and go to state 166
    opINTNAMER  shift, and go to state 167
    opSHL       shift, and go to state 168
    opSHR       shift, and go to state 169
    opEQ        shift, and go to state 170
    opNE        shift, and go to state 171
    opGE        shift, and go to state 172
    opLE        shift, and go to state 173
    opAND       shift, and go to state 174
    opOR        shift, and go to state 175
    opSTREQ     shift, and go to state 176
    opSTRNE     shift, and go to state 177
    '?'         shift, and go to state 178

    $default  reduce using rule 70 (case_expr)


State 474

   65 switch_stmt: rwSWITCH '(' expr ')' '{' case_block '}' •

    $default  reduce using rule 65 (switch_stmt)


State 475

   66 switch_stmt: rwSWITCHSTR '(' expr ')' '{' case_block '}' •

    $default  reduce using rule 66 (switch_stmt)


State 476

  166 stmt_expr: VAR '[' aidx_expr ']' '=' '{' expr_list • '}'
  209 expr_list: expr_list • ',' expr

    ','  shift, and go to state 294
    '}'  shift, and go to state 508


State 477

  139 expr: rwFN '(' func_var_list_decl ')' '{' statement_list '}' •

    $default  reduce using rule 139 (expr)


State 478

   28 stmt: '[' unpack_var_list ']' '=' '{' expr_list '}' • ';'

    ';'  shift, and go to state 509


State 479

   29 stmt: '[' unpack_var_list ']' '=' '[' expr_list ']' • ';'

    ';'  shift, and go to state 510


State 480

  111 expr: expr '?' '{' expr_list '}' ':' '{' • expr_list '}'

    rwDECLARE           shift, and go to state 5
    rwDECLARESINGLETON  shift, and go to state 6
    rwBREAK             shift, and go to state 85
    rwASSERT            shift, and go to state 20
    INTCONST            shift, and go to state 21
    TTAG                shift, and go to state 86
    VAR                 shift, and go to state 23
    IDENT               shift, and go to state 24
    STRATOM             shift, and go to state 26
    TAGATOM             shift, and go to state 27
    FLTCONST            shift, and go to state 28
    '-'                 shift, and go to state 29
    '*'                 shift, and go to state 30
    '('                 shift, and go to state 31
    '~'                 shift, and go to state 32
    '!'                 shift, and go to state 33
    rwPRINT             shift, and go to state 34
    rwPRINTF            shift, and go to state 35
    rwSPRINTF           shift, and go to state 36
    rwRANDOMF           shift, and go to state 37
    rwFLOOR             shift, and go to state 38
    rwCEIL              shift, and go to state 39
    rwFABS              shift, and go to state 40
    rwSIN               shift, and go to state 41
    rwCOS               shift, and go to state 42
    rwATAN              shift, and go to state 43
    rwTANH              shift, and go to state 44
    rwSQRT              shift, and go to state 45
    rwISZERO            shift, and go to state 46
    rwFMOD              shift, and go to state 47
    rwMIN               shift, and go to state 48
    rwMAX               shift, and go to state 49
    rwATAN2             shift, and go to state 50
    rwPOW               shift, and go to state 51
    rwCLAMP             shift, and go to state 52
    rwCLAMPF            shift, and go to state 53
    rwLERP              shift, and go to state 54
    rwSMOOTHSTEP        shift, and go to state 55
    rwFN                shift, and go to state 56

    object_decl          go to state 63
    expr                 go to state 187
    slot_acc             go to state 71
    intslot_acc          go to state 72
    stmt_expr            go to state 90
    funcall_expr         go to state 74
    assert_expr          go to state 75
    inline_command_expr  go to state 76
    expr_list            go to state 511


State 481

   99 expr: expr • '^' expr
  100     | expr • '%' expr
  101     | expr • '&' expr
  102     | expr • '|' expr
  103     | expr • '+' expr
  104     | expr • '-' expr
  105     | expr • '*' expr
  106     | expr • '/' expr
  110     | expr • '?' expr ':' expr
  111     | expr • '?' '{' expr_list '}' ':' '{' expr_list '}'
  112     | expr • '?' expr ':' '{' expr_list '}'
  113     | expr • '?' '{' expr_list '}' ':' expr
  113     | expr '?' '{' expr_list '}' ':' expr •
  114     | expr • '<' expr
  115     | expr • '>' expr
  116     | expr • opGE expr
  117     | expr • opLE expr
  118     | expr • opEQ expr
  119     | expr • opNE expr
  120     | expr • opOR expr
  121     | expr • opSHL expr
  122     | expr • opSHR expr
  123     | expr • opAND expr
  124     | expr • opSTREQ expr
  125     | expr • opSTRNE expr
  126     | expr • '@' expr
  140 slot_acc: expr • '.' IDENT
  141         | expr • '.' IDENT '[' aidx_expr ']'
  142 intslot_acc: expr • opINTNAME class_name_expr
  143            | expr • opINTNAMER class_name_expr
  175 funcall_expr: expr • '.' IDENT '(' func_arg_list_decl ')'

    '+'         shift, and go to state 154
    '-'         shift, and go to state 155
    '*'         shift, and go to state 156
    '/'         shift, and go to state 157
    '<'         shift, and go to state 158
    '>'         shift, and go to state 159
    '.'         shift, and go to state 160
    '|'         shift, and go to state 161
    '&'         shift, and go to state 162
    '%'         shift, and go to state 163
    '^'         shift, and go to state 164
    '@'         shift, and go to state 165
    opINTNAME   shift, and go to state 166
    opINTNAMER  shift, and go to state 167
    opSHL       shift, and go to state 168
    opSHR       shift, and go to state 169
    opEQ        shift, and go to state 170
    opNE        shift, and go to state 171
    opGE        shift, and go to state 172
    opLE        shift, and go to state 173
    opAND       shift, and go to state 174
    opOR        shift, and go to state 175
    opSTREQ     shift, and go to state 176
    opSTRNE     shift, and go to state 177

    $default  reduce using rule 113 (expr)


State 482

  112 expr: expr '?' expr ':' '{' expr_list '}' •

    $default  reduce using rule 112 (expr)


State 483

   30 fn_decl_stmt: rwDEFINE IDENT '(' func_var_list_decl ')' '{' statement_list '}' •

    $default  reduce using rule 30 (fn_decl_stmt)


State 484

   31 fn_decl_stmt: rwDEFINE IDENT opCOLONCOLON IDENT '(' func_var_list_decl ')' '{' • statement_list '}'

    $default  reduce using rule 10 (statement_list)

    statement_list  go to state 512


State 485

   47 object_decl: rwDECLARE class_name_expr '(' '[' object_name ']' parent_block object_args • ')' '{' object_declare_block '}'
   48            | rwDECLARE class_name_expr '(' '[' object_name ']' parent_block object_args • ')'

    ')'  shift, and go to state 513


State 486

   45 object_decl: rwDECLARE class_name_expr '(' object_name parent_block object_args ')' '{' • object_declare_block '}'

    rwDECLARE           shift, and go to state 5
    rwDECLARESINGLETON  shift, and go to state 6
    rwDATABLOCK         shift, and go to state 500
    IDENT               shift, and go to state 501
    TYPEIDENT           shift, and go to state 502

    $default  reduce using rule 57 (object_declare_block)

    object_decl           go to state 514
    object_declare_block  go to state 515
    object_decl_list      go to state 516
    slot_assign_list      go to state 517
    slot_assign           go to state 505


State 487

   49 object_decl: rwDECLARESINGLETON class_name_expr '(' object_name parent_block object_args ')' '{' • object_declare_block '}'

    rwDECLARE           shift, and go to state 5
    rwDECLARESINGLETON  shift, and go to state 6
    rwDATABLOCK         shift, and go to state 500
    IDENT               shift, and go to state 501
    TYPEIDENT           shift, and go to state 502

    $default  reduce using rule 57 (object_declare_block)

    object_decl           go to state 514
    object_declare_block  go to state 518
    object_decl_list      go to state 516
    slot_assign_list      go to state 517
    slot_assign           go to state 505


State 488

   88 for_stmt: rwFOR '(' VAR rwIN rwRANGE expr ')' stmt_block •

    $default  reduce using rule 88 (for_stmt)


State 489

   85 for_stmt: rwFOR '(' VAR rwIN rwRANGE expr opDOTDOT expr • ')' stmt_block
   87         | rwFOR '(' VAR rwIN rwRANGE expr opDOTDOT expr • rwSTEP expr ')' stmt_block
   99 expr: expr • '^' expr
  100     | expr • '%' expr
  101     | expr • '&' expr
  102     | expr • '|' expr
  103     | expr • '+' expr
  104     | expr • '-' expr
  105     | expr • '*' expr
  106     | expr • '/' expr
  110     | expr • '?' expr ':' expr
  111     | expr • '?' '{' expr_list '}' ':' '{' expr_list '}'
  112     | expr • '?' expr ':' '{' expr_list '}'
  113     | expr • '?' '{' expr_list '}' ':' expr
  114     | expr • '<' expr
  115     | expr • '>' expr
  116     | expr • opGE expr
  117     | expr • opLE expr
  118     | expr • opEQ expr
  119     | expr • opNE expr
  120     | expr • opOR expr
  121     | expr • opSHL expr
  122     | expr • opSHR expr
  123     | expr • opAND expr
  124     | expr • opSTREQ expr
  125     | expr • opSTRNE expr
  126     | expr • '@' expr
  140 slot_acc: expr • '.' IDENT
  141         | expr • '.' IDENT '[' aidx_expr ']'
  142 intslot_acc: expr • opINTNAME class_name_expr
  143            | expr • opINTNAMER class_name_expr
  175 funcall_expr: expr • '.' IDENT '(' func_arg_list_decl ')'

    '+'         shift, and go to state 154
    '-'         shift, and go to state 155
    '*'         shift, and go to state 156
    '/'         shift, and go to state 157
    '<'         shift, and go to state 158
    '>'         shift, and go to state 159
    '.'         shift, and go to state 160
    '|'         shift, and go to state 161
    '&'         shift, and go to state 162
    '%'         shift, and go to state 163
    ')'         shift, and go to state 519
    '^'         shift, and go to state 164
    '@'         shift, and go to state 165
    opINTNAME   shift, and go to state 166
    opINTNAMER  shift, and go to state 167
    opSHL       shift, and go to state 168
    opSHR       shift, and go to state 169
    opEQ        shift, and go to state 170
    opNE        shift, and go to state 171
    opGE        shift, and go to state 172
    opLE        shift, and go to state 173
    opAND       shift, and go to state 174
    opOR        shift, and go to state 175
    opSTREQ     shift, and go to state 176
    opSTRNE     shift, and go to state 177
    rwSTEP      shift, and go to state 520
    '?'         shift, and go to state 178


State 490

   84 for_stmt: rwFOR '(' VAR rwIN expr opDOTDOT expr ')' • stmt_block

    rwDECLARE           shift, and go to state 5
    rwDECLARESINGLETON  shift, and go to state 6
    rwBREAK             shift, and go to state 7
    rwCONTINUE          shift, and go to state 8
    rwIF                shift, and go to state 9
    rwRETURN            shift, and go to state 10
    rwWHILE             shift, and go to state 11
    rwDO                shift, and go to state 12
    rwFOR               shift, and go to state 13
    rwFOREACH           shift, and go to state 14
    rwFOREACHSTR        shift, and go to state 15
    rwDATABLOCK         shift, and go to state 16
    rwSWITCH            shift, and go to state 17
    rwSWITCHSTR         shift, and go to state 18
    rwASSERT            shift, and go to state 20
    INTCONST            shift, and go to state 21
    TTAG                shift, and go to state 22
    VAR                 shift, and go to state 23
    IDENT               shift, and go to state 24
    DOCBLOCK            shift, and go to state 25
    STRATOM             shift, and go to state 26
    TAGATOM             shift, and go to state 27
    FLTCONST            shift, and go to state 28
    '-'                 shift, and go to state 29
    '*'                 shift, and go to state 30
    '('                 shift, and go to state 31
    '{'                 shift, and go to state 92
    '~'                 shift, and go to state 32
    '!'                 shift, and go to state 33
    rwPRINT             shift, and go to state 34
    rwPRINTF            shift, and go to state 35
    rwSPRINTF           shift, and go to state 36
    rwRANDOMF           shift, and go to state 37
    rwFLOOR             shift, and go to state 38
    rwCEIL              shift, and go to state 39
    rwFABS              shift, and go to state 40
    rwSIN               shift, and go to state 41
    rwCOS               shift, and go to state 42
    rwATAN              shift, and go to state 43
    rwTANH              shift, and go to state 44
    rwSQRT              shift, and go to state 45
    rwISZERO            shift, and go to state 46
    rwFMOD              shift, and go to state 47
    rwMIN               shift, and go to state 48
    rwMAX               shift, and go to state 49
    rwATAN2             shift, and go to state 50
    rwPOW               shift, and go to state 51
    rwCLAMP             shift, and go to state 52
    rwCLAMPF            shift, and go to state 53
    rwLERP              shift, and go to state 54
    rwSMOOTHSTEP        shift, and go to state 55
    rwFN                shift, and go to state 56
    '['                 shift, and go to state 57

    stmt                 go to state 93
    datablock_decl       go to state 62
    object_decl          go to state 63
    stmt_block           go to state 521
    switch_stmt          go to state 64
    if_stmt              go to state 65
    while_stmt           go to state 66
    for_stmt             go to state 67
    foreach_stmt         go to state 68
    expression_stmt      go to state 69
    expr                 go to state 70
    slot_acc             go to state 71
    intslot_acc          go to state 72
    stmt_expr            go to state 73
    funcall_expr         go to state 74
    assert_expr          go to state 75
    inline_command_expr  go to state 76


State 491

   86 for_stmt: rwFOR '(' VAR rwIN expr opDOTDOT expr rwSTEP • expr ')' stmt_block

    rwDECLARE           shift, and go to state 5
    rwDECLARESINGLETON  shift, and go to state 6
    rwBREAK             shift, and go to state 85
    rwASSERT            shift, and go to state 20
    INTCONST            shift, and go to state 21
    TTAG                shift, and go to state 86
    VAR                 shift, and go to state 23
    IDENT               shift, and go to state 24
    STRATOM             shift, and go to state 26
    TAGATOM             shift, and go to state 27
    FLTCONST            shift, and go to state 28
    '-'                 shift, and go to state 29
    '*'                 shift, and go to state 30
    '('                 shift, and go to state 31
    '~'                 shift, and go to state 32
    '!'                 shift, and go to state 33
    rwPRINT             shift, and go to state 34
    rwPRINTF            shift, and go to state 35
    rwSPRINTF           shift, and go to state 36
    rwRANDOMF           shift, and go to state 37
    rwFLOOR             shift, and go to state 38
    rwCEIL              shift, and go to state 39
    rwFABS              shift, and go to state 40
    rwSIN               shift, and go to state 41
    rwCOS               shift, and go to state 42
    rwATAN              shift, and go to state 43
    rwTANH              shift, and go to state 44
    rwSQRT              shift, and go to state 45
    rwISZERO            shift, and go to state 46
    rwFMOD              shift, and go to state 47
    rwMIN               shift, and go to state 48
    rwMAX               shift, and go to state 49
    rwATAN2             shift, and go to state 50
    rwPOW               shift, and go to state 51
    rwCLAMP             shift, and go to state 52
    rwCLAMPF            shift, and go to state 53
    rwLERP              shift, and go to state 54
    rwSMOOTHSTEP        shift, and go to state 55
    rwFN                shift, and go to state 56

    object_decl          go to state 63
    expr                 go to state 522
    slot_acc             go to state 71
    intslot_acc          go to state 72
    stmt_expr            go to state 90
    funcall_expr         go to state 74
    assert_expr          go to state 75
    inline_command_expr  go to state 76


State 492

   80 for_stmt: rwFOR '(' ';' expr ';' expr ')' stmt_block •

    $default  reduce using rule 80 (for_stmt)


State 493

   78 for_stmt: rwFOR '(' expr ';' ';' expr ')' stmt_block •

    $default  reduce using rule 78 (for_stmt)


State 494

   77 for_stmt: rwFOR '(' expr ';' expr ';' ')' stmt_block •

    $default  reduce using rule 77 (for_stmt)


State 495

   76 for_stmt: rwFOR '(' expr ';' expr ';' expr ')' • stmt_block

    rwDECLARE           shift, and go to state 5
    rwDECLARESINGLETON  shift, and go to state 6
    rwBREAK             shift, and go to state 7
    rwCONTINUE          shift, and go to state 8
    rwIF                shift, and go to state 9
    rwRETURN            shift, and go to state 10
    rwWHILE             shift, and go to state 11
    rwDO                shift, and go to state 12
    rwFOR               shift, and go to state 13
    rwFOREACH           shift, and go to state 14
    rwFOREACHSTR        shift, and go to state 15
    rwDATABLOCK         shift, and go to state 16
    rwSWITCH            shift, and go to state 17
    rwSWITCHSTR         shift, and go to state 18
    rwASSERT            shift, and go to state 20
    INTCONST            shift, and go to state 21
    TTAG                shift, and go to state 22
    VAR                 shift, and go to state 23
    IDENT               shift, and go to state 24
    DOCBLOCK            shift, and go to state 25
    STRATOM             shift, and go to state 26
    TAGATOM             shift, and go to state 27
    FLTCONST            shift, and go to state 28
    '-'                 shift, and go to state 29
    '*'                 shift, and go to state 30
    '('                 shift, and go to state 31
    '{'                 shift, and go to state 92
    '~'                 shift, and go to state 32
    '!'                 shift, and go to state 33
    rwPRINT             shift, and go to state 34
    rwPRINTF            shift, and go to state 35
    rwSPRINTF           shift, and go to state 36
    rwRANDOMF           shift, and go to state 37
    rwFLOOR             shift, and go to state 38
    rwCEIL              shift, and go to state 39
    rwFABS              shift, and go to state 40
    rwSIN               shift, and go to state 41
    rwCOS               shift, and go to state 42
    rwATAN              shift, and go to state 43
    rwTANH              shift, and go to state 44
    rwSQRT              shift, and go to state 45
    rwISZERO            shift, and go to state 46
    rwFMOD              shift, and go to state 47
    rwMIN               shift, and go to state 48
    rwMAX               shift, and go to state 49
    rwATAN2             shift, and go to state 50
    rwPOW               shift, and go to state 51
    rwCLAMP             shift, and go to state 52
    rwCLAMPF            shift, and go to state 53
    rwLERP              shift, and go to state 54
    rwSMOOTHSTEP        shift, and go to state 55
    rwFN                shift, and go to state 56
    '['                 shift, and go to state 57

    stmt                 go to state 93
    datablock_decl       go to state 62
    object_decl          go to state 63
    stmt_block           go to state 523
    switch_stmt          go to state 64
    if_stmt              go to state 65
    while_stmt           go to state 66
    for_stmt             go to state 67
    foreach_stmt         go to state 68
    expression_stmt      go to state 69
    expr                 go to state 70
    slot_acc             go to state 71
    intslot_acc          go to state 72
    stmt_expr            go to state 73
    funcall_expr         go to state 74
    assert_expr          go to state 75
    inline_command_expr  go to state 76


State 496

   95 foreach_stmt: rwFOREACH '(' VAR rwIN rwRANGE expr ')' stmt_block •

    $default  reduce using rule 95 (foreach_stmt)


State 497

   92 foreach_stmt: rwFOREACH '(' VAR rwIN rwRANGE expr opDOTDOT expr • ')' stmt_block
   94             | rwFOREACH '(' VAR rwIN rwRANGE expr opDOTDOT expr • rwSTEP expr ')' stmt_block
   99 expr: expr • '^' expr
  100     | expr • '%' expr
  101     | expr • '&' expr
  102     | expr • '|' expr
  103     | expr • '+' expr
  104     | expr • '-' expr
  105     | expr • '*' expr
  106     | expr • '/' expr
  110     | expr • '?' expr ':' expr
  111     | expr • '?' '{' expr_list '}' ':' '{' expr_list '}'
  112     | expr • '?' expr ':' '{' expr_list '}'
  113     | expr • '?' '{' expr_list '}' ':' expr
  114     | expr • '<' expr
  115     | expr • '>' expr
  116     | expr • opGE expr
  117     | expr • opLE expr
  118     | expr • opEQ expr
  119     | expr • opNE expr
  120     | expr • opOR expr
  121     | expr • opSHL expr
  122     | expr • opSHR expr
  123     | expr • opAND expr
  124     | expr • opSTREQ expr
  125     | expr • opSTRNE expr
  126     | expr • '@' expr
  140 slot_acc: expr • '.' IDENT
  141         | expr • '.' IDENT '[' aidx_expr ']'
  142 intslot_acc: expr • opINTNAME class_name_expr
  143            | expr • opINTNAMER class_name_expr
  175 funcall_expr: expr • '.' IDENT '(' func_arg_list_decl ')'

    '+'         shift, and go to state 154
    '-'         shift, and go to state 155
    '*'         shift, and go to state 156
    '/'         shift, and go to state 157
    '<'         shift, and go to state 158
    '>'         shift, and go to state 159
    '.'         shift, and go to state 160
    '|'         shift, and go to state 161
    '&'         shift, and go to state 162
    '%'         shift, and go to state 163
    ')'         shift, and go to state 524
    '^'         shift, and go to state 164
    '@'         shift, and go to state 165
    opINTNAME   shift, and go to state 166
    opINTNAMER  shift, and go to state 167
    opSHL       shift, and go to state 168
    opSHR       shift, and go to state 169
    opEQ        shift, and go to state 170
    opNE        shift, and go to state 171
    opGE        shift, and go to state 172
    opLE        shift, and go to state 173
    opAND       shift, and go to state 174
    opOR        shift, and go to state 175
    opSTREQ     shift, and go to state 176
    opSTRNE     shift, and go to state 177
    rwSTEP      shift, and go to state 525
    '?'         shift, and go to state 178


State 498

   91 foreach_stmt: rwFOREACH '(' VAR rwIN expr opDOTDOT expr ')' • stmt_block

    rwDECLARE           shift, and go to state 5
    rwDECLARESINGLETON  shift, and go to state 6
    rwBREAK             shift, and go to state 7
    rwCONTINUE          shift, and go to state 8
    rwIF                shift, and go to state 9
    rwRETURN            shift, and go to state 10
    rwWHILE             shift, and go to state 11
    rwDO                shift, and go to state 12
    rwFOR               shift, and go to state 13
    rwFOREACH           shift, and go to state 14
    rwFOREACHSTR        shift, and go to state 15
    rwDATABLOCK         shift, and go to state 16
    rwSWITCH            shift, and go to state 17
    rwSWITCHSTR         shift, and go to state 18
    rwASSERT            shift, and go to state 20
    INTCONST            shift, and go to state 21
    TTAG                shift, and go to state 22
    VAR                 shift, and go to state 23
    IDENT               shift, and go to state 24
    DOCBLOCK            shift, and go to state 25
    STRATOM             shift, and go to state 26
    TAGATOM             shift, and go to state 27
    FLTCONST            shift, and go to state 28
    '-'                 shift, and go to state 29
    '*'                 shift, and go to state 30
    '('                 shift, and go to state 31
    '{'                 shift, and go to state 92
    '~'                 shift, and go to state 32
    '!'                 shift, and go to state 33
    rwPRINT             shift, and go to state 34
    rwPRINTF            shift, and go to state 35
    rwSPRINTF           shift, and go to state 36
    rwRANDOMF           shift, and go to state 37
    rwFLOOR             shift, and go to state 38
    rwCEIL              shift, and go to state 39
    rwFABS              shift, and go to state 40
    rwSIN               shift, and go to state 41
    rwCOS               shift, and go to state 42
    rwATAN              shift, and go to state 43
    rwTANH              shift, and go to state 44
    rwSQRT              shift, and go to state 45
    rwISZERO            shift, and go to state 46
    rwFMOD              shift, and go to state 47
    rwMIN               shift, and go to state 48
    rwMAX               shift, and go to state 49
    rwATAN2             shift, and go to state 50
    rwPOW               shift, and go to state 51
    rwCLAMP             shift, and go to state 52
    rwCLAMPF            shift, and go to state 53
    rwLERP              shift, and go to state 54
    rwSMOOTHSTEP        shift, and go to state 55
    rwFN                shift, and go to state 56
    '['                 shift, and go to state 57

    stmt                 go to state 93
    datablock_decl       go to state 62
    object_decl          go to state 63
    stmt_block           go to state 526
    switch_stmt          go to state 64
    if_stmt              go to state 65
    while_stmt           go to state 66
    for_stmt             go to state 67
    foreach_stmt         go to state 68
    expression_stmt      go to state 69
    expr                 go to state 70
    slot_acc             go to state 71
    intslot_acc          go to state 72
    stmt_expr            go to state 73
    funcall_expr         go to state 74
    assert_expr          go to state 75
    inline_command_expr  go to state 76


State 499

   93 foreach_stmt: rwFOREACH '(' VAR rwIN expr opDOTDOT expr rwSTEP • expr ')' stmt_block

    rwDECLARE           shift, and go to state 5
    rwDECLARESINGLETON  shift, and go to state 6
    rwBREAK             shift, and go to state 85
    rwASSERT            shift, and go to state 20
    INTCONST            shift, and go to state 21
    TTAG                shift, and go to state 86
    VAR                 shift, and go to state 23
    IDENT               shift, and go to state 24
    STRATOM             shift, and go to state 26
    TAGATOM             shift, and go to state 27
    FLTCONST            shift, and go to state 28
    '-'                 shift, and go to state 29
    '*'                 shift, and go to state 30
    '('                 shift, and go to state 31
    '~'                 shift, and go to state 32
    '!'                 shift, and go to state 33
    rwPRINT             shift, and go to state 34
    rwPRINTF            shift, and go to state 35
    rwSPRINTF           shift, and go to state 36
    rwRANDOMF           shift, and go to state 37
    rwFLOOR             shift, and go to state 38
    rwCEIL              shift, and go to state 39
    rwFABS              shift, and go to state 40
    rwSIN               shift, and go to state 41
    rwCOS               shift, and go to state 42
    rwATAN              shift, and go to state 43
    rwTANH              shift, and go to state 44
    rwSQRT              shift, and go to state 45
    rwISZERO            shift, and go to state 46
    rwFMOD              shift, and go to state 47
    rwMIN               shift, and go to state 48
    rwMAX               shift, and go to state 49
    rwATAN2             shift, and go to state 50
    rwPOW               shift, and go to state 51
    rwCLAMP             shift, and go to state 52
    rwCLAMPF            shift, and go to state 53
    rwLERP              shift, and go to state 54
    rwSMOOTHSTEP        shift, and go to state 55
    rwFN                shift, and go to state 56

    object_decl          go to state 63
    expr                 go to state 527
    slot_acc             go to state 71
    intslot_acc          go to state 72
    stmt_expr            go to state 90
    funcall_expr         go to state 74
    assert_expr          go to state 75
    inline_command_expr  go to state 76


State 500

  219 slot_assign: rwDATABLOCK • '=' expr ';'

    '='  shift, and go to state 528


State 501

  214 slot_assign: IDENT • '=' expr ';'
  215            | IDENT • '=' '{' expr_list '}' ';'
  216            | IDENT • '=' '[' expr_list ']' ';'
  220            | IDENT • '[' aidx_expr ']' '=' expr ';'
  221            | IDENT • '[' aidx_expr ']' '=' '{' expr_list '}' ';'

    '='  shift, and go to state 529
    '['  shift, and go to state 530


State 502

  217 slot_assign: TYPEIDENT • IDENT '=' expr ';'
  218            | TYPEIDENT • IDENT '=' '{' expr_list '}' ';'
  222            | TYPEIDENT • IDENT '[' aidx_expr ']' '=' expr ';'

    IDENT  shift, and go to state 531


State 503

   44 datablock_decl: rwDATABLOCK class_name_expr '(' expr parent_block ')' '{' slot_assign_list_opt • '}' ';'

    '}'  shift, and go to state 532


State 504

  211 slot_assign_list_opt: slot_assign_list •
  213 slot_assign_list: slot_assign_list • slot_assign

    rwDATABLOCK  shift, and go to state 500
    IDENT        shift, and go to state 501
    TYPEIDENT    shift, and go to state 502

    $default  reduce using rule 211 (slot_assign_list_opt)

    slot_assign  go to state 533


State 505

  212 slot_assign_list: slot_assign •

    $default  reduce using rule 212 (slot_assign_list)


State 506

   71 case_expr: case_expr rwCASEOR • expr

    rwDECLARE           shift, and go to state 5
    rwDECLARESINGLETON  shift, and go to state 6
    rwBREAK             shift, and go to state 85
    rwASSERT            shift, and go to state 20
    INTCONST            shift, and go to state 21
    TTAG                shift, and go to state 86
    VAR                 shift, and go to state 23
    IDENT               shift, and go to state 24
    STRATOM             shift, and go to state 26
    TAGATOM             shift, and go to state 27
    FLTCONST            shift, and go to state 28
    '-'                 shift, and go to state 29
    '*'                 shift, and go to state 30
    '('                 shift, and go to state 31
    '~'                 shift, and go to state 32
    '!'                 shift, and go to state 33
    rwPRINT             shift, and go to state 34
    rwPRINTF            shift, and go to state 35
    rwSPRINTF           shift, and go to state 36
    rwRANDOMF           shift, and go to state 37
    rwFLOOR             shift, and go to state 38
    rwCEIL              shift, and go to state 39
    rwFABS              shift, and go to state 40
    rwSIN               shift, and go to state 41
    rwCOS               shift, and go to state 42
    rwATAN              shift, and go to state 43
    rwTANH              shift, and go to state 44
    rwSQRT              shift, and go to state 45
    rwISZERO            shift, and go to state 46
    rwFMOD              shift, and go to state 47
    rwMIN               shift, and go to state 48
    rwMAX               shift, and go to state 49
    rwATAN2             shift, and go to state 50
    rwPOW               shift, and go to state 51
    rwCLAMP             shift, and go to state 52
    rwCLAMPF            shift, and go to state 53
    rwLERP              shift, and go to state 54
    rwSMOOTHSTEP        shift, and go to state 55
    rwFN                shift, and go to state 56

    object_decl          go to state 63
    expr                 go to state 534
    slot_acc             go to state 71
    intslot_acc          go to state 72
    stmt_expr            go to state 90
    funcall_expr         go to state 74
    assert_expr          go to state 75
    inline_command_expr  go to state 76


State 507

   67 case_block: rwCASE case_expr ':' • statement_list
   68           | rwCASE case_expr ':' • statement_list rwDEFAULT ':' statement_list
   69           | rwCASE case_expr ':' • statement_list case_block

    $default  reduce using rule 10 (statement_list)

    statement_list  go to state 535


State 508

  166 stmt_expr: VAR '[' aidx_expr ']' '=' '{' expr_list '}' •

    $default  reduce using rule 166 (stmt_expr)


State 509

   28 stmt: '[' unpack_var_list ']' '=' '{' expr_list '}' ';' •

    $default  reduce using rule 28 (stmt)


State 510

   29 stmt: '[' unpack_var_list ']' '=' '[' expr_list ']' ';' •

    $default  reduce using rule 29 (stmt)


State 511

  111 expr: expr '?' '{' expr_list '}' ':' '{' expr_list • '}'
  209 expr_list: expr_list • ',' expr

    ','  shift, and go to state 294
    '}'  shift, and go to state 536


State 512

   11 statement_list: statement_list • stmt
   31 fn_decl_stmt: rwDEFINE IDENT opCOLONCOLON IDENT '(' func_var_list_decl ')' '{' statement_list • '}'

    rwDECLARE           shift, and go to state 5
    rwDECLARESINGLETON  shift, and go to state 6
    rwBREAK             shift, and go to state 7
    rwCONTINUE          shift, and go to state 8
    rwIF                shift, and go to state 9
    rwRETURN            shift, and go to state 10
    rwWHILE             shift, and go to state 11
    rwDO                shift, and go to state 12
    rwFOR               shift, and go to state 13
    rwFOREACH           shift, and go to state 14
    rwFOREACHSTR        shift, and go to state 15
    rwDATABLOCK         shift, and go to state 16
    rwSWITCH            shift, and go to state 17
    rwSWITCHSTR         shift, and go to state 18
    rwASSERT            shift, and go to state 20
    INTCONST            shift, and go to state 21
    TTAG                shift, and go to state 22
    VAR                 shift, and go to state 23
    IDENT               shift, and go to state 24
    DOCBLOCK            shift, and go to state 25
    STRATOM             shift, and go to state 26
    TAGATOM             shift, and go to state 27
    FLTCONST            shift, and go to state 28
    '-'                 shift, and go to state 29
    '*'                 shift, and go to state 30
    '('                 shift, and go to state 31
    '}'                 shift, and go to state 537
    '~'                 shift, and go to state 32
    '!'                 shift, and go to state 33
    rwPRINT             shift, and go to state 34
    rwPRINTF            shift, and go to state 35
    rwSPRINTF           shift, and go to state 36
    rwRANDOMF           shift, and go to state 37
    rwFLOOR             shift, and go to state 38
    rwCEIL              shift, and go to state 39
    rwFABS              shift, and go to state 40
    rwSIN               shift, and go to state 41
    rwCOS               shift, and go to state 42
    rwATAN              shift, and go to state 43
    rwTANH              shift, and go to state 44
    rwSQRT              shift, and go to state 45
    rwISZERO            shift, and go to state 46
    rwFMOD              shift, and go to state 47
    rwMIN               shift, and go to state 48
    rwMAX               shift, and go to state 49
    rwATAN2             shift, and go to state 50
    rwPOW               shift, and go to state 51
    rwCLAMP             shift, and go to state 52
    rwCLAMPF            shift, and go to state 53
    rwLERP              shift, and go to state 54
    rwSMOOTHSTEP        shift, and go to state 55
    rwFN                shift, and go to state 56
    '['                 shift, and go to state 57

    stmt                 go to state 298
    datablock_decl       go to state 62
    object_decl          go to state 63
    switch_stmt          go to state 64
    if_stmt              go to state 65
    while_stmt           go to state 66
    for_stmt             go to state 67
    foreach_stmt         go to state 68
    expression_stmt      go to state 69
    expr                 go to state 70
    slot_acc             go to state 71
    intslot_acc          go to state 72
    stmt_expr            go to state 73
    funcall_expr         go to state 74
    assert_expr          go to state 75
    inline_command_expr  go to state 76


State 513

   47 object_decl: rwDECLARE class_name_expr '(' '[' object_name ']' parent_block object_args ')' • '{' object_declare_block '}'
   48            | rwDECLARE class_name_expr '(' '[' object_name ']' parent_block object_args ')' •

    '{'  shift, and go to state 538

    $default  reduce using rule 48 (object_decl)


State 514

   61 object_decl_list: object_decl • ';'

    ';'  shift, and go to state 539


State 515

   45 object_decl: rwDECLARE class_name_expr '(' object_name parent_block object_args ')' '{' object_declare_block • '}'

    '}'  shift, and go to state 540


State 516

   59 object_declare_block: object_decl_list •
   62 object_decl_list: object_decl_list • object_decl ';'

    rwDECLARE           shift, and go to state 5
    rwDECLARESINGLETON  shift, and go to state 6

    $default  reduce using rule 59 (object_declare_block)

    object_decl  go to state 541


State 517

   58 object_declare_block: slot_assign_list •
   60                     | slot_assign_list • object_decl_list
  213 slot_assign_list: slot_assign_list • slot_assign

    rwDECLARE           shift, and go to state 5
    rwDECLARESINGLETON  shift, and go to state 6
    rwDATABLOCK         shift, and go to state 500
    IDENT               shift, and go to state 501
    TYPEIDENT           shift, and go to state 502

    $default  reduce using rule 58 (object_declare_block)

    object_decl       go to state 514
    object_decl_list  go to state 542
    slot_assign       go to state 533


State 518

   49 object_decl: rwDECLARESINGLETON class_name_expr '(' object_name parent_block object_args ')' '{' object_declare_block • '}'

    '}'  shift, and go to state 543


State 519

   85 for_stmt: rwFOR '(' VAR rwIN rwRANGE expr opDOTDOT expr ')' • stmt_block

    rwDECLARE           shift, and go to state 5
    rwDECLARESINGLETON  shift, and go to state 6
    rwBREAK             shift, and go to state 7
    rwCONTINUE          shift, and go to state 8
    rwIF                shift, and go to state 9
    rwRETURN            shift, and go to state 10
    rwWHILE             shift, and go to state 11
    rwDO                shift, and go to state 12
    rwFOR               shift, and go to state 13
    rwFOREACH           shift, and go to state 14
    rwFOREACHSTR        shift, and go to state 15
    rwDATABLOCK         shift, and go to state 16
    rwSWITCH            shift, and go to state 17
    rwSWITCHSTR         shift, and go to state 18
    rwASSERT            shift, and go to state 20
    INTCONST            shift, and go to state 21
    TTAG                shift, and go to state 22
    VAR                 shift, and go to state 23
    IDENT               shift, and go to state 24
    DOCBLOCK            shift, and go to state 25
    STRATOM             shift, and go to state 26
    TAGATOM             shift, and go to state 27
    FLTCONST            shift, and go to state 28
    '-'                 shift, and go to state 29
    '*'                 shift, and go to state 30
    '('                 shift, and go to state 31
    '{'                 shift, and go to state 92
    '~'                 shift, and go to state 32
    '!'                 shift, and go to state 33
    rwPRINT             shift, and go to state 34
    rwPRINTF            shift, and go to state 35
    rwSPRINTF           shift, and go to state 36
    rwRANDOMF           shift, and go to state 37
    rwFLOOR             shift, and go to state 38
    rwCEIL              shift, and go to state 39
    rwFABS              shift, and go to state 40
    rwSIN               shift, and go to state 41
    rwCOS               shift, and go to state 42
    rwATAN              shift, and go to state 43
    rwTANH              shift, and go to state 44
    rwSQRT              shift, and go to state 45
    rwISZERO            shift, and go to state 46
    rwFMOD              shift, and go to state 47
    rwMIN               shift, and go to state 48
    rwMAX               shift, and go to state 49
    rwATAN2             shift, and go to state 50
    rwPOW               shift, and go to state 51
    rwCLAMP             shift, and go to state 52
    rwCLAMPF            shift, and go to state 53
    rwLERP              shift, and go to state 54
    rwSMOOTHSTEP        shift, and go to state 55
    rwFN                shift, and go to state 56
    '['                 shift, and go to state 57

    stmt                 go to state 93
    datablock_decl       go to state 62
    object_decl          go to state 63
    stmt_block           go to state 544
    switch_stmt          go to state 64
    if_stmt              go to state 65
    while_stmt           go to state 66
    for_stmt             go to state 67
    foreach_stmt         go to state 68
    expression_stmt      go to state 69
    expr                 go to state 70
    slot_acc             go to state 71
    intslot_acc          go to state 72
    stmt_expr            go to state 73
    funcall_expr         go to state 74
    assert_expr          go to state 75
    inline_command_expr  go to state 76


State 520

   87 for_stmt: rwFOR '(' VAR rwIN rwRANGE expr opDOTDOT expr rwSTEP • expr ')' stmt_block

    rwDECLARE           shift, and go to state 5
    rwDECLARESINGLETON  shift, and go to state 6
    rwBREAK             shift, and go to state 85
    rwASSERT            shift, and go to state 20
    INTCONST            shift, and go to state 21
    TTAG                shift, and go to state 86
    VAR                 shift, and go to state 23
    IDENT               shift, and go to state 24
    STRATOM             shift, and go to state 26
    TAGATOM             shift, and go to state 27
    FLTCONST            shift, and go to state 28
    '-'                 shift, and go to state 29
    '*'                 shift, and go to state 30
    '('                 shift, and go to state 31
    '~'                 shift, and go to state 32
    '!'                 shift, and go to state 33
    rwPRINT             shift, and go to state 34
    rwPRINTF            shift, and go to state 35
    rwSPRINTF           shift, and go to state 36
    rwRANDOMF           shift, and go to state 37
    rwFLOOR             shift, and go to state 38
    rwCEIL              shift, and go to state 39
    rwFABS              shift, and go to state 40
    rwSIN               shift, and go to state 41
    rwCOS               shift, and go to state 42
    rwATAN              shift, and go to state 43
    rwTANH              shift, and go to state 44
    rwSQRT              shift, and go to state 45
    rwISZERO            shift, and go to state 46
    rwFMOD              shift, and go to state 47
    rwMIN               shift, and go to state 48
    rwMAX               shift, and go to state 49
    rwATAN2             shift, and go to state 50
    rwPOW               shift, and go to state 51
    rwCLAMP             shift, and go to state 52
    rwCLAMPF            shift, and go to state 53
    rwLERP              shift, and go to state 54
    rwSMOOTHSTEP        shift, and go to state 55
    rwFN                shift, and go to state 56

    object_decl          go to state 63
    expr                 go to state 545
    slot_acc             go to state 71
    intslot_acc          go to state 72
    stmt_expr            go to state 90
    funcall_expr         go to state 74
    assert_expr          go to state 75
    inline_command_expr  go to state 76


State 521

   84 for_stmt: rwFOR '(' VAR rwIN expr opDOTDOT expr ')' stmt_block •

    $default  reduce using rule 84 (for_stmt)


State 522

   86 for_stmt: rwFOR '(' VAR rwIN expr opDOTDOT expr rwSTEP expr • ')' stmt_block
   99 expr: expr • '^' expr
  100     | expr • '%' expr
  101     | expr • '&' expr
  102     | expr • '|' expr
  103     | expr • '+' expr
  104     | expr • '-' expr
  105     | expr • '*' expr
  106     | expr • '/' expr
  110     | expr • '?' expr ':' expr
  111     | expr • '?' '{' expr_list '}' ':' '{' expr_list '}'
  112     | expr • '?' expr ':' '{' expr_list '}'
  113     | expr • '?' '{' expr_list '}' ':' expr
  114     | expr • '<' expr
  115     | expr • '>' expr
  116     | expr • opGE expr
  117     | expr • opLE expr
  118     | expr • opEQ expr
  119     | expr • opNE expr
  120     | expr • opOR expr
  121     | expr • opSHL expr
  122     | expr • opSHR expr
  123     | expr • opAND expr
  124     | expr • opSTREQ expr
  125     | expr • opSTRNE expr
  126     | expr • '@' expr
  140 slot_acc: expr • '.' IDENT
  141         | expr • '.' IDENT '[' aidx_expr ']'
  142 intslot_acc: expr • opINTNAME class_name_expr
  143            | expr • opINTNAMER class_name_expr
  175 funcall_expr: expr • '.' IDENT '(' func_arg_list_decl ')'

    '+'         shift, and go to state 154
    '-'         shift, and go to state 155
    '*'         shift, and go to state 156
    '/'         shift, and go to state 157
    '<'         shift, and go to state 158
    '>'         shift, and go to state 159
    '.'         shift, and go to state 160
    '|'         shift, and go to state 161
    '&'         shift, and go to state 162
    '%'         shift, and go to state 163
    ')'         shift, and go to state 546
    '^'         shift, and go to state 164
    '@'         shift, and go to state 165
    opINTNAME   shift, and go to state 166
    opINTNAMER  shift, and go to state 167
    opSHL       shift, and go to state 168
    opSHR       shift, and go to state 169
    opEQ        shift, and go to state 170
    opNE        shift, and go to state 171
    opGE        shift, and go to state 172
    opLE        shift, and go to state 173
    opAND       shift, and go to state 174
    opOR        shift, and go to state 175
    opSTREQ     shift, and go to state 176
    opSTRNE     shift, and go to state 177
    '?'         shift, and go to state 178


State 523

   76 for_stmt: rwFOR '(' expr ';' expr ';' expr ')' stmt_block •

    $default  reduce using rule 76 (for_stmt)


State 524

   92 foreach_stmt: rwFOREACH '(' VAR rwIN rwRANGE expr opDOTDOT expr ')' • stmt_block

    rwDECLARE           shift, and go to state 5
    rwDECLARESINGLETON  shift, and go to state 6
    rwBREAK             shift, and go to state 7
    rwCONTINUE          shift, and go to state 8
    rwIF                shift, and go to state 9
    rwRETURN            shift, and go to state 10
    rwWHILE             shift, and go to state 11
    rwDO                shift, and go to state 12
    rwFOR               shift, and go to state 13
    rwFOREACH           shift, and go to state 14
    rwFOREACHSTR        shift, and go to state 15
    rwDATABLOCK         shift, and go to state 16
    rwSWITCH            shift, and go to state 17
    rwSWITCHSTR         shift, and go to state 18
    rwASSERT            shift, and go to state 20
    INTCONST            shift, and go to state 21
    TTAG                shift, and go to state 22
    VAR                 shift, and go to state 23
    IDENT               shift, and go to state 24
    DOCBLOCK            shift, and go to state 25
    STRATOM             shift, and go to state 26
    TAGATOM             shift, and go to state 27
    FLTCONST            shift, and go to state 28
    '-'                 shift, and go to state 29
    '*'                 shift, and go to state 30
    '('                 shift, and go to state 31
    '{'                 shift, and go to state 92
    '~'                 shift, and go to state 32
    '!'                 shift, and go to state 33
    rwPRINT             shift, and go to state 34
    rwPRINTF            shift, and go to state 35
    rwSPRINTF           shift, and go to state 36
    rwRANDOMF           shift, and go to state 37
    rwFLOOR             shift, and go to state 38
    rwCEIL              shift, and go to state 39
    rwFABS              shift, and go to state 40
    rwSIN               shift, and go to state 41
    rwCOS               shift, and go to state 42
    rwATAN              shift, and go to state 43
    rwTANH              shift, and go to state 44
    rwSQRT              shift, and go to state 45
    rwISZERO            shift, and go to state 46
    rwFMOD              shift, and go to state 47
    rwMIN               shift, and go to state 48
    rwMAX               shift, and go to state 49
    rwATAN2             shift, and go to state 50
    rwPOW               shift, and go to state 51
    rwCLAMP             shift, and go to state 52
    rwCLAMPF            shift, and go to state 53
    rwLERP              shift, and go to state 54
    rwSMOOTHSTEP        shift, and go to state 55
    rwFN                shift, and go to state 56
    '['                 shift, and go to state 57

    stmt                 go to state 93
    datablock_decl       go to state 62
    object_decl          go to state 63
    stmt_block           go to state 547
    switch_stmt          go to state 64
    if_stmt              go to state 65
    while_stmt           go to state 66
    for_stmt             go to state 67
    foreach_stmt         go to state 68
    expression_stmt      go to state 69
    expr                 go to state 70
    slot_acc             go to state 71
    intslot_acc          go to state 72
    stmt_expr            go to state 73
    funcall_expr         go to state 74
    assert_expr          go to state 75
    inline_command_expr  go to state 76


State 525

   94 foreach_stmt: rwFOREACH '(' VAR rwIN rwRANGE expr opDOTDOT expr rwSTEP • expr ')' stmt_block

    rwDECLARE           shift, and go to state 5
    rwDECLARESINGLETON  shift, and go to state 6
    rwBREAK             shift, and go to state 85
    rwASSERT            shift, and go to state 20
    INTCONST            shift, and go to state 21
    TTAG                shift, and go to state 86
    VAR                 shift, and go to state 23
    IDENT               shift, and go to state 24
    STRATOM             shift, and go to state 26
    TAGATOM             shift, and go to state 27
    FLTCONST            shift, and go to state 28
    '-'                 shift, and go to state 29
    '*'                 shift, and go to state 30
    '('                 shift, and go to state 31
    '~'                 shift, and go to state 32
    '!'                 shift, and go to state 33
    rwPRINT             shift, and go to state 34
    rwPRINTF            shift, and go to state 35
    rwSPRINTF           shift, and go to state 36
    rwRANDOMF           shift, and go to state 37
    rwFLOOR             shift, and go to state 38
    rwCEIL              shift, and go to state 39
    rwFABS              shift, and go to state 40
    rwSIN               shift, and go to state 41
    rwCOS               shift, and go to state 42
    rwATAN              shift, and go to state 43
    rwTANH              shift, and go to state 44
    rwSQRT              shift, and go to state 45
    rwISZERO            shift, and go to state 46
    rwFMOD              shift, and go to state 47
    rwMIN               shift, and go to state 48
    rwMAX               shift, and go to state 49
    rwATAN2             shift, and go to state 50
    rwPOW               shift, and go to state 51
    rwCLAMP             shift, and go to state 52
    rwCLAMPF            shift, and go to state 53
    rwLERP              shift, and go to state 54
    rwSMOOTHSTEP        shift, and go to state 55
    rwFN                shift, and go to state 56

    object_decl          go to state 63
    expr                 go to state 548
    slot_acc             go to state 71
    intslot_acc          go to state 72
    stmt_expr            go to state 90
    funcall_expr         go to state 74
    assert_expr          go to state 75
    inline_command_expr  go to state 76


State 526

   91 foreach_stmt: rwFOREACH '(' VAR rwIN expr opDOTDOT expr ')' stmt_block •

    $default  reduce using rule 91 (foreach_stmt)


State 527

   93 foreach_stmt: rwFOREACH '(' VAR rwIN expr opDOTDOT expr rwSTEP expr • ')' stmt_block
   99 expr: expr • '^' expr
  100     | expr • '%' expr
  101     | expr • '&' expr
  102     | expr • '|' expr
  103     | expr • '+' expr
  104     | expr • '-' expr
  105     | expr • '*' expr
  106     | expr • '/' expr
  110     | expr • '?' expr ':' expr
  111     | expr • '?' '{' expr_list '}' ':' '{' expr_list '}'
  112     | expr • '?' expr ':' '{' expr_list '}'
  113     | expr • '?' '{' expr_list '}' ':' expr
  114     | expr • '<' expr
  115     | expr • '>' expr
  116     | expr • opGE expr
  117     | expr • opLE expr
  118     | expr • opEQ expr
  119     | expr • opNE expr
  120     | expr • opOR expr
  121     | expr • opSHL expr
  122     | expr • opSHR expr
  123     | expr • opAND expr
  124     | expr • opSTREQ expr
  125     | expr • opSTRNE expr
  126     | expr • '@' expr
  140 slot_acc: expr • '.' IDENT
  141         | expr • '.' IDENT '[' aidx_expr ']'
  142 intslot_acc: expr • opINTNAME class_name_expr
  143            | expr • opINTNAMER class_name_expr
  175 funcall_expr: expr • '.' IDENT '(' func_arg_list_decl ')'

    '+'         shift, and go to state 154
    '-'         shift, and go to state 155
    '*'         shift, and go to state 156
    '/'         shift, and go to state 157
    '<'         shift, and go to state 158
    '>'         shift, and go to state 159
    '.'         shift, and go to state 160
    '|'         shift, and go to state 161
    '&'         shift, and go to state 162
    '%'         shift, and go to state 163
    ')'         shift, and go to state 549
    '^'         shift, and go to state 164
    '@'         shift, and go to state 165
    opINTNAME   shift, and go to state 166
    opINTNAMER  shift, and go to state 167
    opSHL       shift, and go to state 168
    opSHR       shift, and go to state 169
    opEQ        shift, and go to state 170
    opNE        shift, and go to state 171
    opGE        shift, and go to state 172
    opLE        shift, and go to state 173
    opAND       shift, and go to state 174
    opOR        shift, and go to state 175
    opSTREQ     shift, and go to state 176
    opSTRNE     shift, and go to state 177
    '?'         shift, and go to state 178


State 528

  219 slot_assign: rwDATABLOCK '=' • expr ';'

    rwDECLARE           shift, and go to state 5
    rwDECLARESINGLETON  shift, and go to state 6
    rwBREAK             shift, and go to state 85
    rwASSERT            shift, and go to state 20
    INTCONST            shift, and go to state 21
    TTAG                shift, and go to state 86
    VAR                 shift, and go to state 23
    IDENT               shift, and go to state 24
    STRATOM             shift, and go to state 26
    TAGATOM             shift, and go to state 27
    FLTCONST            shift, and go to state 28
    '-'                 shift, and go to state 29
    '*'                 shift, and go to state 30
    '('                 shift, and go to state 31
    '~'                 shift, and go to state 32
    '!'                 shift, and go to state 33
    rwPRINT             shift, and go to state 34
    rwPRINTF            shift, and go to state 35
    rwSPRINTF           shift, and go to state 36
    rwRANDOMF           shift, and go to state 37
    rwFLOOR             shift, and go to state 38
    rwCEIL              shift, and go to state 39
    rwFABS              shift, and go to state 40
    rwSIN               shift, and go to state 41
    rwCOS               shift, and go to state 42
    rwATAN              shift, and go to state 43
    rwTANH              shift, and go to state 44
    rwSQRT              shift, and go to state 45
    rwISZERO            shift, and go to state 46
    rwFMOD              shift, and go to state 47
    rwMIN               shift, and go to state 48
    rwMAX               shift, and go to state 49
    rwATAN2             shift, and go to state 50
    rwPOW               shift, and go to state 51
    rwCLAMP             shift, and go to state 52
    rwCLAMPF            shift, and go to state 53
    rwLERP              shift, and go to state 54
    rwSMOOTHSTEP        shift, and go to state 55
    rwFN                shift, and go to state 56

    object_decl          go to state 63
    expr                 go to state 550
    slot_acc             go to state 71
    intslot_acc          go to state 72
    stmt_expr            go to state 90
    funcall_expr         go to state 74
    assert_expr          go to state 75
    inline_command_expr  go to state 76


State 529

  214 slot_assign: IDENT '=' • expr ';'
  215            | IDENT '=' • '{' expr_list '}' ';'
  216            | IDENT '=' • '[' expr_list ']' ';'

    rwDECLARE           shift, and go to state 5
    rwDECLARESINGLETON  shift, and go to state 6
    rwBREAK             shift, and go to state 85
    rwASSERT            shift, and go to state 20
    INTCONST            shift, and go to state 21
    TTAG                shift, and go to state 86
    VAR                 shift, and go to state 23
    IDENT               shift, and go to state 24
    STRATOM             shift, and go to state 26
    TAGATOM             shift, and go to state 27
    FLTCONST            shift, and go to state 28
    '-'                 shift, and go to state 29
    '*'                 shift, and go to state 30
    '('                 shift, and go to state 31
    '{'                 shift, and go to state 551
    '~'                 shift, and go to state 32
    '!'                 shift, and go to state 33
    rwPRINT             shift, and go to state 34
    rwPRINTF            shift, and go to state 35
    rwSPRINTF           shift, and go to state 36
    rwRANDOMF           shift, and go to state 37
    rwFLOOR             shift, and go to state 38
    rwCEIL              shift, and go to state 39
    rwFABS              shift, and go to state 40
    rwSIN               shift, and go to state 41
    rwCOS               shift, and go to state 42
    rwATAN              shift, and go to state 43
    rwTANH              shift, and go to state 44
    rwSQRT              shift, and go to state 45
    rwISZERO            shift, and go to state 46
    rwFMOD              shift, and go to state 47
    rwMIN               shift, and go to state 48
    rwMAX               shift, and go to state 49
    rwATAN2             shift, and go to state 50
    rwPOW               shift, and go to state 51
    rwCLAMP             shift, and go to state 52
    rwCLAMPF            shift, and go to state 53
    rwLERP              shift, and go to state 54
    rwSMOOTHSTEP        shift, and go to state 55
    rwFN                shift, and go to state 56
    '['                 shift, and go to state 552

    object_decl          go to state 63
    expr                 go to state 553
    slot_acc             go to state 71
    intslot_acc          go to state 72
    stmt_expr            go to state 90
    funcall_expr         go to state 74
    assert_expr          go to state 75
    inline_command_expr  go to state 76


State 530

  220 slot_assign: IDENT '[' • aidx_expr ']' '=' expr ';'
  221            | IDENT '[' • aidx_expr ']' '=' '{' expr_list '}' ';'

    rwDECLARE           shift, and go to state 5
    rwDECLARESINGLETON  shift, and go to state 6
    rwBREAK             shift, and go to state 85
    rwASSERT            shift, and go to state 20
    INTCONST            shift, and go to state 21
    TTAG                shift, and go to state 86
    VAR                 shift, and go to state 23
    IDENT               shift, and go to state 24
    STRATOM             shift, and go to state 26
    TAGATOM             shift, and go to state 27
    FLTCONST            shift, and go to state 28
    '-'                 shift, and go to state 29
    '*'                 shift, and go to state 30
    '('                 shift, and go to state 31
    '~'                 shift, and go to state 32
    '!'                 shift, and go to state 33
    rwPRINT             shift, and go to state 34
    rwPRINTF            shift, and go to state 35
    rwSPRINTF           shift, and go to state 36
    rwRANDOMF           shift, and go to state 37
    rwFLOOR             shift, and go to state 38
    rwCEIL              shift, and go to state 39
    rwFABS              shift, and go to state 40
    rwSIN               shift, and go to state 41
    rwCOS               shift, and go to state 42
    rwATAN              shift, and go to state 43
    rwTANH              shift, and go to state 44
    rwSQRT              shift, and go to state 45
    rwISZERO            shift, and go to state 46
    rwFMOD              shift, and go to state 47
    rwMIN               shift, and go to state 48
    rwMAX               shift, and go to state 49
    rwATAN2             shift, and go to state 50
    rwPOW               shift, and go to state 51
    rwCLAMP             shift, and go to state 52
    rwCLAMPF            shift, and go to state 53
    rwLERP              shift, and go to state 54
    rwSMOOTHSTEP        shift, and go to state 55
    rwFN                shift, and go to state 56

    object_decl          go to state 63
    expr                 go to state 222
    slot_acc             go to state 71
    intslot_acc          go to state 72
    stmt_expr            go to state 90
    funcall_expr         go to state 74
    assert_expr          go to state 75
    inline_command_expr  go to state 76
    aidx_expr            go to state 554


State 531

  217 slot_assign: TYPEIDENT IDENT • '=' expr ';'
  218            | TYPEIDENT IDENT • '=' '{' expr_list '}' ';'
  222            | TYPEIDENT IDENT • '[' aidx_expr ']' '=' expr ';'

    '='  shift, and go to state 555
    '['  shift, and go to state 556


State 532

   44 datablock_decl: rwDATABLOCK class_name_expr '(' expr parent_block ')' '{' slot_assign_list_opt '}' • ';'

    ';'  shift, and go to state 557


State 533

  213 slot_assign_list: slot_assign_list slot_assign •

    $default  reduce using rule 213 (slot_assign_list)


State 534

   71 case_expr: case_expr rwCASEOR expr •
   99 expr: expr • '^' expr
  100     | expr • '%' expr
  101     | expr • '&' expr
  102     | expr • '|' expr
  103     | expr • '+' expr
  104     | expr • '-' expr
  105     | expr • '*' expr
  106     | expr • '/' expr
  110     | expr • '?' expr ':' expr
  111     | expr • '?' '{' expr_list '}' ':' '{' expr_list '}'
  112     | expr • '?' expr ':' '{' expr_list '}'
  113     | expr • '?' '{' expr_list '}' ':' expr
  114     | expr • '<' expr
  115     | expr • '>' expr
  116     | expr • opGE expr
  117     | expr • opLE expr
  118     | expr • opEQ expr
  119     | expr • opNE expr
  120     | expr • opOR expr
  121     | expr • opSHL expr
  122     | expr • opSHR expr
  123     | expr • opAND expr
  124     | expr • opSTREQ expr
  125     | expr • opSTRNE expr
  126     | expr • '@' expr
  140 slot_acc: expr • '.' IDENT
  141         | expr • '.' IDENT '[' aidx_expr ']'
  142 intslot_acc: expr • opINTNAME class_name_expr
  143            | expr • opINTNAMER class_name_expr
  175 funcall_expr: expr • '.' IDENT '(' func_arg_list_decl ')'

    '+'         shift, and go to state 154
    '-'         shift, and go to state 155
    '*'         shift, and go to state 156
    '/'         shift, and go to state 157
    '<'         shift, and go to state 158
    '>'         shift, and go to state 159
    '.'         shift, and go to state 160
    '|'         shift, and go to state 161
    '&'         shift, and go to state 162
    '%'         shift, and go to state 163
    '^'         shift, and go to state 164
    '@'         shift, and go to state 165
    opINTNAME   shift, and go to state 166
    opINTNAMER  shift, and go to state 167
    opSHL       shift, and go to state 168
    opSHR       shift, and go to state 169
    opEQ        shift, and go to state 170
    opNE        shift, and go to state 171
    opGE        shift, and go to state 172
    opLE        shift, and go to state 173
    opAND       shift, and go to state 174
    opOR        shift, and go to state 175
    opSTREQ     shift, and go to state 176
    opSTRNE     shift, and go to state 177
    '?'         shift, and go to state 178

    $default  reduce using rule 71 (case_expr)


State 535

   11 statement_list: statement_list • stmt
   67 case_block: rwCASE case_expr ':' statement_list •
   68           | rwCASE case_expr ':' statement_list • rwDEFAULT ':' statement_list
   69           | rwCASE case_expr ':' statement_list • case_block

    rwDECLARE           shift, and go to state 5
    rwDECLARESINGLETON  shift, and go to state 6
    rwBREAK             shift, and go to state 7
    rwCONTINUE          shift, and go to state 8
    rwIF                shift, and go to state 9
    rwRETURN            shift, and go to state 10
    rwWHILE             shift, and go to state 11
    rwDO                shift, and go to state 12
    rwDEFAULT           shift, and go to state 558
    rwFOR               shift, and go to state 13
    rwFOREACH           shift, and go to state 14
    rwFOREACHSTR        shift, and go to state 15
    rwDATABLOCK         shift, and go to state 16
    rwSWITCH            shift, and go to state 17
    rwCASE              shift, and go to state 431
    rwSWITCHSTR         shift, and go to state 18
    rwASSERT            shift, and go to state 20
    INTCONST            shift, and go to state 21
    TTAG                shift, and go to state 22
    VAR                 shift, and go to state 23
    IDENT               shift, and go to state 24
    DOCBLOCK            shift, and go to state 25
    STRATOM             shift, and go to state 26
    TAGATOM             shift, and go to state 27
    FLTCONST            shift, and go to state 28
    '-'                 shift, and go to state 29
    '*'                 shift, and go to state 30
    '('                 shift, and go to state 31
    '~'                 shift, and go to state 32
    '!'                 shift, and go to state 33
    rwPRINT             shift, and go to state 34
    rwPRINTF            shift, and go to state 35
    rwSPRINTF           shift, and go to state 36
    rwRANDOMF           shift, and go to state 37
    rwFLOOR             shift, and go to state 38
    rwCEIL              shift, and go to state 39
    rwFABS              shift, and go to state 40
    rwSIN               shift, and go to state 41
    rwCOS               shift, and go to state 42
    rwATAN              shift, and go to state 43
    rwTANH              shift, and go to state 44
    rwSQRT              shift, and go to state 45
    rwISZERO            shift, and go to state 46
    rwFMOD              shift, and go to state 47
    rwMIN               shift, and go to state 48
    rwMAX               shift, and go to state 49
    rwATAN2             shift, and go to state 50
    rwPOW               shift, and go to state 51
    rwCLAMP             shift, and go to state 52
    rwCLAMPF            shift, and go to state 53
    rwLERP              shift, and go to state 54
    rwSMOOTHSTEP        shift, and go to state 55
    rwFN                shift, and go to state 56
    '['                 shift, and go to state 57

    $default  reduce using rule 67 (case_block)

    stmt                 go to state 298
    datablock_decl       go to state 62
    object_decl          go to state 63
    switch_stmt          go to state 64
    case_block           go to state 559
    if_stmt              go to state 65
    while_stmt           go to state 66
    for_stmt             go to state 67
    foreach_stmt         go to state 68
    expression_stmt      go to state 69
    expr                 go to state 70
    slot_acc             go to state 71
    intslot_acc          go to state 72
    stmt_expr            go to state 73
    funcall_expr         go to state 74
    assert_expr          go to state 75
    inline_command_expr  go to state 76


State 536

  111 expr: expr '?' '{' expr_list '}' ':' '{' expr_list '}' •

    $default  reduce using rule 111 (expr)


State 537

   31 fn_decl_stmt: rwDEFINE IDENT opCOLONCOLON IDENT '(' func_var_list_decl ')' '{' statement_list '}' •

    $default  reduce using rule 31 (fn_decl_stmt)


State 538

   47 object_decl: rwDECLARE class_name_expr '(' '[' object_name ']' parent_block object_args ')' '{' • object_declare_block '}'

    rwDECLARE           shift, and go to state 5
    rwDECLARESINGLETON  shift, and go to state 6
    rwDATABLOCK         shift, and go to state 500
    IDENT               shift, and go to state 501
    TYPEIDENT           shift, and go to state 502

    $default  reduce using rule 57 (object_declare_block)

    object_decl           go to state 514
    object_declare_block  go to state 560
    object_decl_list      go to state 516
    slot_assign_list      go to state 517
    slot_assign           go to state 505


State 539

   61 object_decl_list: object_decl ';' •

    $default  reduce using rule 61 (object_decl_list)


State 540

   45 object_decl: rwDECLARE class_name_expr '(' object_name parent_block object_args ')' '{' object_declare_block '}' •

    $default  reduce using rule 45 (object_decl)


State 541

   62 object_decl_list: object_decl_list object_decl • ';'

    ';'  shift, and go to state 561


State 542

   60 object_declare_block: slot_assign_list object_decl_list •
   62 object_decl_list: object_decl_list • object_decl ';'

    rwDECLARE           shift, and go to state 5
    rwDECLARESINGLETON  shift, and go to state 6

    $default  reduce using rule 60 (object_declare_block)

    object_decl  go to state 541


State 543

   49 object_decl: rwDECLARESINGLETON class_name_expr '(' object_name parent_block object_args ')' '{' object_declare_block '}' •

    $default  reduce using rule 49 (object_decl)


State 544

   85 for_stmt: rwFOR '(' VAR rwIN rwRANGE expr opDOTDOT expr ')' stmt_block •

    $default  reduce using rule 85 (for_stmt)


State 545

   87 for_stmt: rwFOR '(' VAR rwIN rwRANGE expr opDOTDOT expr rwSTEP expr • ')' stmt_block
   99 expr: expr • '^' expr
  100     | expr • '%' expr
  101     | expr • '&' expr
  102     | expr • '|' expr
  103     | expr • '+' expr
  104     | expr • '-' expr
  105     | expr • '*' expr
  106     | expr • '/' expr
  110     | expr • '?' expr ':' expr
  111     | expr • '?' '{' expr_list '}' ':' '{' expr_list '}'
  112     | expr • '?' expr ':' '{' expr_list '}'
  113     | expr • '?' '{' expr_list '}' ':' expr
  114     | expr • '<' expr
  115     | expr • '>' expr
  116     | expr • opGE expr
  117     | expr • opLE expr
  118     | expr • opEQ expr
  119     | expr • opNE expr
  120     | expr • opOR expr
  121     | expr • opSHL expr
  122     | expr • opSHR expr
  123     | expr • opAND expr
  124     | expr • opSTREQ expr
  125     | expr • opSTRNE expr
  126     | expr • '@' expr
  140 slot_acc: expr • '.' IDENT
  141         | expr • '.' IDENT '[' aidx_expr ']'
  142 intslot_acc: expr • opINTNAME class_name_expr
  143            | expr • opINTNAMER class_name_expr
  175 funcall_expr: expr • '.' IDENT '(' func_arg_list_decl ')'

    '+'         shift, and go to state 154
    '-'         shift, and go to state 155
    '*'         shift, and go to state 156
    '/'         shift, and go to state 157
    '<'         shift, and go to state 158
    '>'         shift, and go to state 159
    '.'         shift, and go to state 160
    '|'         shift, and go to state 161
    '&'         shift, and go to state 162
    '%'         shift, and go to state 163
    ')'         shift, and go to state 562
    '^'         shift, and go to state 164
    '@'         shift, and go to state 165
    opINTNAME   shift, and go to state 166
    opINTNAMER  shift, and go to state 167
    opSHL       shift, and go to state 168
    opSHR       shift, and go to state 169
    opEQ        shift, and go to state 170
    opNE        shift, and go to state 171
    opGE        shift, and go to state 172
    opLE        shift, and go to state 173
    opAND       shift, and go to state 174
    opOR        shift, and go to state 175
    opSTREQ     shift, and go to state 176
    opSTRNE     shift, and go to state 177
    '?'         shift, and go to state 178


State 546

   86 for_stmt: rwFOR '(' VAR rwIN expr opDOTDOT expr rwSTEP expr ')' • stmt_block

    rwDECLARE           shift, and go to state 5
    rwDECLARESINGLETON  shift, and go to state 6
    rwBREAK             shift, and go to state 7
    rwCONTINUE          shift, and go to state 8
    rwIF                shift, and go to state 9
    rwRETURN            shift, and go to state 10
    rwWHILE             shift, and go to state 11
    rwDO                shift, and go to state 12
    rwFOR               shift, and go to state 13
    rwFOREACH           shift, and go to state 14
    rwFOREACHSTR        shift, and go to state 15
    rwDATABLOCK         shift, and go to state 16
    rwSWITCH            shift, and go to state 17
    rwSWITCHSTR         shift, and go to state 18
    rwASSERT            shift, and go to state 20
    INTCONST            shift, and go to state 21
    TTAG                shift, and go to state 22
    VAR                 shift, and go to state 23
    IDENT               shift, and go to state 24
    DOCBLOCK            shift, and go to state 25
    STRATOM             shift, and go to state 26
    TAGATOM             shift, and go to state 27
    FLTCONST            shift, and go to state 28
    '-'                 shift, and go to state 29
    '*'                 shift, and go to state 30
    '('                 shift, and go to state 31
    '{'                 shift, and go to state 92
    '~'                 shift, and go to state 32
    '!'                 shift, and go to state 33
    rwPRINT             shift, and go to state 34
    rwPRINTF            shift, and go to state 35
    rwSPRINTF           shift, and go to state 36
    rwRANDOMF           shift, and go to state 37
    rwFLOOR             shift, and go to state 38
    rwCEIL              shift, and go to state 39
    rwFABS              shift, and go to state 40
    rwSIN               shift, and go to state 41
    rwCOS               shift, and go to state 42
    rwATAN              shift, and go to state 43
    rwTANH              shift, and go to state 44
    rwSQRT              shift, and go to state 45
    rwISZERO            shift, and go to state 46
    rwFMOD              shift, and go to state 47
    rwMIN               shift, and go to state 48
    rwMAX               shift, and go to state 49
    rwATAN2             shift, and go to state 50
    rwPOW               shift, and go to state 51
    rwCLAMP             shift, and go to state 52
    rwCLAMPF            shift, and go to state 53
    rwLERP              shift, and go to state 54
    rwSMOOTHSTEP        shift, and go to state 55
    rwFN                shift, and go to state 56
    '['                 shift, and go to state 57

    stmt                 go to state 93
    datablock_decl       go to state 62
    object_decl          go to state 63
    stmt_block           go to state 563
    switch_stmt          go to state 64
    if_stmt              go to state 65
    while_stmt           go to state 66
    for_stmt             go to state 67
    foreach_stmt         go to state 68
    expression_stmt      go to state 69
    expr                 go to state 70
    slot_acc             go to state 71
    intslot_acc          go to state 72
    stmt_expr            go to state 73
    funcall_expr         go to state 74
    assert_expr          go to state 75
    inline_command_expr  go to state 76


State 547

   92 foreach_stmt: rwFOREACH '(' VAR rwIN rwRANGE expr opDOTDOT expr ')' stmt_block •

    $default  reduce using rule 92 (foreach_stmt)


State 548

   94 foreach_stmt: rwFOREACH '(' VAR rwIN rwRANGE expr opDOTDOT expr rwSTEP expr • ')' stmt_block
   99 expr: expr • '^' expr
  100     | expr • '%' expr
  101     | expr • '&' expr
  102     | expr • '|' expr
  103     | expr • '+' expr
  104     | expr • '-' expr
  105     | expr • '*' expr
  106     | expr • '/' expr
  110     | expr • '?' expr ':' expr
  111     | expr • '?' '{' expr_list '}' ':' '{' expr_list '}'
  112     | expr • '?' expr ':' '{' expr_list '}'
  113     | expr • '?' '{' expr_list '}' ':' expr
  114     | expr • '<' expr
  115     | expr • '>' expr
  116     | expr • opGE expr
  117     | expr • opLE expr
  118     | expr • opEQ expr
  119     | expr • opNE expr
  120     | expr • opOR expr
  121     | expr • opSHL expr
  122     | expr • opSHR expr
  123     | expr • opAND expr
  124     | expr • opSTREQ expr
  125     | expr • opSTRNE expr
  126     | expr • '@' expr
  140 slot_acc: expr • '.' IDENT
  141         | expr • '.' IDENT '[' aidx_expr ']'
  142 intslot_acc: expr • opINTNAME class_name_expr
  143            | expr • opINTNAMER class_name_expr
  175 funcall_expr: expr • '.' IDENT '(' func_arg_list_decl ')'

    '+'         shift, and go to state 154
    '-'         shift, and go to state 155
    '*'         shift, and go to state 156
    '/'         shift, and go to state 157
    '<'         shift, and go to state 158
    '>'         shift, and go to state 159
    '.'         shift, and go to state 160
    '|'         shift, and go to state 161
    '&'         shift, and go to state 162
    '%'         shift, and go to state 163
    ')'         shift, and go to state 564
    '^'         shift, and go to state 164
    '@'         shift, and go to state 165
    opINTNAME   shift, and go to state 166
    opINTNAMER  shift, and go to state 167
    opSHL       shift, and go to state 168
    opSHR       shift, and go to state 169
    opEQ        shift, and go to state 170
    opNE        shift, and go to state 171
    opGE        shift, and go to state 172
    opLE        shift, and go to state 173
    opAND       shift, and go to state 174
    opOR        shift, and go to state 175
    opSTREQ     shift, and go to state 176
    opSTRNE     shift, and go to state 177
    '?'         shift, and go to state 178


State 549

   93 foreach_stmt: rwFOREACH '(' VAR rwIN expr opDOTDOT expr rwSTEP expr ')' • stmt_block

    rwDECLARE           shift, and go to state 5
    rwDECLARESINGLETON  shift, and go to state 6
    rwBREAK             shift, and go to state 7
    rwCONTINUE          shift, and go to state 8
    rwIF                shift, and go to state 9
    rwRETURN            shift, and go to state 10
    rwWHILE             shift, and go to state 11
    rwDO                shift, and go to state 12
    rwFOR               shift, and go to state 13
    rwFOREACH           shift, and go to state 14
    rwFOREACHSTR        shift, and go to state 15
    rwDATABLOCK         shift, and go to state 16
    rwSWITCH            shift, and go to state 17
    rwSWITCHSTR         shift, and go to state 18
    rwASSERT            shift, and go to state 20
    INTCONST            shift, and go to state 21
    TTAG                shift, and go to state 22
    VAR                 shift, and go to state 23
    IDENT               shift, and go to state 24
    DOCBLOCK            shift, and go to state 25
    STRATOM             shift, and go to state 26
    TAGATOM             shift, and go to state 27
    FLTCONST            shift, and go to state 28
    '-'                 shift, and go to state 29
    '*'                 shift, and go to state 30
    '('                 shift, and go to state 31
    '{'                 shift, and go to state 92
    '~'                 shift, and go to state 32
    '!'                 shift, and go to state 33
    rwPRINT             shift, and go to state 34
    rwPRINTF            shift, and go to state 35
    rwSPRINTF           shift, and go to state 36
    rwRANDOMF           shift, and go to state 37
    rwFLOOR             shift, and go to state 38
    rwCEIL              shift, and go to state 39
    rwFABS              shift, and go to state 40
    rwSIN               shift, and go to state 41
    rwCOS               shift, and go to state 42
    rwATAN              shift, and go to state 43
    rwTANH              shift, and go to state 44
    rwSQRT              shift, and go to state 45
    rwISZERO            shift, and go to state 46
    rwFMOD              shift, and go to state 47
    rwMIN               shift, and go to state 48
    rwMAX               shift, and go to state 49
    rwATAN2             shift, and go to state 50
    rwPOW               shift, and go to state 51
    rwCLAMP             shift, and go to state 52
    rwCLAMPF            shift, and go to state 53
    rwLERP              shift, and go to state 54
    rwSMOOTHSTEP        shift, and go to state 55
    rwFN                shift, and go to state 56
    '['                 shift, and go to state 57

    stmt                 go to state 93
    datablock_decl       go to state 62
    object_decl          go to state 63
    stmt_block           go to state 565
    switch_stmt          go to state 64
    if_stmt              go to state 65
    while_stmt           go to state 66
    for_stmt             go to state 67
    foreach_stmt         go to state 68
    expression_stmt      go to state 69
    expr                 go to state 70
    slot_acc             go to state 71
    intslot_acc          go to state 72
    stmt_expr            go to state 73
    funcall_expr         go to state 74
    assert_expr          go to state 75
    inline_command_expr  go to state 76


State 550

   99 expr: expr • '^' expr
  100     | expr • '%' expr
  101     | expr • '&' expr
  102     | expr • '|' expr
  103     | expr • '+' expr
  104     | expr • '-' expr
  105     | expr • '*' expr
  106     | expr • '/' expr
  110     | expr • '?' expr ':' expr
  111     | expr • '?' '{' expr_list '}' ':' '{' expr_list '}'
  112     | expr • '?' expr ':' '{' expr_list '}'
  113     | expr • '?' '{' expr_list '}' ':' expr
  114     | expr • '<' expr
  115     | expr • '>' expr
  116     | expr • opGE expr
  117     | expr • opLE expr
  118     | expr • opEQ expr
  119     | expr • opNE expr
  120     | expr • opOR expr
  121     | expr • opSHL expr
  122     | expr • opSHR expr
  123     | expr • opAND expr
  124     | expr • opSTREQ expr
  125     | expr • opSTRNE expr
  126     | expr • '@' expr
  140 slot_acc: expr • '.' IDENT
  141         | expr • '.' IDENT '[' aidx_expr ']'
  142 intslot_acc: expr • opINTNAME class_name_expr
  143            | expr • opINTNAMER class_name_expr
  175 funcall_expr: expr • '.' IDENT '(' func_arg_list_decl ')'
  219 slot_assign: rwDATABLOCK '=' expr • ';'

    '+'         shift, and go to state 154
    '-'         shift, and go to state 155
    '*'         shift, and go to state 156
    '/'         shift, and go to state 157
    '<'         shift, and go to state 158
    '>'         shift, and go to state 159
    '.'         shift, and go to state 160
    '|'         shift, and go to state 161
    '&'         shift, and go to state 162
    '%'         shift, and go to state 163
    ';'         shift, and go to state 566
    '^'         shift, and go to state 164
    '@'         shift, and go to state 165
    opINTNAME   shift, and go to state 166
    opINTNAMER  shift, and go to state 167
    opSHL       shift, and go to state 168
    opSHR       shift, and go to state 169
    opEQ        shift, and go to state 170
    opNE        shift, and go to state 171
    opGE        shift, and go to state 172
    opLE        shift, and go to state 173
    opAND       shift, and go to state 174
    opOR        shift, and go to state 175
    opSTREQ     shift, and go to state 176
    opSTRNE     shift, and go to state 177
    '?'         shift, and go to state 178


State 551

  215 slot_assign: IDENT '=' '{' • expr_list '}' ';'

    rwDECLARE           shift, and go to state 5
    rwDECLARESINGLETON  shift, and go to state 6
    rwBREAK             shift, and go to state 85
    rwASSERT            shift, and go to state 20
    INTCONST            shift, and go to state 21
    TTAG                shift, and go to state 86
    VAR                 shift, and go to state 23
    IDENT               shift, and go to state 24
    STRATOM             shift, and go to state 26
    TAGATOM             shift, and go to state 27
    FLTCONST            shift, and go to state 28
    '-'                 shift, and go to state 29
    '*'                 shift, and go to state 30
    '('                 shift, and go to state 31
    '~'                 shift, and go to state 32
    '!'                 shift, and go to state 33
    rwPRINT             shift, and go to state 34
    rwPRINTF            shift, and go to state 35
    rwSPRINTF           shift, and go to state 36
    rwRANDOMF           shift, and go to state 37
    rwFLOOR             shift, and go to state 38
    rwCEIL              shift, and go to state 39
    rwFABS              shift, and go to state 40
    rwSIN               shift, and go to state 41
    rwCOS               shift, and go to state 42
    rwATAN              shift, and go to state 43
    rwTANH              shift, and go to state 44
    rwSQRT              shift, and go to state 45
    rwISZERO            shift, and go to state 46
    rwFMOD              shift, and go to state 47
    rwMIN               shift, and go to state 48
    rwMAX               shift, and go to state 49
    rwATAN2             shift, and go to state 50
    rwPOW               shift, and go to state 51
    rwCLAMP             shift, and go to state 52
    rwCLAMPF            shift, and go to state 53
    rwLERP              shift, and go to state 54
    rwSMOOTHSTEP        shift, and go to state 55
    rwFN                shift, and go to state 56

    object_decl          go to state 63
    expr                 go to state 187
    slot_acc             go to state 71
    intslot_acc          go to state 72
    stmt_expr            go to state 90
    funcall_expr         go to state 74
    assert_expr          go to state 75
    inline_command_expr  go to state 76
    expr_list            go to state 567


State 552

  216 slot_assign: IDENT '=' '[' • expr_list ']' ';'

    rwDECLARE           shift, and go to state 5
    rwDECLARESINGLETON  shift, and go to state 6
    rwBREAK             shift, and go to state 85
    rwASSERT            shift, and go to state 20
    INTCONST            shift, and go to state 21
    TTAG                shift, and go to state 86
    VAR                 shift, and go to state 23
    IDENT               shift, and go to state 24
    STRATOM             shift, and go to state 26
    TAGATOM             shift, and go to state 27
    FLTCONST            shift, and go to state 28
    '-'                 shift, and go to state 29
    '*'                 shift, and go to state 30
    '('                 shift, and go to state 31
    '~'                 shift, and go to state 32
    '!'                 shift, and go to state 33
    rwPRINT             shift, and go to state 34
    rwPRINTF            shift, and go to state 35
    rwSPRINTF           shift, and go to state 36
    rwRANDOMF           shift, and go to state 37
    rwFLOOR             shift, and go to state 38
    rwCEIL              shift, and go to state 39
    rwFABS              shift, and go to state 40
    rwSIN               shift, and go to state 41
    rwCOS               shift, and go to state 42
    rwATAN              shift, and go to state 43
    rwTANH              shift, and go to state 44
    rwSQRT              shift, and go to state 45
    rwISZERO            shift, and go to state 46
    rwFMOD              shift, and go to state 47
    rwMIN               shift, and go to state 48
    rwMAX               shift, and go to state 49
    rwATAN2             shift, and go to state 50
    rwPOW               shift, and go to state 51
    rwCLAMP             shift, and go to state 52
    rwCLAMPF            shift, and go to state 53
    rwLERP              shift, and go to state 54
    rwSMOOTHSTEP        shift, and go to state 55
    rwFN                shift, and go to state 56

    object_decl          go to state 63
    expr                 go to state 187
    slot_acc             go to state 71
    intslot_acc          go to state 72
    stmt_expr            go to state 90
    funcall_expr         go to state 74
    assert_expr          go to state 75
    inline_command_expr  go to state 76
    expr_list            go to state 568


State 553

   99 expr: expr • '^' expr
  100     | expr • '%' expr
  101     | expr • '&' expr
  102     | expr • '|' expr
  103     | expr • '+' expr
  104     | expr • '-' expr
  105     | expr • '*' expr
  106     | expr • '/' expr
  110     | expr • '?' expr ':' expr
  111     | expr • '?' '{' expr_list '}' ':' '{' expr_list '}'
  112     | expr • '?' expr ':' '{' expr_list '}'
  113     | expr • '?' '{' expr_list '}' ':' expr
  114     | expr • '<' expr
  115     | expr • '>' expr
  116     | expr • opGE expr
  117     | expr • opLE expr
  118     | expr • opEQ expr
  119     | expr • opNE expr
  120     | expr • opOR expr
  121     | expr • opSHL expr
  122     | expr • opSHR expr
  123     | expr • opAND expr
  124     | expr • opSTREQ expr
  125     | expr • opSTRNE expr
  126     | expr • '@' expr
  140 slot_acc: expr • '.' IDENT
  141         | expr • '.' IDENT '[' aidx_expr ']'
  142 intslot_acc: expr • opINTNAME class_name_expr
  143            | expr • opINTNAMER class_name_expr
  175 funcall_expr: expr • '.' IDENT '(' func_arg_list_decl ')'
  214 slot_assign: IDENT '=' expr • ';'

    '+'         shift, and go to state 154
    '-'         shift, and go to state 155
    '*'         shift, and go to state 156
    '/'         shift, and go to state 157
    '<'         shift, and go to state 158
    '>'         shift, and go to state 159
    '.'         shift, and go to state 160
    '|'         shift, and go to state 161
    '&'         shift, and go to state 162
    '%'         shift, and go to state 163
    ';'         shift, and go to state 569
    '^'         shift, and go to state 164
    '@'         shift, and go to state 165
    opINTNAME   shift, and go to state 166
    opINTNAMER  shift, and go to state 167
    opSHL       shift, and go to state 168
    opSHR       shift, and go to state 169
    opEQ        shift, and go to state 170
    opNE        shift, and go to state 171
    opGE        shift, and go to state 172
    opLE        shift, and go to state 173
    opAND       shift, and go to state 174
    opOR        shift, and go to state 175
    opSTREQ     shift, and go to state 176
    opSTRNE     shift, and go to state 177
    '?'         shift, and go to state 178


State 554

  220 slot_assign: IDENT '[' aidx_expr • ']' '=' expr ';'
  221            | IDENT '[' aidx_expr • ']' '=' '{' expr_list '}' ';'
  224 aidx_expr: aidx_expr • ',' expr

    ','  shift, and go to state 320
    ']'  shift, and go to state 570


State 555

  217 slot_assign: TYPEIDENT IDENT '=' • expr ';'
  218            | TYPEIDENT IDENT '=' • '{' expr_list '}' ';'

    rwDECLARE           shift, and go to state 5
    rwDECLARESINGLETON  shift, and go to state 6
    rwBREAK             shift, and go to state 85
    rwASSERT            shift, and go to state 20
    INTCONST            shift, and go to state 21
    TTAG                shift, and go to state 86
    VAR                 shift, and go to state 23
    IDENT               shift, and go to state 24
    STRATOM             shift, and go to state 26
    TAGATOM             shift, and go to state 27
    FLTCONST            shift, and go to state 28
    '-'                 shift, and go to state 29
    '*'                 shift, and go to state 30
    '('                 shift, and go to state 31
    '{'                 shift, and go to state 571
    '~'                 shift, and go to state 32
    '!'                 shift, and go to state 33
    rwPRINT             shift, and go to state 34
    rwPRINTF            shift, and go to state 35
    rwSPRINTF           shift, and go to state 36
    rwRANDOMF           shift, and go to state 37
    rwFLOOR             shift, and go to state 38
    rwCEIL              shift, and go to state 39
    rwFABS              shift, and go to state 40
    rwSIN               shift, and go to state 41
    rwCOS               shift, and go to state 42
    rwATAN              shift, and go to state 43
    rwTANH              shift, and go to state 44
    rwSQRT              shift, and go to state 45
    rwISZERO            shift, and go to state 46
    rwFMOD              shift, and go to state 47
    rwMIN               shift, and go to state 48
    rwMAX               shift, and go to state 49
    rwATAN2             shift, and go to state 50
    rwPOW               shift, and go to state 51
    rwCLAMP             shift, and go to state 52
    rwCLAMPF            shift, and go to state 53
    rwLERP              shift, and go to state 54
    rwSMOOTHSTEP        shift, and go to state 55
    rwFN                shift, and go to state 56

    object_decl          go to state 63
    expr                 go to state 572
    slot_acc             go to state 71
    intslot_acc          go to state 72
    stmt_expr            go to state 90
    funcall_expr         go to state 74
    assert_expr          go to state 75
    inline_command_expr  go to state 76


State 556

  222 slot_assign: TYPEIDENT IDENT '[' • aidx_expr ']' '=' expr ';'

    rwDECLARE           shift, and go to state 5
    rwDECLARESINGLETON  shift, and go to state 6
    rwBREAK             shift, and go to state 85
    rwASSERT            shift, and go to state 20
    INTCONST            shift, and go to state 21
    TTAG                shift, and go to state 86
    VAR                 shift, and go to state 23
    IDENT               shift, and go to state 24
    STRATOM             shift, and go to state 26
    TAGATOM             shift, and go to state 27
    FLTCONST            shift, and go to state 28
    '-'                 shift, and go to state 29
    '*'                 shift, and go to state 30
    '('                 shift, and go to state 31
    '~'                 shift, and go to state 32
    '!'                 shift, and go to state 33
    rwPRINT             shift, and go to state 34
    rwPRINTF            shift, and go to state 35
    rwSPRINTF           shift, and go to state 36
    rwRANDOMF           shift, and go to state 37
    rwFLOOR             shift, and go to state 38
    rwCEIL              shift, and go to state 39
    rwFABS              shift, and go to state 40
    rwSIN               shift, and go to state 41
    rwCOS               shift, and go to state 42
    rwATAN              shift, and go to state 43
    rwTANH              shift, and go to state 44
    rwSQRT              shift, and go to state 45
    rwISZERO            shift, and go to state 46
    rwFMOD              shift, and go to state 47
    rwMIN               shift, and go to state 48
    rwMAX               shift, and go to state 49
    rwATAN2             shift, and go to state 50
    rwPOW               shift, and go to state 51
    rwCLAMP             shift, and go to state 52
    rwCLAMPF            shift, and go to state 53
    rwLERP              shift, and go to state 54
    rwSMOOTHSTEP        shift, and go to state 55
    rwFN                shift, and go to state 56

    object_decl          go to state 63
    expr                 go to state 222
    slot_acc             go to state 71
    intslot_acc          go to state 72
    stmt_expr            go to state 90
    funcall_expr         go to state 74
    assert_expr          go to state 75
    inline_command_expr  go to state 76
    aidx_expr            go to state 573


State 557

   44 datablock_decl: rwDATABLOCK class_name_expr '(' expr parent_block ')' '{' slot_assign_list_opt '}' ';' •

    $default  reduce using rule 44 (datablock_decl)


State 558

   68 case_block: rwCASE case_expr ':' statement_list rwDEFAULT • ':' statement_list

    ':'  shift, and go to state 574


State 559

   69 case_block: rwCASE case_expr ':' statement_list case_block •

    $default  reduce using rule 69 (case_block)


State 560

   47 object_decl: rwDECLARE class_name_expr '(' '[' object_name ']' parent_block object_args ')' '{' object_declare_block • '}'

    '}'  shift, and go to state 575


State 561

   62 object_decl_list: object_decl_list object_decl ';' •

    $default  reduce using rule 62 (object_decl_list)


State 562

   87 for_stmt: rwFOR '(' VAR rwIN rwRANGE expr opDOTDOT expr rwSTEP expr ')' • stmt_block

    rwDECLARE           shift, and go to state 5
    rwDECLARESINGLETON  shift, and go to state 6
    rwBREAK             shift, and go to state 7
    rwCONTINUE          shift, and go to state 8
    rwIF                shift, and go to state 9
    rwRETURN            shift, and go to state 10
    rwWHILE             shift, and go to state 11
    rwDO                shift, and go to state 12
    rwFOR               shift, and go to state 13
    rwFOREACH           shift, and go to state 14
    rwFOREACHSTR        shift, and go to state 15
    rwDATABLOCK         shift, and go to state 16
    rwSWITCH            shift, and go to state 17
    rwSWITCHSTR         shift, and go to state 18
    rwASSERT            shift, and go to state 20
    INTCONST            shift, and go to state 21
    TTAG                shift, and go to state 22
    VAR                 shift, and go to state 23
    IDENT               shift, and go to state 24
    DOCBLOCK            shift, and go to state 25
    STRATOM             shift, and go to state 26
    TAGATOM             shift, and go to state 27
    FLTCONST            shift, and go to state 28
    '-'                 shift, and go to state 29
    '*'                 shift, and go to state 30
    '('                 shift, and go to state 31
    '{'                 shift, and go to state 92
    '~'                 shift, and go to state 32
    '!'                 shift, and go to state 33
    rwPRINT             shift, and go to state 34
    rwPRINTF            shift, and go to state 35
    rwSPRINTF           shift, and go to state 36
    rwRANDOMF           shift, and go to state 37
    rwFLOOR             shift, and go to state 38
    rwCEIL              shift, and go to state 39
    rwFABS              shift, and go to state 40
    rwSIN               shift, and go to state 41
    rwCOS               shift, and go to state 42
    rwATAN              shift, and go to state 43
    rwTANH              shift, and go to state 44
    rwSQRT              shift, and go to state 45
    rwISZERO            shift, and go to state 46
    rwFMOD              shift, and go to state 47
    rwMIN               shift, and go to state 48
    rwMAX               shift, and go to state 49
    rwATAN2             shift, and go to state 50
    rwPOW               shift, and go to state 51
    rwCLAMP             shift, and go to state 52
    rwCLAMPF            shift, and go to state 53
    rwLERP              shift, and go to state 54
    rwSMOOTHSTEP        shift, and go to state 55
    rwFN                shift, and go to state 56
    '['                 shift, and go to state 57

    stmt                 go to state 93
    datablock_decl       go to state 62
    object_decl          go to state 63
    stmt_block           go to state 576
    switch_stmt          go to state 64
    if_stmt              go to state 65
    while_stmt           go to state 66
    for_stmt             go to state 67
    foreach_stmt         go to state 68
    expression_stmt      go to state 69
    expr                 go to state 70
    slot_acc             go to state 71
    intslot_acc          go to state 72
    stmt_expr            go to state 73
    funcall_expr         go to state 74
    assert_expr          go to state 75
    inline_command_expr  go to state 76


State 563

   86 for_stmt: rwFOR '(' VAR rwIN expr opDOTDOT expr rwSTEP expr ')' stmt_block •

    $default  reduce using rule 86 (for_stmt)


State 564

   94 foreach_stmt: rwFOREACH '(' VAR rwIN rwRANGE expr opDOTDOT expr rwSTEP expr ')' • stmt_block

    rwDECLARE           shift, and go to state 5
    rwDECLARESINGLETON  shift, and go to state 6
    rwBREAK             shift, and go to state 7
    rwCONTINUE          shift, and go to state 8
    rwIF                shift, and go to state 9
    rwRETURN            shift, and go to state 10
    rwWHILE             shift, and go to state 11
    rwDO                shift, and go to state 12
    rwFOR               shift, and go to state 13
    rwFOREACH           shift, and go to state 14
    rwFOREACHSTR        shift, and go to state 15
    rwDATABLOCK         shift, and go to state 16
    rwSWITCH            shift, and go to state 17
    rwSWITCHSTR         shift, and go to state 18
    rwASSERT            shift, and go to state 20
    INTCONST            shift, and go to state 21
    TTAG                shift, and go to state 22
    VAR                 shift, and go to state 23
    IDENT               shift, and go to state 24
    DOCBLOCK            shift, and go to state 25
    STRATOM             shift, and go to state 26
    TAGATOM             shift, and go to state 27
    FLTCONST            shift, and go to state 28
    '-'                 shift, and go to state 29
    '*'                 shift, and go to state 30
    '('                 shift, and go to state 31
    '{'                 shift, and go to state 92
    '~'                 shift, and go to state 32
    '!'                 shift, and go to state 33
    rwPRINT             shift, and go to state 34
    rwPRINTF            shift, and go to state 35
    rwSPRINTF           shift, and go to state 36
    rwRANDOMF           shift, and go to state 37
    rwFLOOR             shift, and go to state 38
    rwCEIL              shift, and go to state 39
    rwFABS              shift, and go to state 40
    rwSIN               shift, and go to state 41
    rwCOS               shift, and go to state 42
    rwATAN              shift, and go to state 43
    rwTANH              shift, and go to state 44
    rwSQRT              shift, and go to state 45
    rwISZERO            shift, and go to state 46
    rwFMOD              shift, and go to state 47
    rwMIN               shift, and go to state 48
    rwMAX               shift, and go to state 49
    rwATAN2             shift, and go to state 50
    rwPOW               shift, and go to state 51
    rwCLAMP             shift, and go to state 52
    rwCLAMPF            shift, and go to state 53
    rwLERP              shift, and go to state 54
    rwSMOOTHSTEP        shift, and go to state 55
    rwFN                shift, and go to state 56
    '['                 shift, and go to state 57

    stmt                 go to state 93
    datablock_decl       go to state 62
    object_decl          go to state 63
    stmt_block           go to state 577
    switch_stmt          go to state 64
    if_stmt              go to state 65
    while_stmt           go to state 66
    for_stmt             go to state 67
    foreach_stmt         go to state 68
    expression_stmt      go to state 69
    expr                 go to state 70
    slot_acc             go to state 71
    intslot_acc          go to state 72
    stmt_expr            go to state 73
    funcall_expr         go to state 74
    assert_expr          go to state 75
    inline_command_expr  go to state 76


State 565

   93 foreach_stmt: rwFOREACH '(' VAR rwIN expr opDOTDOT expr rwSTEP expr ')' stmt_block •

    $default  reduce using rule 93 (foreach_stmt)


State 566

  219 slot_assign: rwDATABLOCK '=' expr ';' •

    $default  reduce using rule 219 (slot_assign)


State 567

  209 expr_list: expr_list • ',' expr
  215 slot_assign: IDENT '=' '{' expr_list • '}' ';'

    ','  shift, and go to state 294
    '}'  shift, and go to state 578


State 568

  209 expr_list: expr_list • ',' expr
  216 slot_assign: IDENT '=' '[' expr_list • ']' ';'

    ','  shift, and go to state 294
    ']'  shift, and go to state 579


State 569

  214 slot_assign: IDENT '=' expr ';' •

    $default  reduce using rule 214 (slot_assign)


State 570

  220 slot_assign: IDENT '[' aidx_expr ']' • '=' expr ';'
  221            | IDENT '[' aidx_expr ']' • '=' '{' expr_list '}' ';'

    '='  shift, and go to state 580


State 571

  218 slot_assign: TYPEIDENT IDENT '=' '{' • expr_list '}' ';'

    rwDECLARE           shift, and go to state 5
    rwDECLARESINGLETON  shift, and go to state 6
    rwBREAK             shift, and go to state 85
    rwASSERT            shift, and go to state 20
    INTCONST            shift, and go to state 21
    TTAG                shift, and go to state 86
    VAR                 shift, and go to state 23
    IDENT               shift, and go to state 24
    STRATOM             shift, and go to state 26
    TAGATOM             shift, and go to state 27
    FLTCONST            shift, and go to state 28
    '-'                 shift, and go to state 29
    '*'                 shift, and go to state 30
    '('                 shift, and go to state 31
    '~'                 shift, and go to state 32
    '!'                 shift, and go to state 33
    rwPRINT             shift, and go to state 34
    rwPRINTF            shift, and go to state 35
    rwSPRINTF           shift, and go to state 36
    rwRANDOMF           shift, and go to state 37
    rwFLOOR             shift, and go to state 38
    rwCEIL              shift, and go to state 39
    rwFABS              shift, and go to state 40
    rwSIN               shift, and go to state 41
    rwCOS               shift, and go to state 42
    rwATAN              shift, and go to state 43
    rwTANH              shift, and go to state 44
    rwSQRT              shift, and go to state 45
    rwISZERO            shift, and go to state 46
    rwFMOD              shift, and go to state 47
    rwMIN               shift, and go to state 48
    rwMAX               shift, and go to state 49
    rwATAN2             shift, and go to state 50
    rwPOW               shift, and go to state 51
    rwCLAMP             shift, and go to state 52
    rwCLAMPF            shift, and go to state 53
    rwLERP              shift, and go to state 54
    rwSMOOTHSTEP        shift, and go to state 55
    rwFN                shift, and go to state 56

    object_decl          go to state 63
    expr                 go to state 187
    slot_acc             go to state 71
    intslot_acc          go to state 72
    stmt_expr            go to state 90
    funcall_expr         go to state 74
    assert_expr          go to state 75
    inline_command_expr  go to state 76
    expr_list            go to state 581


State 572

   99 expr: expr • '^' expr
  100     | expr • '%' expr
  101     | expr • '&' expr
  102     | expr • '|' expr
  103     | expr • '+' expr
  104     | expr • '-' expr
  105     | expr • '*' expr
  106     | expr • '/' expr
  110     | expr • '?' expr ':' expr
  111     | expr • '?' '{' expr_list '}' ':' '{' expr_list '}'
  112     | expr • '?' expr ':' '{' expr_list '}'
  113     | expr • '?' '{' expr_list '}' ':' expr
  114     | expr • '<' expr
  115     | expr • '>' expr
  116     | expr • opGE expr
  117     | expr • opLE expr
  118     | expr • opEQ expr
  119     | expr • opNE expr
  120     | expr • opOR expr
  121     | expr • opSHL expr
  122     | expr • opSHR expr
  123     | expr • opAND expr
  124     | expr • opSTREQ expr
  125     | expr • opSTRNE expr
  126     | expr • '@' expr
  140 slot_acc: expr • '.' IDENT
  141         | expr • '.' IDENT '[' aidx_expr ']'
  142 intslot_acc: expr • opINTNAME class_name_expr
  143            | expr • opINTNAMER class_name_expr
  175 funcall_expr: expr • '.' IDENT '(' func_arg_list_decl ')'
  217 slot_assign: TYPEIDENT IDENT '=' expr • ';'

    '+'         shift, and go to state 154
    '-'         shift, and go to state 155
    '*'         shift, and go to state 156
    '/'         shift, and go to state 157
    '<'         shift, and go to state 158
    '>'         shift, and go to state 159
    '.'         shift, and go to state 160
    '|'         shift, and go to state 161
    '&'         shift, and go to state 162
    '%'         shift, and go to state 163
    ';'         shift, and go to state 582
    '^'         shift, and go to state 164
    '@'         shift, and go to state 165
    opINTNAME   shift, and go to state 166
    opINTNAMER  shift, and go to state 167
    opSHL       shift, and go to state 168
    opSHR       shift, and go to state 169
    opEQ        shift, and go to state 170
    opNE        shift, and go to state 171
    opGE        shift, and go to state 172
    opLE        shift, and go to state 173
    opAND       shift, and go to state 174
    opOR        shift, and go to state 175
    opSTREQ     shift, and go to state 176
    opSTRNE     shift, and go to state 177
    '?'         shift, and go to state 178


State 573

  222 slot_assign: TYPEIDENT IDENT '[' aidx_expr • ']' '=' expr ';'
  224 aidx_expr: aidx_expr • ',' expr

    ','  shift, and go to state 320
    ']'  shift, and go to state 583


State 574

   68 case_block: rwCASE case_expr ':' statement_list rwDEFAULT ':' • statement_list

    $default  reduce using rule 10 (statement_list)

    statement_list  go to state 584


State 575

   47 object_decl: rwDECLARE class_name_expr '(' '[' object_name ']' parent_block object_args ')' '{' object_declare_block '}' •

    $default  reduce using rule 47 (object_decl)


State 576

   87 for_stmt: rwFOR '(' VAR rwIN rwRANGE expr opDOTDOT expr rwSTEP expr ')' stmt_block •

    $default  reduce using rule 87 (for_stmt)


State 577

   94 foreach_stmt: rwFOREACH '(' VAR rwIN rwRANGE expr opDOTDOT expr rwSTEP expr ')' stmt_block •

    $default  reduce using rule 94 (foreach_stmt)


State 578

  215 slot_assign: IDENT '=' '{' expr_list '}' • ';'

    ';'  shift, and go to state 585


State 579

  216 slot_assign: IDENT '=' '[' expr_list ']' • ';'

    ';'  shift, and go to state 586


State 580

  220 slot_assign: IDENT '[' aidx_expr ']' '=' • expr ';'
  221            | IDENT '[' aidx_expr ']' '=' • '{' expr_list '}' ';'

    rwDECLARE           shift, and go to state 5
    rwDECLARESINGLETON  shift, and go to state 6
    rwBREAK             shift, and go to state 85
    rwASSERT            shift, and go to state 20
    INTCONST            shift, and go to state 21
    TTAG                shift, and go to state 86
    VAR                 shift, and go to state 23
    IDENT               shift, and go to state 24
    STRATOM             shift, and go to state 26
    TAGATOM             shift, and go to state 27
    FLTCONST            shift, and go to state 28
    '-'                 shift, and go to state 29
    '*'                 shift, and go to state 30
    '('                 shift, and go to state 31
    '{'                 shift, and go to state 587
    '~'                 shift, and go to state 32
    '!'                 shift, and go to state 33
    rwPRINT             shift, and go to state 34
    rwPRINTF            shift, and go to state 35
    rwSPRINTF           shift, and go to state 36
    rwRANDOMF           shift, and go to state 37
    rwFLOOR             shift, and go to state 38
    rwCEIL              shift, and go to state 39
    rwFABS              shift, and go to state 40
    rwSIN               shift, and go to state 41
    rwCOS               shift, and go to state 42
    rwATAN              shift, and go to state 43
    rwTANH              shift, and go to state 44
    rwSQRT              shift, and go to state 45
    rwISZERO            shift, and go to state 46
    rwFMOD              shift, and go to state 47
    rwMIN               shift, and go to state 48
    rwMAX               shift, and go to state 49
    rwATAN2             shift, and go to state 50
    rwPOW               shift, and go to state 51
    rwCLAMP             shift, and go to state 52
    rwCLAMPF            shift, and go to state 53
    rwLERP              shift, and go to state 54
    rwSMOOTHSTEP        shift, and go to state 55
    rwFN                shift, and go to state 56

    object_decl          go to state 63
    expr                 go to state 588
    slot_acc             go to state 71
    intslot_acc          go to state 72
    stmt_expr            go to state 90
    funcall_expr         go to state 74
    assert_expr          go to state 75
    inline_command_expr  go to state 76


State 581

  209 expr_list: expr_list • ',' expr
  218 slot_assign: TYPEIDENT IDENT '=' '{' expr_list • '}' ';'

    ','  shift, and go to state 294
    '}'  shift, and go to state 589


State 582

  217 slot_assign: TYPEIDENT IDENT '=' expr ';' •

    $default  reduce using rule 217 (slot_assign)


State 583

  222 slot_assign: TYPEIDENT IDENT '[' aidx_expr ']' • '=' expr ';'

    '='  shift, and go to state 590


State 584

   11 statement_list: statement_list • stmt
   68 case_block: rwCASE case_expr ':' statement_list rwDEFAULT ':' statement_list •

    rwDECLARE           shift, and go to state 5
    rwDECLARESINGLETON  shift, and go to state 6
    rwBREAK             shift, and go to state 7
    rwCONTINUE          shift, and go to state 8
    rwIF                shift, and go to state 9
    rwRETURN            shift, and go to state 10
    rwWHILE             shift, and go to state 11
    rwDO                shift, and go to state 12
    rwFOR               shift, and go to state 13
    rwFOREACH           shift, and go to state 14
    rwFOREACHSTR        shift, and go to state 15
    rwDATABLOCK         shift, and go to state 16
    rwSWITCH            shift, and go to state 17
    rwSWITCHSTR         shift, and go to state 18
    rwASSERT            shift, and go to state 20
    INTCONST            shift, and go to state 21
    TTAG                shift, and go to state 22
    VAR                 shift, and go to state 23
    IDENT               shift, and go to state 24
    DOCBLOCK            shift, and go to state 25
    STRATOM             shift, and go to state 26
    TAGATOM             shift, and go to state 27
    FLTCONST            shift, and go to state 28
    '-'                 shift, and go to state 29
    '*'                 shift, and go to state 30
    '('                 shift, and go to state 31
    '~'                 shift, and go to state 32
    '!'                 shift, and go to state 33
    rwPRINT             shift, and go to state 34
    rwPRINTF            shift, and go to state 35
    rwSPRINTF           shift, and go to state 36
    rwRANDOMF           shift, and go to state 37
    rwFLOOR             shift, and go to state 38
    rwCEIL              shift, and go to state 39
    rwFABS              shift, and go to state 40
    rwSIN               shift, and go to state 41
    rwCOS               shift, and go to state 42
    rwATAN              shift, and go to state 43
    rwTANH              shift, and go to state 44
    rwSQRT              shift, and go to state 45
    rwISZERO            shift, and go to state 46
    rwFMOD              shift, and go to state 47
    rwMIN               shift, and go to state 48
    rwMAX               shift, and go to state 49
    rwATAN2             shift, and go to state 50
    rwPOW               shift, and go to state 51
    rwCLAMP             shift, and go to state 52
    rwCLAMPF            shift, and go to state 53
    rwLERP              shift, and go to state 54
    rwSMOOTHSTEP        shift, and go to state 55
    rwFN                shift, and go to state 56
    '['                 shift, and go to state 57

    $default  reduce using rule 68 (case_block)

    stmt                 go to state 298
    datablock_decl       go to state 62
    object_decl          go to state 63
    switch_stmt          go to state 64
    if_stmt              go to state 65
    while_stmt           go to state 66
    for_stmt             go to state 67
    foreach_stmt         go to state 68
    expression_stmt      go to state 69
    expr                 go to state 70
    slot_acc             go to state 71
    intslot_acc          go to state 72
    stmt_expr            go to state 73
    funcall_expr         go to state 74
    assert_expr          go to state 75
    inline_command_expr  go to state 76


State 585

  215 slot_assign: IDENT '=' '{' expr_list '}' ';' •

    $default  reduce using rule 215 (slot_assign)


State 586

  216 slot_assign: IDENT '=' '[' expr_list ']' ';' •

    $default  reduce using rule 216 (slot_assign)


State 587

  221 slot_assign: IDENT '[' aidx_expr ']' '=' '{' • expr_list '}' ';'

    rwDECLARE           shift, and go to state 5
    rwDECLARESINGLETON  shift, and go to state 6
    rwBREAK             shift, and go to state 85
    rwASSERT            shift, and go to state 20
    INTCONST            shift, and go to state 21
    TTAG                shift, and go to state 86
    VAR                 shift, and go to state 23
    IDENT               shift, and go to state 24
    STRATOM             shift, and go to state 26
    TAGATOM             shift, and go to state 27
    FLTCONST            shift, and go to state 28
    '-'                 shift, and go to state 29
    '*'                 shift, and go to state 30
    '('                 shift, and go to state 31
    '~'                 shift, and go to state 32
    '!'                 shift, and go to state 33
    rwPRINT             shift, and go to state 34
    rwPRINTF            shift, and go to state 35
    rwSPRINTF           shift, and go to state 36
    rwRANDOMF           shift, and go to state 37
    rwFLOOR             shift, and go to state 38
    rwCEIL              shift, and go to state 39
    rwFABS              shift, and go to state 40
    rwSIN               shift, and go to state 41
    rwCOS               shift, and go to state 42
    rwATAN              shift, and go to state 43
    rwTANH              shift, and go to state 44
    rwSQRT              shift, and go to state 45
    rwISZERO            shift, and go to state 46
    rwFMOD              shift, and go to state 47
    rwMIN               shift, and go to state 48
    rwMAX               shift, and go to state 49
    rwATAN2             shift, and go to state 50
    rwPOW               shift, and go to state 51
    rwCLAMP             shift, and go to state 52
    rwCLAMPF            shift, and go to state 53
    rwLERP              shift, and go to state 54
    rwSMOOTHSTEP        shift, and go to state 55
    rwFN                shift, and go to state 56

    object_decl          go to state 63
    expr                 go to state 187
    slot_acc             go to state 71
    intslot_acc          go to state 72
    stmt_expr            go to state 90
    funcall_expr         go to state 74
    assert_expr          go to state 75
    inline_command_expr  go to state 76
    expr_list            go to state 591


State 588

   99 expr: expr • '^' expr
  100     | expr • '%' expr
  101     | expr • '&' expr
  102     | expr • '|' expr
  103     | expr • '+' expr
  104     | expr • '-' expr
  105     | expr • '*' expr
  106     | expr • '/' expr
  110     | expr • '?' expr ':' expr
  111     | expr • '?' '{' expr_list '}' ':' '{' expr_list '}'
  112     | expr • '?' expr ':' '{' expr_list '}'
  113     | expr • '?' '{' expr_list '}' ':' expr
  114     | expr • '<' expr
  115     | expr • '>' expr
  116     | expr • opGE expr
  117     | expr • opLE expr
  118     | expr • opEQ expr
  119     | expr • opNE expr
  120     | expr • opOR expr
  121     | expr • opSHL expr
  122     | expr • opSHR expr
  123     | expr • opAND expr
  124     | expr • opSTREQ expr
  125     | expr • opSTRNE expr
  126     | expr • '@' expr
  140 slot_acc: expr • '.' IDENT
  141         | expr • '.' IDENT '[' aidx_expr ']'
  142 intslot_acc: expr • opINTNAME class_name_expr
  143            | expr • opINTNAMER class_name_expr
  175 funcall_expr: expr • '.' IDENT '(' func_arg_list_decl ')'
  220 slot_assign: IDENT '[' aidx_expr ']' '=' expr • ';'

    '+'         shift, and go to state 154
    '-'         shift, and go to state 155
    '*'         shift, and go to state 156
    '/'         shift, and go to state 157
    '<'         shift, and go to state 158
    '>'         shift, and go to state 159
    '.'         shift, and go to state 160
    '|'         shift, and go to state 161
    '&'         shift, and go to state 162
    '%'         shift, and go to state 163
    ';'         shift, and go to state 592
    '^'         shift, and go to state 164
    '@'         shift, and go to state 165
    opINTNAME   shift, and go to state 166
    opINTNAMER  shift, and go to state 167
    opSHL       shift, and go to state 168
    opSHR       shift, and go to state 169
    opEQ        shift, and go to state 170
    opNE        shift, and go to state 171
    opGE        shift, and go to state 172
    opLE        shift, and go to state 173
    opAND       shift, and go to state 174
    opOR        shift, and go to state 175
    opSTREQ     shift, and go to state 176
    opSTRNE     shift, and go to state 177
    '?'         shift, and go to state 178


State 589

  218 slot_assign: TYPEIDENT IDENT '=' '{' expr_list '}' • ';'

    ';'  shift, and go to state 593


State 590

  222 slot_assign: TYPEIDENT IDENT '[' aidx_expr ']' '=' • expr ';'

    rwDECLARE           shift, and go to state 5
    rwDECLARESINGLETON  shift, and go to state 6
    rwBREAK             shift, and go to state 85
    rwASSERT            shift, and go to state 20
    INTCONST            shift, and go to state 21
    TTAG                shift, and go to state 86
    VAR                 shift, and go to state 23
    IDENT               shift, and go to state 24
    STRATOM             shift, and go to state 26
    TAGATOM             shift, and go to state 27
    FLTCONST            shift, and go to state 28
    '-'                 shift, and go to state 29
    '*'                 shift, and go to state 30
    '('                 shift, and go to state 31
    '~'                 shift, and go to state 32
    '!'                 shift, and go to state 33
    rwPRINT             shift, and go to state 34
    rwPRINTF            shift, and go to state 35
    rwSPRINTF           shift, and go to state 36
    rwRANDOMF           shift, and go to state 37
    rwFLOOR             shift, and go to state 38
    rwCEIL              shift, and go to state 39
    rwFABS              shift, and go to state 40
    rwSIN               shift, and go to state 41
    rwCOS               shift, and go to state 42
    rwATAN              shift, and go to state 43
    rwTANH              shift, and go to state 44
    rwSQRT              shift, and go to state 45
    rwISZERO            shift, and go to state 46
    rwFMOD              shift, and go to state 47
    rwMIN               shift, and go to state 48
    rwMAX               shift, and go to state 49
    rwATAN2             shift, and go to state 50
    rwPOW               shift, and go to state 51
    rwCLAMP             shift, and go to state 52
    rwCLAMPF            shift, and go to state 53
    rwLERP              shift, and go to state 54
    rwSMOOTHSTEP        shift, and go to state 55
    rwFN                shift, and go to state 56

    object_decl          go to state 63
    expr                 go to state 594
    slot_acc             go to state 71
    intslot_acc          go to state 72
    stmt_expr            go to state 90
    funcall_expr         go to state 74
    assert_expr          go to state 75
    inline_command_expr  go to state 76


State 591

  209 expr_list: expr_list • ',' expr
  221 slot_assign: IDENT '[' aidx_expr ']' '=' '{' expr_list • '}' ';'

    ','  shift, and go to state 294
    '}'  shift, and go to state 595


State 592

  220 slot_assign: IDENT '[' aidx_expr ']' '=' expr ';' •

    $default  reduce using rule 220 (slot_assign)


State 593

  218 slot_assign: TYPEIDENT IDENT '=' '{' expr_list '}' ';' •

    $default  reduce using rule 218 (slot_assign)


State 594

   99 expr: expr • '^' expr
  100     | expr • '%' expr
  101     | expr • '&' expr
  102     | expr • '|' expr
  103     | expr • '+' expr
  104     | expr • '-' expr
  105     | expr • '*' expr
  106     | expr • '/' expr
  110     | expr • '?' expr ':' expr
  111     | expr • '?' '{' expr_list '}' ':' '{' expr_list '}'
  112     | expr • '?' expr ':' '{' expr_list '}'
  113     | expr • '?' '{' expr_list '}' ':' expr
  114     | expr • '<' expr
  115     | expr • '>' expr
  116     | expr • opGE expr
  117     | expr • opLE expr
  118     | expr • opEQ expr
  119     | expr • opNE expr
  120     | expr • opOR expr
  121     | expr • opSHL expr
  122     | expr • opSHR expr
  123     | expr • opAND expr
  124     | expr • opSTREQ expr
  125     | expr • opSTRNE expr
  126     | expr • '@' expr
  140 slot_acc: expr • '.' IDENT
  141         | expr • '.' IDENT '[' aidx_expr ']'
  142 intslot_acc: expr • opINTNAME class_name_expr
  143            | expr • opINTNAMER class_name_expr
  175 funcall_expr: expr • '.' IDENT '(' func_arg_list_decl ')'
  222 slot_assign: TYPEIDENT IDENT '[' aidx_expr ']' '=' expr • ';'

    '+'         shift, and go to state 154
    '-'         shift, and go to state 155
    '*'         shift, and go to state 156
    '/'         shift, and go to state 157
    '<'         shift, and go to state 158
    '>'         shift, and go to state 159
    '.'         shift, and go to state 160
    '|'         shift, and go to state 161
    '&'         shift, and go to state 162
    '%'         shift, and go to state 163
    ';'         shift, and go to state 596
    '^'         shift, and go to state 164
    '@'         shift, and go to state 165
    opINTNAME   shift, and go to state 166
    opINTNAMER  shift, and go to state 167
    opSHL       shift, and go to state 168
    opSHR       shift, and go to state 169
    opEQ        shift, and go to state 170
    opNE        shift, and go to state 171
    opGE        shift, and go to state 172
    opLE        shift, and go to state 173
    opAND       shift, and go to state 174
    opOR        shift, and go to state 175
    opSTREQ     shift, and go to state 176
    opSTRNE     shift, and go to state 177
    '?'         shift, and go to state 178


State 595

  221 slot_assign: IDENT '[' aidx_expr ']' '=' '{' expr_list '}' • ';'

    ';'  shift, and go to state 597


State 596

  222 slot_assign: TYPEIDENT IDENT '[' aidx_expr ']' '=' expr ';' •

    $default  reduce using rule 222 (slot_assign)


State 597

  221 slot_assign: IDENT '[' aidx_expr ']' '=' '{' expr_list '}' ';' •

    $default  reduce using rule 221 (slot_assign)
